[1785312315.899] 

========== OBJECT LIFECYCLE BOUNDARY TEST ==========
[1785312315.923] Multi-conn: connection 0 opened+gated (0x79b7)
[1785312315.924] Multi-conn: connection 1 opened+gated (0x5f07)
[1785312315.925] Multi-conn: connection 2 opened+gated (0x21e3)
[1785312315.927] Multi-conn: connection 3 opened+gated (0x780f)
[1785312315.928] Multi-conn: connection 4 opened+gated (0x6163)
[1785312315.929] Multi-conn: (suppressing per-connection logs for remaining...)
[1785312315.940] Multi-conn: connection 14 opened+gated (0x6d03)
[1785312315.941] Multi-conn: 15/15 connections established to same provider
[1785312315.941] Established 15 connections to same provider (separate per-userclient gates)
[1785312315.941] MapMemory: 0x0 mapped=YES addr=0x1007a8000 size=4096
[1785312315.941] 
====== Sub-phase A: Mapped Buffer Baseline Scan ======
[1785312315.941] Baseline copyEvent: 0x0 ((os/kern) successful)
[1785312315.941] Mapped region: 4096 bytes, eventSize=90 (0x5a)
[1785312315.941] Baseline scan: kernelAddrPatterns=0 (inEvent=0, outside=0) trailingEntropy=0.0000 trailingBytes=4002
[1785312315.941]   No kernel address patterns found at baseline.
[1785312315.941] ====== Sub-phase A Complete ======
[1785312315.942] Pre-stress baseline: entropy=0.1019 hash=0x1f9367770003ff49
[1785312315.942] Cross-client observation: mapped 14 auxiliary connection buffers
[1785312315.942] 
====== Sub-phase B: Lifecycle Desynchronization Stress ======
[1785312315.942]   Using 15 connections (separate per-userclient gates)
[1785312315.942]   Allocation conditioning: 4 close/reopen cycles across 15 connections (ClientObject zone)...
[1785312316.030]   Allocation conditioning complete (4 cycles x 15 conns = 60 ClientObject alloc/release pairs). closeErrors=0 openErrors=0
[1785312316.031]   Reader connections: conn[1..7] (7 readers), Churn: conn[8..14]
[1785312316.032]   *** PRIMARY BUFFER FINDING (race scan #1): 10 kernel pointer patterns detected ***
[1785312316.032]       [0] offset=0x60 value=0xffffffff000000d3 inArray=0
[1785312316.032]       [1] offset=0x61 value=0xffffffffff000000 inArray=0
[1785312316.032]       [2] offset=0x62 value=0xffffffffffff0000 inArray=0
[1785312316.034] *** UAF DETECTED — stopping all threads ***
[1785312316.034]   CROSS-CLIENT: aux conn[1] buffer changed (eventSize=56, kernPtrs=0) — possible data misdirection
[1785312316.034]   First cross-client misdelivery captured from conn[1], evtSize=56, len=192, leaks=0
[1785312316.035] *** UAF DETECTED — stopping all threads ***
[1785312316.035]   CROSS-CLIENT: aux conn[2] buffer changed (eventSize=90, kernPtrs=10) — possible data misdirection
[1785312316.035]     *** KERNEL POINTER PATTERNS IN CROSS-CLIENT BUFFER:
[1785312316.035]       [0] offset=0x60 value=0xffffffff000000d3
[1785312316.035]       [1] offset=0x61 value=0xffffffffff000000
[1785312316.035]       [2] offset=0x62 value=0xffffffffffff0000
[1785312316.035]       ... and 7 more
[1785312316.036] *** UAF DETECTED — stopping all threads ***
[1785312316.036]   CROSS-CLIENT: aux conn[3] buffer changed (eventSize=90, kernPtrs=10) — possible data misdirection
[1785312316.036]     *** KERNEL POINTER PATTERNS IN CROSS-CLIENT BUFFER:
[1785312316.036]       [0] offset=0x60 value=0xffffffff000000d3
[1785312316.036]       [1] offset=0x61 value=0xffffffffff000000
[1785312316.036]       [2] offset=0x62 value=0xffffffffffff0000
[1785312316.036]       ... and 7 more
[1785312316.036] *** UAF DETECTED — stopping all threads ***
[1785312316.037]   CROSS-CLIENT: aux conn[4] buffer changed (eventSize=90, kernPtrs=10) — possible data misdirection
[1785312316.037]     *** KERNEL POINTER PATTERNS IN CROSS-CLIENT BUFFER:
[1785312316.037]       [0] offset=0x60 value=0xffffffff000000d3
[1785312316.037]       [1] offset=0x61 value=0xffffffffff000000
[1785312316.037]       [2] offset=0x62 value=0xffffffffffff0000
[1785312316.037]       ... and 7 more
[1785312316.037]   Lifecycle cycle 0/2000
[1785312316.037] *** UAF DETECTED — stopping all threads ***
[1785312316.037]   CROSS-CLIENT: aux conn[5] buffer changed (eventSize=90, kernPtrs=10) — possible data misdirection
[1785312316.037]     *** KERNEL POINTER PATTERNS IN CROSS-CLIENT BUFFER:
[1785312316.037]       [0] offset=0x60 value=0xffffffff000000d3
[1785312316.037]       [1] offset=0x61 value=0xffffffffff000000
[1785312316.037]       [2] offset=0x62 value=0xffffffffffff0000
[1785312316.037]   Primary buffer scanner: 1 scans, 10 total leaks detected
[1785312316.038]       ... and 7 more
[1785312316.038] *** UAF DETECTED — stopping all threads ***
[1785312316.038]   CROSS-CLIENT: aux conn[6] buffer changed (eventSize=90, kernPtrs=10) — possible data misdirection
[1785312316.038]     *** KERNEL POINTER PATTERNS IN CROSS-CLIENT BUFFER:
[1785312316.038]       [0] offset=0x60 value=0xffffffff000000d3
[1785312316.038]       [1] offset=0x61 value=0xffffffffff000000
[1785312316.038]       [2] offset=0x62 value=0xffffffffffff0000
[1785312316.038]       ... and 7 more
[1785312316.039] *** UAF DETECTED — stopping all threads ***
[1785312316.039]   CROSS-CLIENT: aux conn[7] buffer changed (eventSize=90, kernPtrs=10) — possible data misdirection
[1785312316.039]     *** KERNEL POINTER PATTERNS IN CROSS-CLIENT BUFFER:
[1785312316.039]       [0] offset=0x60 value=0xffffffff000000d3
[1785312316.039]       [1] offset=0x61 value=0xffffffffff000000
[1785312316.039]       [2] offset=0x62 value=0xffffffffffff0000
[1785312316.039]       ... and 7 more
[1785312316.040] 
====== Post-UAF Kernel Address Probe ======
[1785312316.165]   No kernel addresses leaked in post-UAF copyEvent probe.
[1785312316.169] 
  Released 15/15 multi-conn client slots for termination race
[1785312316.170]   WARNING: No provider service port — termination race skipped
[1785312316.170] 
Stress results: reader=1129 lifecycle=1 churn=8 termRace=0 iterations
[1785312316.170] Primary buffer scans: 1 scans performed, 10 kernel pointer leaks detected
[1785312316.170]   Anomalies: unexpected_kr=0 sizeAnomaly=0 migErrors=0
[1785312316.170]   Lifecycle errors: close=0 open=0 (of 1 cycles)
[1785312316.170]   Churn errors: close=0 open=0 (of 8 cycles)
[1785312316.170]   Cross-client monitor: 7 buffer changes detected in 1 scans
[1785312316.170]   Termination race: 0 probes torn down, 0 opener cycles (batch pre-gating)
[1785312316.170]   TermRace errors: probeFails=0 teardownErrs=0 openerErrs=0
[1785312316.170]   Mapped buffer: 0 bytes changed during stress
[1785312316.170] 
  ** SIGNAL: Cross-client data misdirection detected. **
  Auxiliary connection buffers received event data they did not request.
  This indicates the provider wrote to a different client's buffer,
  consistent with ClientObject reference invalidation during the synchronization gap.
[1785312316.170] ====== Sub-phase B Complete ======
[1785312316.171] Post-stress sync conn[0]: close=0x0 ((os/kern) successful) open=0x0 ((os/kern) successful)
[1785312316.171] 
====== Sub-phase C: Post-Stress Structural Analysis ======
[1785312316.171] Pre/post snapshot diff: 0 bytes changed out of 64
[1785312316.171] Type field at +12: pre=0x00000000 post=0x00000000 unchanged
[1785312316.171] 
--- Aggressive Kernel Pointer Scan (Post-Stress) ---
[1785312316.171] *** FINDING: Found 10 potential kernel pointer patterns in mapped buffer ***
[1785312316.171]   [0] offset=0x60 value=0xffffffff000000d3 align=0 inArray=0 ctx=00 00 00 00 00 ff 03 00 00 00 00 00 22 00 00 00 d3 00 00 00 ff ff ff ff ff ff ff 7f 7f be 00 00 00 00 d5 01 00 00 3b fc ff ff 1d 01 ff ff 00 d0
[1785312316.171]   [1] offset=0x61 value=0xffffffffff000000 align=1 inArray=0 ctx=00 00 00 00 ff 03 00 00 00 00 00 22 00 00 00 d3 00 00 00 ff ff ff ff ff ff ff 7f 7f be 00 00 00 00 d5 01 00 00 3b fc ff ff 1d 01 ff ff 00 d0 23
[1785312316.171]   [2] offset=0x62 value=0xffffffffffff0000 align=2 inArray=0 ctx=00 00 00 ff 03 00 00 00 00 00 22 00 00 00 d3 00 00 00 ff ff ff ff ff ff ff 7f 7f be 00 00 00 00 d5 01 00 00 3b fc ff ff 1d 01 ff ff 00 d0 23 00
[1785312316.172]   [3] offset=0x59 value=0xffffff000000d300 align=3 inArray=0 ctx=00 00 00 00 00 00 ff 03 00 00 00 00 00 22 00 00 00 d3 00 00 00 ff ff ff ff ff ff ff 7f 7f be 00 00 00 00 d5 01 00 00 3b fc ff ff 1d 01 ff ff 00
[1785312316.172]   [4] offset=0x63 value=0xffffffffffffff00 align=3 inArray=0 ctx=00 00 ff 03 00 00 00 00 00 22 00 00 00 d3 00 00 00 ff ff ff ff ff ff ff 7f 7f be 00 00 00 00 d5 01 00 00 3b fc ff ff 1d 01 ff ff 00 d0 23 00 00
[1785312316.172]   [5] offset=0x60 value=0xffffffff000000d3 align=4 inArray=0 ctx=00 00 00 00 00 ff 03 00 00 00 00 00 22 00 00 00 d3 00 00 00 ff ff ff ff ff ff ff 7f 7f be 00 00 00 00 d5 01 00 00 3b fc ff ff 1d 01 ff ff 00 d0
[1785312316.172]   [6] offset=0x61 value=0xffffffffff000000 align=5 inArray=0 ctx=00 00 00 00 ff 03 00 00 00 00 00 22 00 00 00 d3 00 00 00 ff ff ff ff ff ff ff 7f 7f be 00 00 00 00 d5 01 00 00 3b fc ff ff 1d 01 ff ff 00 d0 23
[1785312316.172]   [7] offset=0x62 value=0xffffffffffff0000 align=6 inArray=0 ctx=00 00 00 ff 03 00 00 00 00 00 22 00 00 00 d3 00 00 00 ff ff ff ff ff ff ff 7f 7f be 00 00 00 00 d5 01 00 00 3b fc ff ff 1d 01 ff ff 00 d0 23 00
[1785312316.172]   [8] offset=0x59 value=0xffffff000000d300 align=7 inArray=0 ctx=00 00 00 00 00 00 ff 03 00 00 00 00 00 22 00 00 00 d3 00 00 00 ff ff ff ff ff ff ff 7f 7f be 00 00 00 00 d5 01 00 00 3b fc ff ff 1d 01 ff ff 00
[1785312316.172]   [9] offset=0x63 value=0xffffffffffffff00 align=7 inArray=0 ctx=00 00 ff 03 00 00 00 00 00 22 00 00 00 d3 00 00 00 ff ff ff ff ff ff ff 7f 7f be 00 00 00 00 d5 01 00 00 3b fc ff ff 1d 01 ff ff 00 d0 23 00 00
[1785312316.172] 
--- Post-stress copyEvent captures ---
[1785312316.172]   capture[0]: kr=0x0 size=56(ok) type=0x00(ok) kernPtrs=0 (buf=0 struct=0)
[1785312316.172]   capture[1]: kr=0x0 size=56(ok) type=0x00(ok) kernPtrs=0 (buf=0 struct=0)
[1785312316.172]   capture[2]: kr=0x0 size=56(ok) type=0x00(ok) kernPtrs=0 (buf=0 struct=0)
[1785312316.172] Post-stress capture summary: anomalies=0 newKernPtrs=0
[1785312316.172]   No structural anomalies detected.
[1785312316.172] ====== Sub-phase C Complete ======
[1785312316.172] 
====== Sub-phase D: Post-Lifecycle Buffer Fingerprint ======
[1785312316.172] Buffer fingerprint: preHash=0x1f9367770003ff49 postHash=0x000000cf0003ff24 CHANGED
[1785312316.172]   Post-stress first 32 bytes: 38 00 00 00 1c 00 00 00 00 00 00 00 00 00 00 00 00 00 00 00 00 00 00 00 00 00 00 00 01 00 00 00
[1785312316.172] 
--- Final Aggressive Kernel Pointer Scan ---
[1785312316.173] *** LIFECYCLE BOUNDARY ANOMALY: Mapped region contains 10 kernel address pattern(s) post-stress. ***
[1785312316.173]   [0] +0x60 = 0xffffffff000000d3 
[1785312316.173]   [1] +0x61 = 0xffffffffff000000 
[1785312316.173]   [2] +0x62 = 0xffffffffffff0000 
[1785312316.173]   [3] +0x59 = 0xffffff000000d300 
[1785312316.173]   [4] +0x63 = 0xffffffffffffff00 
[1785312316.173]   [5] +0x60 = 0xffffffff000000d3 
[1785312316.173]   [6] +0x61 = 0xffffffffff000000 
[1785312316.173]   [7] +0x62 = 0xffffffffffff0000 
[1785312316.173]   [8] +0x59 = 0xffffff000000d300 
[1785312316.173]   [9] +0x63 = 0xffffffffffffff00 
[1785312316.173] Entropy: pre=0.1019 post=0.0850 delta=-0.0169
[1785312316.173] 
--- Lifecycle Boundary Test Summary ---
[1785312316.173] Hash changed: YES
[1785312316.173] Kernel address patterns found: 10
[1785312316.173] Entropy delta: -0.0169
[1785312316.173] Cross-client events: 7/1 checks
[1785312316.173] Termination overlap: 0 probes, 0 opener cycles
[1785312316.173] PoC Confidence Score: 100/100
[1785312316.173] PoC Verdict: High confidence lifecycle boundary bug signal (cross-client data misdirection + overlapping termination activity).
[1785312316.174] PoC Witness: first misdirected aux buffer conn=1 eventSize=56 hex=38 00 00 00 1c 00 00 00 00 00 00 00 00 00 00 00 00 00 00 00 00 00 00 00 00 00 00 00 01 00 00 00 1c 00 00 00 01 00 00 00 00 00 00 00 00 00 00 00 00 ff 03 00 00 00 00 00 00 00 00 00 00 00 00 00
[1785312316.174] *** PoC Pointer Signal: conn=0 offset=0x3c value=0xffffffff000000d3 (d3 00 00 00 ff ff ff ff) ***
[1785312316.174] *** FINDING: Detected 10 kernel pointer exposures during live race scanning ***
[1785312316.174]   This indicates kernel addresses are observable in userspace-mapped buffers
[1785312316.174]   during lifecycle race conditions — a memory boundary inconsistency requiring hardening.
[1785312316.174] CONCLUSION: 10 kernel pointer patterns observed in mapped buffer post-stress.
[1785312316.174]   Combined with cross-client/termination signals, this strongly indicates
[1785312316.174]   observable kernel memory boundary inconsistency via lifecycle race conditions.
[1785312316.176] Proof artifact written: /private/var/mobile/Containers/Data/Application/D3EB6815-EFE0-48BB-B962-CDAD49E56B51/tmp/TestPOCProofs/lifecycle_poc_1785312316_174943_13968f90.json
[1785312316.176] Proof artifact path: /private/var/mobile/Containers/Data/Application/D3EB6815-EFE0-48BB-B962-CDAD49E56B51/tmp/TestPOCProofs/lifecycle_poc_1785312316_174943_13968f90.json
[1785312316.176] ====== Sub-phase D Complete ======
[1785312316.176] 
====== Sub-phase E1: Read-After-Close Memory Boundary Probe ======
[1785312316.176]   Strategy: Close conn → immediately scan mapped buffer for residual kernel-space patterns
[1785312316.177]     ZONE FREE-PATTERN at +0x40: 0x7fffffffffffffff
[1785312316.177]   [iter 0] close=0x0 kernPtrs=10 freePatterns=1 changed=0 bytes
[1785312316.177]     *** KERNEL PTR PATTERN: offset=0x60 value=0xffffffff000000d3 ***
[1785312316.177]     *** KERNEL PTR PATTERN: offset=0x61 value=0xffffffffff000000 ***
[1785312316.177]     *** KERNEL PTR PATTERN: offset=0x62 value=0xffffffffffff0000 ***
[1785312316.177]     *** KERNEL PTR PATTERN: offset=0x59 value=0xffffff000000d300 ***
[1785312316.177]     *** KERNEL PTR PATTERN: offset=0x63 value=0xffffffffffffff00 ***
[1785312316.177]     *** KERNEL PTR PATTERN: offset=0x60 value=0xffffffff000000d3 ***
[1785312316.177]     *** KERNEL PTR PATTERN: offset=0x61 value=0xffffffffff000000 ***
[1785312316.177]     *** KERNEL PTR PATTERN: offset=0x62 value=0xffffffffffff0000 ***
[1785312316.177]     *** KERNEL PTR PATTERN: offset=0x59 value=0xffffff000000d300 ***
[1785312316.177]     *** KERNEL PTR PATTERN: offset=0x63 value=0xffffffffffffff00 ***
[1785312316.179]     ZONE FREE-PATTERN at +0x40: 0x7fffffffffffffff
[1785312316.179]   [iter 1] close=0x0 kernPtrs=10 freePatterns=1 changed=0 bytes
[1785312316.179]     *** KERNEL PTR PATTERN: offset=0x60 value=0xffffffff000000d3 ***
[1785312316.179]     *** KERNEL PTR PATTERN: offset=0x61 value=0xffffffffff000000 ***
[1785312316.179]     *** KERNEL PTR PATTERN: offset=0x62 value=0xffffffffffff0000 ***
[1785312316.179]     *** KERNEL PTR PATTERN: offset=0x59 value=0xffffff000000d300 ***
[1785312316.179]     *** KERNEL PTR PATTERN: offset=0x63 value=0xffffffffffffff00 ***
[1785312316.179]     *** KERNEL PTR PATTERN: offset=0x60 value=0xffffffff000000d3 ***
[1785312316.179]     *** KERNEL PTR PATTERN: offset=0x61 value=0xffffffffff000000 ***
[1785312316.179]     *** KERNEL PTR PATTERN: offset=0x62 value=0xffffffffffff0000 ***
[1785312316.179]     *** KERNEL PTR PATTERN: offset=0x59 value=0xffffff000000d300 ***
[1785312316.179]     *** KERNEL PTR PATTERN: offset=0x63 value=0xffffffffffffff00 ***
[1785312316.181]     ZONE FREE-PATTERN at +0x40: 0x7fffffffffffffff
[1785312316.181]   [iter 2] close=0x0 kernPtrs=10 freePatterns=1 changed=0 bytes
[1785312316.181]     *** KERNEL PTR PATTERN: offset=0x60 value=0xffffffff000000d3 ***
[1785312316.181]     *** KERNEL PTR PATTERN: offset=0x61 value=0xffffffffff000000 ***
[1785312316.181]     *** KERNEL PTR PATTERN: offset=0x62 value=0xffffffffffff0000 ***
[1785312316.181]     *** KERNEL PTR PATTERN: offset=0x59 value=0xffffff000000d300 ***
[1785312316.181]     *** KERNEL PTR PATTERN: offset=0x63 value=0xffffffffffffff00 ***
[1785312316.181]     *** KERNEL PTR PATTERN: offset=0x60 value=0xffffffff000000d3 ***
[1785312316.181]     *** KERNEL PTR PATTERN: offset=0x61 value=0xffffffffff000000 ***
[1785312316.181]     *** KERNEL PTR PATTERN: offset=0x62 value=0xffffffffffff0000 ***
[1785312316.181]     *** KERNEL PTR PATTERN: offset=0x59 value=0xffffff000000d300 ***
[1785312316.181]     *** KERNEL PTR PATTERN: offset=0x63 value=0xffffffffffffff00 ***
[1785312316.183]     ZONE FREE-PATTERN at +0x40: 0x7fffffffffffffff
[1785312316.183]   [iter 3] close=0x0 kernPtrs=10 freePatterns=1 changed=0 bytes
[1785312316.183]     *** KERNEL PTR PATTERN: offset=0x60 value=0xffffffff000000d3 ***
[1785312316.183]     *** KERNEL PTR PATTERN: offset=0x61 value=0xffffffffff000000 ***
[1785312316.183]     *** KERNEL PTR PATTERN: offset=0x62 value=0xffffffffffff0000 ***
[1785312316.183]     *** KERNEL PTR PATTERN: offset=0x59 value=0xffffff000000d300 ***
[1785312316.183]     *** KERNEL PTR PATTERN: offset=0x63 value=0xffffffffffffff00 ***
[1785312316.183]     *** KERNEL PTR PATTERN: offset=0x60 value=0xffffffff000000d3 ***
[1785312316.183]     *** KERNEL PTR PATTERN: offset=0x61 value=0xffffffffff000000 ***
[1785312316.183]     *** KERNEL PTR PATTERN: offset=0x62 value=0xffffffffffff0000 ***
[1785312316.183]     *** KERNEL PTR PATTERN: offset=0x59 value=0xffffff000000d300 ***
[1785312316.183]     *** KERNEL PTR PATTERN: offset=0x63 value=0xffffffffffffff00 ***
[1785312316.185]     ZONE FREE-PATTERN at +0x40: 0x7fffffffffffffff
[1785312316.185]   [iter 4] close=0x0 kernPtrs=10 freePatterns=1 changed=0 bytes
[1785312316.185]     *** KERNEL PTR PATTERN: offset=0x60 value=0xffffffff000000d3 ***
[1785312316.185]     *** KERNEL PTR PATTERN: offset=0x61 value=0xffffffffff000000 ***
[1785312316.185]     *** KERNEL PTR PATTERN: offset=0x62 value=0xffffffffffff0000 ***
[1785312316.185]     *** KERNEL PTR PATTERN: offset=0x59 value=0xffffff000000d300 ***
[1785312316.185]     *** KERNEL PTR PATTERN: offset=0x63 value=0xffffffffffffff00 ***
[1785312316.185]     *** KERNEL PTR PATTERN: offset=0x60 value=0xffffffff000000d3 ***
[1785312316.185]     *** KERNEL PTR PATTERN: offset=0x61 value=0xffffffffff000000 ***
[1785312316.185]     *** KERNEL PTR PATTERN: offset=0x62 value=0xffffffffffff0000 ***
[1785312316.185]     *** KERNEL PTR PATTERN: offset=0x59 value=0xffffff000000d300 ***
[1785312316.185]     *** KERNEL PTR PATTERN: offset=0x63 value=0xffffffffffffff00 ***
[1785312316.186]     ZONE FREE-PATTERN at +0x40: 0x7fffffffffffffff
[1785312316.186]   [iter 5] close=0x0 kernPtrs=10 freePatterns=1 changed=0 bytes
[1785312316.186]     *** KERNEL PTR PATTERN: offset=0x60 value=0xffffffff000000d3 ***
[1785312316.186]     *** KERNEL PTR PATTERN: offset=0x61 value=0xffffffffff000000 ***
[1785312316.186]     *** KERNEL PTR PATTERN: offset=0x62 value=0xffffffffffff0000 ***
[1785312316.186]     *** KERNEL PTR PATTERN: offset=0x59 value=0xffffff000000d300 ***
[1785312316.186]     *** KERNEL PTR PATTERN: offset=0x63 value=0xffffffffffffff00 ***
[1785312316.186]     *** KERNEL PTR PATTERN: offset=0x60 value=0xffffffff000000d3 ***
[1785312316.187]     *** KERNEL PTR PATTERN: offset=0x61 value=0xffffffffff000000 ***
[1785312316.187]     *** KERNEL PTR PATTERN: offset=0x62 value=0xffffffffffff0000 ***
[1785312316.187]     *** KERNEL PTR PATTERN: offset=0x59 value=0xffffff000000d300 ***
[1785312316.187]     *** KERNEL PTR PATTERN: offset=0x63 value=0xffffffffffffff00 ***
[1785312316.188]     ZONE FREE-PATTERN at +0x40: 0x7fffffffffffffff
[1785312316.188]   [iter 6] close=0x0 kernPtrs=10 freePatterns=1 changed=0 bytes
[1785312316.189]     *** KERNEL PTR PATTERN: offset=0x60 value=0xffffffff000000d3 ***
[1785312316.189]     *** KERNEL PTR PATTERN: offset=0x61 value=0xffffffffff000000 ***
[1785312316.189]     *** KERNEL PTR PATTERN: offset=0x62 value=0xffffffffffff0000 ***
[1785312316.189]     *** KERNEL PTR PATTERN: offset=0x59 value=0xffffff000000d300 ***
[1785312316.189]     *** KERNEL PTR PATTERN: offset=0x63 value=0xffffffffffffff00 ***
[1785312316.189]     *** KERNEL PTR PATTERN: offset=0x60 value=0xffffffff000000d3 ***
[1785312316.189]     *** KERNEL PTR PATTERN: offset=0x61 value=0xffffffffff000000 ***
[1785312316.189]     *** KERNEL PTR PATTERN: offset=0x62 value=0xffffffffffff0000 ***
[1785312316.189]     *** KERNEL PTR PATTERN: offset=0x59 value=0xffffff000000d300 ***
[1785312316.189]     *** KERNEL PTR PATTERN: offset=0x63 value=0xffffffffffffff00 ***
[1785312316.190]     ZONE FREE-PATTERN at +0x40: 0x7fffffffffffffff
[1785312316.190]   [iter 7] close=0x0 kernPtrs=10 freePatterns=1 changed=0 bytes
[1785312316.190]     *** KERNEL PTR PATTERN: offset=0x60 value=0xffffffff000000d3 ***
[1785312316.190]     *** KERNEL PTR PATTERN: offset=0x61 value=0xffffffffff000000 ***
[1785312316.190]     *** KERNEL PTR PATTERN: offset=0x62 value=0xffffffffffff0000 ***
[1785312316.190]     *** KERNEL PTR PATTERN: offset=0x59 value=0xffffff000000d300 ***
[1785312316.190]     *** KERNEL PTR PATTERN: offset=0x63 value=0xffffffffffffff00 ***
[1785312316.190]     *** KERNEL PTR PATTERN: offset=0x60 value=0xffffffff000000d3 ***
[1785312316.190]     *** KERNEL PTR PATTERN: offset=0x61 value=0xffffffffff000000 ***
[1785312316.191]     *** KERNEL PTR PATTERN: offset=0x62 value=0xffffffffffff0000 ***
[1785312316.191]     *** KERNEL PTR PATTERN: offset=0x59 value=0xffffff000000d300 ***
[1785312316.191]     *** KERNEL PTR PATTERN: offset=0x63 value=0xffffffffffffff00 ***
[1785312316.192]     ZONE FREE-PATTERN at +0x40: 0x7fffffffffffffff
[1785312316.192]   [iter 8] close=0x0 kernPtrs=10 freePatterns=1 changed=0 bytes
[1785312316.192]     *** KERNEL PTR PATTERN: offset=0x60 value=0xffffffff000000d3 ***
[1785312316.192]     *** KERNEL PTR PATTERN: offset=0x61 value=0xffffffffff000000 ***
[1785312316.192]     *** KERNEL PTR PATTERN: offset=0x62 value=0xffffffffffff0000 ***
[1785312316.192]     *** KERNEL PTR PATTERN: offset=0x59 value=0xffffff000000d300 ***
[1785312316.192]     *** KERNEL PTR PATTERN: offset=0x63 value=0xffffffffffffff00 ***
[1785312316.192]     *** KERNEL PTR PATTERN: offset=0x60 value=0xffffffff000000d3 ***
[1785312316.192]     *** KERNEL PTR PATTERN: offset=0x61 value=0xffffffffff000000 ***
[1785312316.192]     *** KERNEL PTR PATTERN: offset=0x62 value=0xffffffffffff0000 ***
[1785312316.192]     *** KERNEL PTR PATTERN: offset=0x59 value=0xffffff000000d300 ***
[1785312316.192]     *** KERNEL PTR PATTERN: offset=0x63 value=0xffffffffffffff00 ***
[1785312316.194]     ZONE FREE-PATTERN at +0x40: 0x7fffffffffffffff
[1785312316.194]   [iter 9] close=0x0 kernPtrs=10 freePatterns=1 changed=0 bytes
[1785312316.194]     *** KERNEL PTR PATTERN: offset=0x60 value=0xffffffff000000d3 ***
[1785312316.194]     *** KERNEL PTR PATTERN: offset=0x61 value=0xffffffffff000000 ***
[1785312316.194]     *** KERNEL PTR PATTERN: offset=0x62 value=0xffffffffffff0000 ***
[1785312316.194]     *** KERNEL PTR PATTERN: offset=0x59 value=0xffffff000000d300 ***
[1785312316.194]     *** KERNEL PTR PATTERN: offset=0x63 value=0xffffffffffffff00 ***
[1785312316.194]     *** KERNEL PTR PATTERN: offset=0x60 value=0xffffffff000000d3 ***
[1785312316.194]     *** KERNEL PTR PATTERN: offset=0x61 value=0xffffffffff000000 ***
[1785312316.194]     *** KERNEL PTR PATTERN: offset=0x62 value=0xffffffffffff0000 ***
[1785312316.194]     *** KERNEL PTR PATTERN: offset=0x59 value=0xffffff000000d300 ***
[1785312316.194]     *** KERNEL PTR PATTERN: offset=0x63 value=0xffffffffffffff00 ***
[1785312316.195]     ZONE FREE-PATTERN at +0x40: 0x7fffffffffffffff
[1785312316.195]   [iter 10] close=0x0 kernPtrs=10 freePatterns=1 changed=0 bytes
[1785312316.195]     *** KERNEL PTR PATTERN: offset=0x60 value=0xffffffff000000d3 ***
[1785312316.195]     *** KERNEL PTR PATTERN: offset=0x61 value=0xffffffffff000000 ***
[1785312316.195]     *** KERNEL PTR PATTERN: offset=0x62 value=0xffffffffffff0000 ***
[1785312316.195]     *** KERNEL PTR PATTERN: offset=0x59 value=0xffffff000000d300 ***
[1785312316.196]     *** KERNEL PTR PATTERN: offset=0x63 value=0xffffffffffffff00 ***
[1785312316.196]     *** KERNEL PTR PATTERN: offset=0x60 value=0xffffffff000000d3 ***
[1785312316.196]     *** KERNEL PTR PATTERN: offset=0x61 value=0xffffffffff000000 ***
[1785312316.196]     *** KERNEL PTR PATTERN: offset=0x62 value=0xffffffffffff0000 ***
[1785312316.196]     *** KERNEL PTR PATTERN: offset=0x59 value=0xffffff000000d300 ***
[1785312316.196]     *** KERNEL PTR PATTERN: offset=0x63 value=0xffffffffffffff00 ***
[1785312316.197]     ZONE FREE-PATTERN at +0x40: 0x7fffffffffffffff
[1785312316.197]   [iter 11] close=0x0 kernPtrs=10 freePatterns=1 changed=0 bytes
[1785312316.197]     *** KERNEL PTR PATTERN: offset=0x60 value=0xffffffff000000d3 ***
[1785312316.197]     *** KERNEL PTR PATTERN: offset=0x61 value=0xffffffffff000000 ***
[1785312316.197]     *** KERNEL PTR PATTERN: offset=0x62 value=0xffffffffffff0000 ***
[1785312316.198]     *** KERNEL PTR PATTERN: offset=0x59 value=0xffffff000000d300 ***
[1785312316.198]     *** KERNEL PTR PATTERN: offset=0x63 value=0xffffffffffffff00 ***
[1785312316.198]     *** KERNEL PTR PATTERN: offset=0x60 value=0xffffffff000000d3 ***
[1785312316.198]     *** KERNEL PTR PATTERN: offset=0x61 value=0xffffffffff000000 ***
[1785312316.198]     *** KERNEL PTR PATTERN: offset=0x62 value=0xffffffffffff0000 ***
[1785312316.198]     *** KERNEL PTR PATTERN: offset=0x59 value=0xffffff000000d300 ***
[1785312316.198]     *** KERNEL PTR PATTERN: offset=0x63 value=0xffffffffffffff00 ***
[1785312316.199]     ZONE FREE-PATTERN at +0x40: 0x7fffffffffffffff
[1785312316.199]   [iter 12] close=0x0 kernPtrs=10 freePatterns=1 changed=0 bytes
[1785312316.199]     *** KERNEL PTR PATTERN: offset=0x60 value=0xffffffff000000d3 ***
[1785312316.199]     *** KERNEL PTR PATTERN: offset=0x61 value=0xffffffffff000000 ***
[1785312316.199]     *** KERNEL PTR PATTERN: offset=0x62 value=0xffffffffffff0000 ***
[1785312316.199]     *** KERNEL PTR PATTERN: offset=0x59 value=0xffffff000000d300 ***
[1785312316.199]     *** KERNEL PTR PATTERN: offset=0x63 value=0xffffffffffffff00 ***
[1785312316.200]     *** KERNEL PTR PATTERN: offset=0x60 value=0xffffffff000000d3 ***
[1785312316.200]     *** KERNEL PTR PATTERN: offset=0x61 value=0xffffffffff000000 ***
[1785312316.200]     *** KERNEL PTR PATTERN: offset=0x62 value=0xffffffffffff0000 ***
[1785312316.200]     *** KERNEL PTR PATTERN: offset=0x59 value=0xffffff000000d300 ***
[1785312316.200]     *** KERNEL PTR PATTERN: offset=0x63 value=0xffffffffffffff00 ***
[1785312316.201]     ZONE FREE-PATTERN at +0x40: 0x7fffffffffffffff
[1785312316.201]   [iter 13] close=0x0 kernPtrs=10 freePatterns=1 changed=0 bytes
[1785312316.201]     *** KERNEL PTR PATTERN: offset=0x60 value=0xffffffff000000d3 ***
[1785312316.201]     *** KERNEL PTR PATTERN: offset=0x61 value=0xffffffffff000000 ***
[1785312316.201]     *** KERNEL PTR PATTERN: offset=0x62 value=0xffffffffffff0000 ***
[1785312316.201]     *** KERNEL PTR PATTERN: offset=0x59 value=0xffffff000000d300 ***
[1785312316.201]     *** KERNEL PTR PATTERN: offset=0x63 value=0xffffffffffffff00 ***
[1785312316.201]     *** KERNEL PTR PATTERN: offset=0x60 value=0xffffffff000000d3 ***
[1785312316.201]     *** KERNEL PTR PATTERN: offset=0x61 value=0xffffffffff000000 ***
[1785312316.201]     *** KERNEL PTR PATTERN: offset=0x62 value=0xffffffffffff0000 ***
[1785312316.202]     *** KERNEL PTR PATTERN: offset=0x59 value=0xffffff000000d300 ***
[1785312316.202]     *** KERNEL PTR PATTERN: offset=0x63 value=0xffffffffffffff00 ***
[1785312316.203]     ZONE FREE-PATTERN at +0x40: 0x7fffffffffffffff
[1785312316.203]   [iter 14] close=0x0 kernPtrs=10 freePatterns=1 changed=0 bytes
[1785312316.203]     *** KERNEL PTR PATTERN: offset=0x60 value=0xffffffff000000d3 ***
[1785312316.203]     *** KERNEL PTR PATTERN: offset=0x61 value=0xffffffffff000000 ***
[1785312316.203]     *** KERNEL PTR PATTERN: offset=0x62 value=0xffffffffffff0000 ***
[1785312316.203]     *** KERNEL PTR PATTERN: offset=0x59 value=0xffffff000000d300 ***
[1785312316.203]     *** KERNEL PTR PATTERN: offset=0x63 value=0xffffffffffffff00 ***
[1785312316.203]     *** KERNEL PTR PATTERN: offset=0x60 value=0xffffffff000000d3 ***
[1785312316.203]     *** KERNEL PTR PATTERN: offset=0x61 value=0xffffffffff000000 ***
[1785312316.203]     *** KERNEL PTR PATTERN: offset=0x62 value=0xffffffffffff0000 ***
[1785312316.204]     *** KERNEL PTR PATTERN: offset=0x59 value=0xffffff000000d300 ***
[1785312316.204]     *** KERNEL PTR PATTERN: offset=0x63 value=0xffffffffffffff00 ***
[1785312316.205]     ZONE FREE-PATTERN at +0x40: 0x7fffffffffffffff
[1785312316.205]   [iter 15] close=0x0 kernPtrs=10 freePatterns=1 changed=0 bytes
[1785312316.205]     *** KERNEL PTR PATTERN: offset=0x60 value=0xffffffff000000d3 ***
[1785312316.205]     *** KERNEL PTR PATTERN: offset=0x61 value=0xffffffffff000000 ***
[1785312316.205]     *** KERNEL PTR PATTERN: offset=0x62 value=0xffffffffffff0000 ***
[1785312316.205]     *** KERNEL PTR PATTERN: offset=0x59 value=0xffffff000000d300 ***
[1785312316.205]     *** KERNEL PTR PATTERN: offset=0x63 value=0xffffffffffffff00 ***
[1785312316.205]     *** KERNEL PTR PATTERN: offset=0x60 value=0xffffffff000000d3 ***
[1785312316.205]     *** KERNEL PTR PATTERN: offset=0x61 value=0xffffffffff000000 ***
[1785312316.205]     *** KERNEL PTR PATTERN: offset=0x62 value=0xffffffffffff0000 ***
[1785312316.205]     *** KERNEL PTR PATTERN: offset=0x59 value=0xffffff000000d300 ***
[1785312316.205]     *** KERNEL PTR PATTERN: offset=0x63 value=0xffffffffffffff00 ***
[1785312316.207]     ZONE FREE-PATTERN at +0x40: 0x7fffffffffffffff
[1785312316.207]   [iter 16] close=0x0 kernPtrs=10 freePatterns=1 changed=0 bytes
[1785312316.207]     *** KERNEL PTR PATTERN: offset=0x60 value=0xffffffff000000d3 ***
[1785312316.207]     *** KERNEL PTR PATTERN: offset=0x61 value=0xffffffffff000000 ***
[1785312316.207]     *** KERNEL PTR PATTERN: offset=0x62 value=0xffffffffffff0000 ***
[1785312316.207]     *** KERNEL PTR PATTERN: offset=0x59 value=0xffffff000000d300 ***
[1785312316.207]     *** KERNEL PTR PATTERN: offset=0x63 value=0xffffffffffffff00 ***
[1785312316.207]     *** KERNEL PTR PATTERN: offset=0x60 value=0xffffffff000000d3 ***
[1785312316.207]     *** KERNEL PTR PATTERN: offset=0x61 value=0xffffffffff000000 ***
[1785312316.207]     *** KERNEL PTR PATTERN: offset=0x62 value=0xffffffffffff0000 ***
[1785312316.207]     *** KERNEL PTR PATTERN: offset=0x59 value=0xffffff000000d300 ***
[1785312316.207]     *** KERNEL PTR PATTERN: offset=0x63 value=0xffffffffffffff00 ***
[1785312316.209]     ZONE FREE-PATTERN at +0x40: 0x7fffffffffffffff
[1785312316.209]   [iter 17] close=0x0 kernPtrs=10 freePatterns=1 changed=0 bytes
[1785312316.209]     *** KERNEL PTR PATTERN: offset=0x60 value=0xffffffff000000d3 ***
[1785312316.209]     *** KERNEL PTR PATTERN: offset=0x61 value=0xffffffffff000000 ***
[1785312316.209]     *** KERNEL PTR PATTERN: offset=0x62 value=0xffffffffffff0000 ***
[1785312316.209]     *** KERNEL PTR PATTERN: offset=0x59 value=0xffffff000000d300 ***
[1785312316.209]     *** KERNEL PTR PATTERN: offset=0x63 value=0xffffffffffffff00 ***
[1785312316.209]     *** KERNEL PTR PATTERN: offset=0x60 value=0xffffffff000000d3 ***
[1785312316.209]     *** KERNEL PTR PATTERN: offset=0x61 value=0xffffffffff000000 ***
[1785312316.209]     *** KERNEL PTR PATTERN: offset=0x62 value=0xffffffffffff0000 ***
[1785312316.210]     *** KERNEL PTR PATTERN: offset=0x59 value=0xffffff000000d300 ***
[1785312316.210]     *** KERNEL PTR PATTERN: offset=0x63 value=0xffffffffffffff00 ***
[1785312316.211]     ZONE FREE-PATTERN at +0x40: 0x7fffffffffffffff
[1785312316.211]   [iter 18] close=0x0 kernPtrs=10 freePatterns=1 changed=0 bytes
[1785312316.211]     *** KERNEL PTR PATTERN: offset=0x60 value=0xffffffff000000d3 ***
[1785312316.211]     *** KERNEL PTR PATTERN: offset=0x61 value=0xffffffffff000000 ***
[1785312316.211]     *** KERNEL PTR PATTERN: offset=0x62 value=0xffffffffffff0000 ***
[1785312316.211]     *** KERNEL PTR PATTERN: offset=0x59 value=0xffffff000000d300 ***
[1785312316.211]     *** KERNEL PTR PATTERN: offset=0x63 value=0xffffffffffffff00 ***
[1785312316.211]     *** KERNEL PTR PATTERN: offset=0x60 value=0xffffffff000000d3 ***
[1785312316.211]     *** KERNEL PTR PATTERN: offset=0x61 value=0xffffffffff000000 ***
[1785312316.211]     *** KERNEL PTR PATTERN: offset=0x62 value=0xffffffffffff0000 ***
[1785312316.211]     *** KERNEL PTR PATTERN: offset=0x59 value=0xffffff000000d300 ***
[1785312316.211]     *** KERNEL PTR PATTERN: offset=0x63 value=0xffffffffffffff00 ***
[1785312316.212]     ZONE FREE-PATTERN at +0x40: 0x7fffffffffffffff
[1785312316.213]   [iter 19] close=0x0 kernPtrs=10 freePatterns=1 changed=0 bytes
[1785312316.213]     *** KERNEL PTR PATTERN: offset=0x60 value=0xffffffff000000d3 ***
[1785312316.213]     *** KERNEL PTR PATTERN: offset=0x61 value=0xffffffffff000000 ***
[1785312316.213]     *** KERNEL PTR PATTERN: offset=0x62 value=0xffffffffffff0000 ***
[1785312316.213]     *** KERNEL PTR PATTERN: offset=0x59 value=0xffffff000000d300 ***
[1785312316.213]     *** KERNEL PTR PATTERN: offset=0x63 value=0xffffffffffffff00 ***
[1785312316.213]     *** KERNEL PTR PATTERN: offset=0x60 value=0xffffffff000000d3 ***
[1785312316.213]     *** KERNEL PTR PATTERN: offset=0x61 value=0xffffffffff000000 ***
[1785312316.213]     *** KERNEL PTR PATTERN: offset=0x62 value=0xffffffffffff0000 ***
[1785312316.213]     *** KERNEL PTR PATTERN: offset=0x59 value=0xffffff000000d300 ***
[1785312316.213]     *** KERNEL PTR PATTERN: offset=0x63 value=0xffffffffffffff00 ***
[1785312316.214]     ZONE FREE-PATTERN at +0x40: 0x7fffffffffffffff
[1785312316.214]   [iter 20] close=0x0 kernPtrs=10 freePatterns=1 changed=0 bytes
[1785312316.215]     *** KERNEL PTR PATTERN: offset=0x60 value=0xffffffff000000d3 ***
[1785312316.215]     *** KERNEL PTR PATTERN: offset=0x61 value=0xffffffffff000000 ***
[1785312316.215]     *** KERNEL PTR PATTERN: offset=0x62 value=0xffffffffffff0000 ***
[1785312316.215]     *** KERNEL PTR PATTERN: offset=0x59 value=0xffffff000000d300 ***
[1785312316.215]     *** KERNEL PTR PATTERN: offset=0x63 value=0xffffffffffffff00 ***
[1785312316.215]     *** KERNEL PTR PATTERN: offset=0x60 value=0xffffffff000000d3 ***
[1785312316.215]     *** KERNEL PTR PATTERN: offset=0x61 value=0xffffffffff000000 ***
[1785312316.215]     *** KERNEL PTR PATTERN: offset=0x62 value=0xffffffffffff0000 ***
[1785312316.215]     *** KERNEL PTR PATTERN: offset=0x59 value=0xffffff000000d300 ***
[1785312316.215]     *** KERNEL PTR PATTERN: offset=0x63 value=0xffffffffffffff00 ***
[1785312316.216]     ZONE FREE-PATTERN at +0x40: 0x7fffffffffffffff
[1785312316.216]   [iter 21] close=0x0 kernPtrs=10 freePatterns=1 changed=0 bytes
[1785312316.216]     *** KERNEL PTR PATTERN: offset=0x60 value=0xffffffff000000d3 ***
[1785312316.216]     *** KERNEL PTR PATTERN: offset=0x61 value=0xffffffffff000000 ***
[1785312316.216]     *** KERNEL PTR PATTERN: offset=0x62 value=0xffffffffffff0000 ***
[1785312316.216]     *** KERNEL PTR PATTERN: offset=0x59 value=0xffffff000000d300 ***
[1785312316.216]     *** KERNEL PTR PATTERN: offset=0x63 value=0xffffffffffffff00 ***
[1785312316.216]     *** KERNEL PTR PATTERN: offset=0x60 value=0xffffffff000000d3 ***
[1785312316.217]     *** KERNEL PTR PATTERN: offset=0x61 value=0xffffffffff000000 ***
[1785312316.217]     *** KERNEL PTR PATTERN: offset=0x62 value=0xffffffffffff0000 ***
[1785312316.217]     *** KERNEL PTR PATTERN: offset=0x59 value=0xffffff000000d300 ***
[1785312316.217]     *** KERNEL PTR PATTERN: offset=0x63 value=0xffffffffffffff00 ***
[1785312316.218]     ZONE FREE-PATTERN at +0x40: 0x7fffffffffffffff
[1785312316.218]   [iter 22] close=0x0 kernPtrs=10 freePatterns=1 changed=0 bytes
[1785312316.218]     *** KERNEL PTR PATTERN: offset=0x60 value=0xffffffff000000d3 ***
[1785312316.218]     *** KERNEL PTR PATTERN: offset=0x61 value=0xffffffffff000000 ***
[1785312316.219]     *** KERNEL PTR PATTERN: offset=0x62 value=0xffffffffffff0000 ***
[1785312316.219]     *** KERNEL PTR PATTERN: offset=0x59 value=0xffffff000000d300 ***
[1785312316.219]     *** KERNEL PTR PATTERN: offset=0x63 value=0xffffffffffffff00 ***
[1785312316.219]     *** KERNEL PTR PATTERN: offset=0x60 value=0xffffffff000000d3 ***
[1785312316.219]     *** KERNEL PTR PATTERN: offset=0x61 value=0xffffffffff000000 ***
[1785312316.219]     *** KERNEL PTR PATTERN: offset=0x62 value=0xffffffffffff0000 ***
[1785312316.219]     *** KERNEL PTR PATTERN: offset=0x59 value=0xffffff000000d300 ***
[1785312316.219]     *** KERNEL PTR PATTERN: offset=0x63 value=0xffffffffffffff00 ***
[1785312316.220]     ZONE FREE-PATTERN at +0x40: 0x7fffffffffffffff
[1785312316.220]   [iter 23] close=0x0 kernPtrs=10 freePatterns=1 changed=0 bytes
[1785312316.220]     *** KERNEL PTR PATTERN: offset=0x60 value=0xffffffff000000d3 ***
[1785312316.220]     *** KERNEL PTR PATTERN: offset=0x61 value=0xffffffffff000000 ***
[1785312316.220]     *** KERNEL PTR PATTERN: offset=0x62 value=0xffffffffffff0000 ***
[1785312316.220]     *** KERNEL PTR PATTERN: offset=0x59 value=0xffffff000000d300 ***
[1785312316.220]     *** KERNEL PTR PATTERN: offset=0x63 value=0xffffffffffffff00 ***
[1785312316.220]     *** KERNEL PTR PATTERN: offset=0x60 value=0xffffffff000000d3 ***
[1785312316.220]     *** KERNEL PTR PATTERN: offset=0x61 value=0xffffffffff000000 ***
[1785312316.220]     *** KERNEL PTR PATTERN: offset=0x62 value=0xffffffffffff0000 ***
[1785312316.220]     *** KERNEL PTR PATTERN: offset=0x59 value=0xffffff000000d300 ***
[1785312316.221]     *** KERNEL PTR PATTERN: offset=0x63 value=0xffffffffffffff00 ***
[1785312316.222]     ZONE FREE-PATTERN at +0x40: 0x7fffffffffffffff
[1785312316.222]   [iter 24] close=0x0 kernPtrs=10 freePatterns=1 changed=0 bytes
[1785312316.222]     *** KERNEL PTR PATTERN: offset=0x60 value=0xffffffff000000d3 ***
[1785312316.222]     *** KERNEL PTR PATTERN: offset=0x61 value=0xffffffffff000000 ***
[1785312316.222]     *** KERNEL PTR PATTERN: offset=0x62 value=0xffffffffffff0000 ***
[1785312316.222]     *** KERNEL PTR PATTERN: offset=0x59 value=0xffffff000000d300 ***
[1785312316.222]     *** KERNEL PTR PATTERN: offset=0x63 value=0xffffffffffffff00 ***
[1785312316.222]     *** KERNEL PTR PATTERN: offset=0x60 value=0xffffffff000000d3 ***
[1785312316.222]     *** KERNEL PTR PATTERN: offset=0x61 value=0xffffffffff000000 ***
[1785312316.222]     *** KERNEL PTR PATTERN: offset=0x62 value=0xffffffffffff0000 ***
[1785312316.222]     *** KERNEL PTR PATTERN: offset=0x59 value=0xffffff000000d300 ***
[1785312316.222]     *** KERNEL PTR PATTERN: offset=0x63 value=0xffffffffffffff00 ***
[1785312316.224]     ZONE FREE-PATTERN at +0x40: 0x7fffffffffffffff
[1785312316.224]   [iter 25] close=0x0 kernPtrs=10 freePatterns=1 changed=0 bytes
[1785312316.224]     *** KERNEL PTR PATTERN: offset=0x60 value=0xffffffff000000d3 ***
[1785312316.224]     *** KERNEL PTR PATTERN: offset=0x61 value=0xffffffffff000000 ***
[1785312316.224]     *** KERNEL PTR PATTERN: offset=0x62 value=0xffffffffffff0000 ***
[1785312316.224]     *** KERNEL PTR PATTERN: offset=0x59 value=0xffffff000000d300 ***
[1785312316.224]     *** KERNEL PTR PATTERN: offset=0x63 value=0xffffffffffffff00 ***
[1785312316.224]     *** KERNEL PTR PATTERN: offset=0x60 value=0xffffffff000000d3 ***
[1785312316.224]     *** KERNEL PTR PATTERN: offset=0x61 value=0xffffffffff000000 ***
[1785312316.224]     *** KERNEL PTR PATTERN: offset=0x62 value=0xffffffffffff0000 ***
[1785312316.224]     *** KERNEL PTR PATTERN: offset=0x59 value=0xffffff000000d300 ***
[1785312316.224]     *** KERNEL PTR PATTERN: offset=0x63 value=0xffffffffffffff00 ***
[1785312316.225]     ZONE FREE-PATTERN at +0x40: 0x7fffffffffffffff
[1785312316.225]   [iter 26] close=0x0 kernPtrs=10 freePatterns=1 changed=0 bytes
[1785312316.225]     *** KERNEL PTR PATTERN: offset=0x60 value=0xffffffff000000d3 ***
[1785312316.225]     *** KERNEL PTR PATTERN: offset=0x61 value=0xffffffffff000000 ***
[1785312316.225]     *** KERNEL PTR PATTERN: offset=0x62 value=0xffffffffffff0000 ***
[1785312316.225]     *** KERNEL PTR PATTERN: offset=0x59 value=0xffffff000000d300 ***
[1785312316.225]     *** KERNEL PTR PATTERN: offset=0x63 value=0xffffffffffffff00 ***
[1785312316.226]     *** KERNEL PTR PATTERN: offset=0x60 value=0xffffffff000000d3 ***
[1785312316.226]     *** KERNEL PTR PATTERN: offset=0x61 value=0xffffffffff000000 ***
[1785312316.226]     *** KERNEL PTR PATTERN: offset=0x62 value=0xffffffffffff0000 ***
[1785312316.226]     *** KERNEL PTR PATTERN: offset=0x59 value=0xffffff000000d300 ***
[1785312316.226]     *** KERNEL PTR PATTERN: offset=0x63 value=0xffffffffffffff00 ***
[1785312316.227]     ZONE FREE-PATTERN at +0x40: 0x7fffffffffffffff
[1785312316.227]   [iter 27] close=0x0 kernPtrs=10 freePatterns=1 changed=0 bytes
[1785312316.227]     *** KERNEL PTR PATTERN: offset=0x60 value=0xffffffff000000d3 ***
[1785312316.227]     *** KERNEL PTR PATTERN: offset=0x61 value=0xffffffffff000000 ***
[1785312316.227]     *** KERNEL PTR PATTERN: offset=0x62 value=0xffffffffffff0000 ***
[1785312316.227]     *** KERNEL PTR PATTERN: offset=0x59 value=0xffffff000000d300 ***
[1785312316.227]     *** KERNEL PTR PATTERN: offset=0x63 value=0xffffffffffffff00 ***
[1785312316.227]     *** KERNEL PTR PATTERN: offset=0x60 value=0xffffffff000000d3 ***
[1785312316.227]     *** KERNEL PTR PATTERN: offset=0x61 value=0xffffffffff000000 ***
[1785312316.227]     *** KERNEL PTR PATTERN: offset=0x62 value=0xffffffffffff0000 ***
[1785312316.227]     *** KERNEL PTR PATTERN: offset=0x59 value=0xffffff000000d300 ***
[1785312316.228]     *** KERNEL PTR PATTERN: offset=0x63 value=0xffffffffffffff00 ***
[1785312316.229]     ZONE FREE-PATTERN at +0x40: 0x7fffffffffffffff
[1785312316.229]   [iter 28] close=0x0 kernPtrs=10 freePatterns=1 changed=0 bytes
[1785312316.229]     *** KERNEL PTR PATTERN: offset=0x60 value=0xffffffff000000d3 ***
[1785312316.229]     *** KERNEL PTR PATTERN: offset=0x61 value=0xffffffffff000000 ***
[1785312316.230]     *** KERNEL PTR PATTERN: offset=0x62 value=0xffffffffffff0000 ***
[1785312316.230]     *** KERNEL PTR PATTERN: offset=0x59 value=0xffffff000000d300 ***
[1785312316.230]     *** KERNEL PTR PATTERN: offset=0x63 value=0xffffffffffffff00 ***
[1785312316.230]     *** KERNEL PTR PATTERN: offset=0x60 value=0xffffffff000000d3 ***
[1785312316.230]     *** KERNEL PTR PATTERN: offset=0x61 value=0xffffffffff000000 ***
[1785312316.230]     *** KERNEL PTR PATTERN: offset=0x62 value=0xffffffffffff0000 ***
[1785312316.230]     *** KERNEL PTR PATTERN: offset=0x59 value=0xffffff000000d300 ***
[1785312316.230]     *** KERNEL PTR PATTERN: offset=0x63 value=0xffffffffffffff00 ***
[1785312316.231]     ZONE FREE-PATTERN at +0x40: 0x7fffffffffffffff
[1785312316.231]   [iter 29] close=0x0 kernPtrs=10 freePatterns=1 changed=0 bytes
[1785312316.231]     *** KERNEL PTR PATTERN: offset=0x60 value=0xffffffff000000d3 ***
[1785312316.231]     *** KERNEL PTR PATTERN: offset=0x61 value=0xffffffffff000000 ***
[1785312316.231]     *** KERNEL PTR PATTERN: offset=0x62 value=0xffffffffffff0000 ***
[1785312316.231]     *** KERNEL PTR PATTERN: offset=0x59 value=0xffffff000000d300 ***
[1785312316.231]     *** KERNEL PTR PATTERN: offset=0x63 value=0xffffffffffffff00 ***
[1785312316.231]     *** KERNEL PTR PATTERN: offset=0x60 value=0xffffffff000000d3 ***
[1785312316.231]     *** KERNEL PTR PATTERN: offset=0x61 value=0xffffffffff000000 ***
[1785312316.232]     *** KERNEL PTR PATTERN: offset=0x62 value=0xffffffffffff0000 ***
[1785312316.232]     *** KERNEL PTR PATTERN: offset=0x59 value=0xffffff000000d300 ***
[1785312316.232]     *** KERNEL PTR PATTERN: offset=0x63 value=0xffffffffffffff00 ***
[1785312316.233]     ZONE FREE-PATTERN at +0x40: 0x7fffffffffffffff
[1785312316.233]   [iter 30] close=0x0 kernPtrs=10 freePatterns=1 changed=0 bytes
[1785312316.233]     *** KERNEL PTR PATTERN: offset=0x60 value=0xffffffff000000d3 ***
[1785312316.233]     *** KERNEL PTR PATTERN: offset=0x61 value=0xffffffffff000000 ***
[1785312316.233]     *** KERNEL PTR PATTERN: offset=0x62 value=0xffffffffffff0000 ***
[1785312316.234]     *** KERNEL PTR PATTERN: offset=0x59 value=0xffffff000000d300 ***
[1785312316.234]     *** KERNEL PTR PATTERN: offset=0x63 value=0xffffffffffffff00 ***
[1785312316.234]     *** KERNEL PTR PATTERN: offset=0x60 value=0xffffffff000000d3 ***
[1785312316.234]     *** KERNEL PTR PATTERN: offset=0x61 value=0xffffffffff000000 ***
[1785312316.234]     *** KERNEL PTR PATTERN: offset=0x62 value=0xffffffffffff0000 ***
[1785312316.234]     *** KERNEL PTR PATTERN: offset=0x59 value=0xffffff000000d300 ***
[1785312316.234]     *** KERNEL PTR PATTERN: offset=0x63 value=0xffffffffffffff00 ***
[1785312316.235]     ZONE FREE-PATTERN at +0x40: 0x7fffffffffffffff
[1785312316.235]   [iter 31] close=0x0 kernPtrs=10 freePatterns=1 changed=0 bytes
[1785312316.235]     *** KERNEL PTR PATTERN: offset=0x60 value=0xffffffff000000d3 ***
[1785312316.235]     *** KERNEL PTR PATTERN: offset=0x61 value=0xffffffffff000000 ***
[1785312316.235]     *** KERNEL PTR PATTERN: offset=0x62 value=0xffffffffffff0000 ***
[1785312316.235]     *** KERNEL PTR PATTERN: offset=0x59 value=0xffffff000000d300 ***
[1785312316.236]     *** KERNEL PTR PATTERN: offset=0x63 value=0xffffffffffffff00 ***
[1785312316.236]     *** KERNEL PTR PATTERN: offset=0x60 value=0xffffffff000000d3 ***
[1785312316.236]     *** KERNEL PTR PATTERN: offset=0x61 value=0xffffffffff000000 ***
[1785312316.236]     *** KERNEL PTR PATTERN: offset=0x62 value=0xffffffffffff0000 ***
[1785312316.236]     *** KERNEL PTR PATTERN: offset=0x59 value=0xffffff000000d300 ***
[1785312316.236]     *** KERNEL PTR PATTERN: offset=0x63 value=0xffffffffffffff00 ***
[1785312316.237]     ZONE FREE-PATTERN at +0x40: 0x7fffffffffffffff
[1785312316.237]   [iter 32] close=0x0 kernPtrs=10 freePatterns=1 changed=0 bytes
[1785312316.237]     *** KERNEL PTR PATTERN: offset=0x60 value=0xffffffff000000d3 ***
[1785312316.237]     *** KERNEL PTR PATTERN: offset=0x61 value=0xffffffffff000000 ***
[1785312316.237]     *** KERNEL PTR PATTERN: offset=0x62 value=0xffffffffffff0000 ***
[1785312316.237]     *** KERNEL PTR PATTERN: offset=0x59 value=0xffffff000000d300 ***
[1785312316.237]     *** KERNEL PTR PATTERN: offset=0x63 value=0xffffffffffffff00 ***
[1785312316.238]     *** KERNEL PTR PATTERN: offset=0x60 value=0xffffffff000000d3 ***
[1785312316.238]     *** KERNEL PTR PATTERN: offset=0x61 value=0xffffffffff000000 ***
[1785312316.238]     *** KERNEL PTR PATTERN: offset=0x62 value=0xffffffffffff0000 ***
[1785312316.238]     *** KERNEL PTR PATTERN: offset=0x59 value=0xffffff000000d300 ***
[1785312316.238]     *** KERNEL PTR PATTERN: offset=0x63 value=0xffffffffffffff00 ***
[1785312316.239]     ZONE FREE-PATTERN at +0x40: 0x7fffffffffffffff
[1785312316.240]   [iter 33] close=0x0 kernPtrs=10 freePatterns=1 changed=0 bytes
[1785312316.240]     *** KERNEL PTR PATTERN: offset=0x60 value=0xffffffff000000d3 ***
[1785312316.240]     *** KERNEL PTR PATTERN: offset=0x61 value=0xffffffffff000000 ***
[1785312316.240]     *** KERNEL PTR PATTERN: offset=0x62 value=0xffffffffffff0000 ***
[1785312316.240]     *** KERNEL PTR PATTERN: offset=0x59 value=0xffffff000000d300 ***
[1785312316.240]     *** KERNEL PTR PATTERN: offset=0x63 value=0xffffffffffffff00 ***
[1785312316.240]     *** KERNEL PTR PATTERN: offset=0x60 value=0xffffffff000000d3 ***
[1785312316.240]     *** KERNEL PTR PATTERN: offset=0x61 value=0xffffffffff000000 ***
[1785312316.240]     *** KERNEL PTR PATTERN: offset=0x62 value=0xffffffffffff0000 ***
[1785312316.240]     *** KERNEL PTR PATTERN: offset=0x59 value=0xffffff000000d300 ***
[1785312316.240]     *** KERNEL PTR PATTERN: offset=0x63 value=0xffffffffffffff00 ***
[1785312316.241]     ZONE FREE-PATTERN at +0x40: 0x7fffffffffffffff
[1785312316.241]   [iter 34] close=0x0 kernPtrs=10 freePatterns=1 changed=0 bytes
[1785312316.242]     *** KERNEL PTR PATTERN: offset=0x60 value=0xffffffff000000d3 ***
[1785312316.242]     *** KERNEL PTR PATTERN: offset=0x61 value=0xffffffffff000000 ***
[1785312316.242]     *** KERNEL PTR PATTERN: offset=0x62 value=0xffffffffffff0000 ***
[1785312316.242]     *** KERNEL PTR PATTERN: offset=0x59 value=0xffffff000000d300 ***
[1785312316.242]     *** KERNEL PTR PATTERN: offset=0x63 value=0xffffffffffffff00 ***
[1785312316.242]     *** KERNEL PTR PATTERN: offset=0x60 value=0xffffffff000000d3 ***
[1785312316.242]     *** KERNEL PTR PATTERN: offset=0x61 value=0xffffffffff000000 ***
[1785312316.242]     *** KERNEL PTR PATTERN: offset=0x62 value=0xffffffffffff0000 ***
[1785312316.242]     *** KERNEL PTR PATTERN: offset=0x59 value=0xffffff000000d300 ***
[1785312316.242]     *** KERNEL PTR PATTERN: offset=0x63 value=0xffffffffffffff00 ***
[1785312316.243]     ZONE FREE-PATTERN at +0x40: 0x7fffffffffffffff
[1785312316.243]   [iter 35] close=0x0 kernPtrs=10 freePatterns=1 changed=0 bytes
[1785312316.243]     *** KERNEL PTR PATTERN: offset=0x60 value=0xffffffff000000d3 ***
[1785312316.243]     *** KERNEL PTR PATTERN: offset=0x61 value=0xffffffffff000000 ***
[1785312316.243]     *** KERNEL PTR PATTERN: offset=0x62 value=0xffffffffffff0000 ***
[1785312316.243]     *** KERNEL PTR PATTERN: offset=0x59 value=0xffffff000000d300 ***
[1785312316.244]     *** KERNEL PTR PATTERN: offset=0x63 value=0xffffffffffffff00 ***
[1785312316.244]     *** KERNEL PTR PATTERN: offset=0x60 value=0xffffffff000000d3 ***
[1785312316.244]     *** KERNEL PTR PATTERN: offset=0x61 value=0xffffffffff000000 ***
[1785312316.244]     *** KERNEL PTR PATTERN: offset=0x62 value=0xffffffffffff0000 ***
[1785312316.244]     *** KERNEL PTR PATTERN: offset=0x59 value=0xffffff000000d300 ***
[1785312316.244]     *** KERNEL PTR PATTERN: offset=0x63 value=0xffffffffffffff00 ***
[1785312316.245]     ZONE FREE-PATTERN at +0x40: 0x7fffffffffffffff
[1785312316.245]   [iter 36] close=0x0 kernPtrs=10 freePatterns=1 changed=0 bytes
[1785312316.245]     *** KERNEL PTR PATTERN: offset=0x60 value=0xffffffff000000d3 ***
[1785312316.245]     *** KERNEL PTR PATTERN: offset=0x61 value=0xffffffffff000000 ***
[1785312316.245]     *** KERNEL PTR PATTERN: offset=0x62 value=0xffffffffffff0000 ***
[1785312316.245]     *** KERNEL PTR PATTERN: offset=0x59 value=0xffffff000000d300 ***
[1785312316.245]     *** KERNEL PTR PATTERN: offset=0x63 value=0xffffffffffffff00 ***
[1785312316.246]     *** KERNEL PTR PATTERN: offset=0x60 value=0xffffffff000000d3 ***
[1785312316.246]     *** KERNEL PTR PATTERN: offset=0x61 value=0xffffffffff000000 ***
[1785312316.246]     *** KERNEL PTR PATTERN: offset=0x62 value=0xffffffffffff0000 ***
[1785312316.246]     *** KERNEL PTR PATTERN: offset=0x59 value=0xffffff000000d300 ***
[1785312316.246]     *** KERNEL PTR PATTERN: offset=0x63 value=0xffffffffffffff00 ***
[1785312316.247]     ZONE FREE-PATTERN at +0x40: 0x7fffffffffffffff
[1785312316.247]   [iter 37] close=0x0 kernPtrs=10 freePatterns=1 changed=0 bytes
[1785312316.247]     *** KERNEL PTR PATTERN: offset=0x60 value=0xffffffff000000d3 ***
[1785312316.247]     *** KERNEL PTR PATTERN: offset=0x61 value=0xffffffffff000000 ***
[1785312316.247]     *** KERNEL PTR PATTERN: offset=0x62 value=0xffffffffffff0000 ***
[1785312316.247]     *** KERNEL PTR PATTERN: offset=0x59 value=0xffffff000000d300 ***
[1785312316.247]     *** KERNEL PTR PATTERN: offset=0x63 value=0xffffffffffffff00 ***
[1785312316.247]     *** KERNEL PTR PATTERN: offset=0x60 value=0xffffffff000000d3 ***
[1785312316.247]     *** KERNEL PTR PATTERN: offset=0x61 value=0xffffffffff000000 ***
[1785312316.247]     *** KERNEL PTR PATTERN: offset=0x62 value=0xffffffffffff0000 ***
[1785312316.248]     *** KERNEL PTR PATTERN: offset=0x59 value=0xffffff000000d300 ***
[1785312316.248]     *** KERNEL PTR PATTERN: offset=0x63 value=0xffffffffffffff00 ***
[1785312316.249]     ZONE FREE-PATTERN at +0x40: 0x7fffffffffffffff
[1785312316.249]   [iter 38] close=0x0 kernPtrs=10 freePatterns=1 changed=0 bytes
[1785312316.249]     *** KERNEL PTR PATTERN: offset=0x60 value=0xffffffff000000d3 ***
[1785312316.249]     *** KERNEL PTR PATTERN: offset=0x61 value=0xffffffffff000000 ***
[1785312316.249]     *** KERNEL PTR PATTERN: offset=0x62 value=0xffffffffffff0000 ***
[1785312316.249]     *** KERNEL PTR PATTERN: offset=0x59 value=0xffffff000000d300 ***
[1785312316.249]     *** KERNEL PTR PATTERN: offset=0x63 value=0xffffffffffffff00 ***
[1785312316.250]     *** KERNEL PTR PATTERN: offset=0x60 value=0xffffffff000000d3 ***
[1785312316.250]     *** KERNEL PTR PATTERN: offset=0x61 value=0xffffffffff000000 ***
[1785312316.250]     *** KERNEL PTR PATTERN: offset=0x62 value=0xffffffffffff0000 ***
[1785312316.250]     *** KERNEL PTR PATTERN: offset=0x59 value=0xffffff000000d300 ***
[1785312316.250]     *** KERNEL PTR PATTERN: offset=0x63 value=0xffffffffffffff00 ***
[1785312316.251]     ZONE FREE-PATTERN at +0x40: 0x7fffffffffffffff
[1785312316.251]   [iter 39] close=0x0 kernPtrs=10 freePatterns=1 changed=0 bytes
[1785312316.251]     *** KERNEL PTR PATTERN: offset=0x60 value=0xffffffff000000d3 ***
[1785312316.251]     *** KERNEL PTR PATTERN: offset=0x61 value=0xffffffffff000000 ***
[1785312316.251]     *** KERNEL PTR PATTERN: offset=0x62 value=0xffffffffffff0000 ***
[1785312316.251]     *** KERNEL PTR PATTERN: offset=0x59 value=0xffffff000000d300 ***
[1785312316.251]     *** KERNEL PTR PATTERN: offset=0x63 value=0xffffffffffffff00 ***
[1785312316.251]     *** KERNEL PTR PATTERN: offset=0x60 value=0xffffffff000000d3 ***
[1785312316.251]     *** KERNEL PTR PATTERN: offset=0x61 value=0xffffffffff000000 ***
[1785312316.251]     *** KERNEL PTR PATTERN: offset=0x62 value=0xffffffffffff0000 ***
[1785312316.251]     *** KERNEL PTR PATTERN: offset=0x59 value=0xffffff000000d300 ***
[1785312316.251]     *** KERNEL PTR PATTERN: offset=0x63 value=0xffffffffffffff00 ***
[1785312316.252]     ZONE FREE-PATTERN at +0x40: 0x7fffffffffffffff
[1785312316.252]   [iter 40] close=0x0 kernPtrs=10 freePatterns=1 changed=0 bytes
[1785312316.252]     *** KERNEL PTR PATTERN: offset=0x60 value=0xffffffff000000d3 ***
[1785312316.252]     *** KERNEL PTR PATTERN: offset=0x61 value=0xffffffffff000000 ***
[1785312316.252]     *** KERNEL PTR PATTERN: offset=0x62 value=0xffffffffffff0000 ***
[1785312316.253]     *** KERNEL PTR PATTERN: offset=0x59 value=0xffffff000000d300 ***
[1785312316.253]     *** KERNEL PTR PATTERN: offset=0x63 value=0xffffffffffffff00 ***
[1785312316.253]     *** KERNEL PTR PATTERN: offset=0x60 value=0xffffffff000000d3 ***
[1785312316.253]     *** KERNEL PTR PATTERN: offset=0x61 value=0xffffffffff000000 ***
[1785312316.253]     *** KERNEL PTR PATTERN: offset=0x62 value=0xffffffffffff0000 ***
[1785312316.253]     *** KERNEL PTR PATTERN: offset=0x59 value=0xffffff000000d300 ***
[1785312316.253]     *** KERNEL PTR PATTERN: offset=0x63 value=0xffffffffffffff00 ***
[1785312316.254]     ZONE FREE-PATTERN at +0x40: 0x7fffffffffffffff
[1785312316.254]   [iter 41] close=0x0 kernPtrs=10 freePatterns=1 changed=0 bytes
[1785312316.254]     *** KERNEL PTR PATTERN: offset=0x60 value=0xffffffff000000d3 ***
[1785312316.254]     *** KERNEL PTR PATTERN: offset=0x61 value=0xffffffffff000000 ***
[1785312316.254]     *** KERNEL PTR PATTERN: offset=0x62 value=0xffffffffffff0000 ***
[1785312316.254]     *** KERNEL PTR PATTERN: offset=0x59 value=0xffffff000000d300 ***
[1785312316.254]     *** KERNEL PTR PATTERN: offset=0x63 value=0xffffffffffffff00 ***
[1785312316.254]     *** KERNEL PTR PATTERN: offset=0x60 value=0xffffffff000000d3 ***
[1785312316.254]     *** KERNEL PTR PATTERN: offset=0x61 value=0xffffffffff000000 ***
[1785312316.255]     *** KERNEL PTR PATTERN: offset=0x62 value=0xffffffffffff0000 ***
[1785312316.255]     *** KERNEL PTR PATTERN: offset=0x59 value=0xffffff000000d300 ***
[1785312316.255]     *** KERNEL PTR PATTERN: offset=0x63 value=0xffffffffffffff00 ***
[1785312316.256]     ZONE FREE-PATTERN at +0x40: 0x7fffffffffffffff
[1785312316.256]   [iter 42] close=0x0 kernPtrs=10 freePatterns=1 changed=0 bytes
[1785312316.256]     *** KERNEL PTR PATTERN: offset=0x60 value=0xffffffff000000d3 ***
[1785312316.256]     *** KERNEL PTR PATTERN: offset=0x61 value=0xffffffffff000000 ***
[1785312316.256]     *** KERNEL PTR PATTERN: offset=0x62 value=0xffffffffffff0000 ***
[1785312316.256]     *** KERNEL PTR PATTERN: offset=0x59 value=0xffffff000000d300 ***
[1785312316.256]     *** KERNEL PTR PATTERN: offset=0x63 value=0xffffffffffffff00 ***
[1785312316.256]     *** KERNEL PTR PATTERN: offset=0x60 value=0xffffffff000000d3 ***
[1785312316.256]     *** KERNEL PTR PATTERN: offset=0x61 value=0xffffffffff000000 ***
[1785312316.256]     *** KERNEL PTR PATTERN: offset=0x62 value=0xffffffffffff0000 ***
[1785312316.256]     *** KERNEL PTR PATTERN: offset=0x59 value=0xffffff000000d300 ***
[1785312316.256]     *** KERNEL PTR PATTERN: offset=0x63 value=0xffffffffffffff00 ***
[1785312316.258]     ZONE FREE-PATTERN at +0x40: 0x7fffffffffffffff
[1785312316.258]   [iter 43] close=0x0 kernPtrs=10 freePatterns=1 changed=0 bytes
[1785312316.258]     *** KERNEL PTR PATTERN: offset=0x60 value=0xffffffff000000d3 ***
[1785312316.258]     *** KERNEL PTR PATTERN: offset=0x61 value=0xffffffffff000000 ***
[1785312316.258]     *** KERNEL PTR PATTERN: offset=0x62 value=0xffffffffffff0000 ***
[1785312316.258]     *** KERNEL PTR PATTERN: offset=0x59 value=0xffffff000000d300 ***
[1785312316.258]     *** KERNEL PTR PATTERN: offset=0x63 value=0xffffffffffffff00 ***
[1785312316.258]     *** KERNEL PTR PATTERN: offset=0x60 value=0xffffffff000000d3 ***
[1785312316.258]     *** KERNEL PTR PATTERN: offset=0x61 value=0xffffffffff000000 ***
[1785312316.258]     *** KERNEL PTR PATTERN: offset=0x62 value=0xffffffffffff0000 ***
[1785312316.258]     *** KERNEL PTR PATTERN: offset=0x59 value=0xffffff000000d300 ***
[1785312316.258]     *** KERNEL PTR PATTERN: offset=0x63 value=0xffffffffffffff00 ***
[1785312316.260]     ZONE FREE-PATTERN at +0x40: 0x7fffffffffffffff
[1785312316.260]   [iter 44] close=0x0 kernPtrs=10 freePatterns=1 changed=0 bytes
[1785312316.260]     *** KERNEL PTR PATTERN: offset=0x60 value=0xffffffff000000d3 ***
[1785312316.260]     *** KERNEL PTR PATTERN: offset=0x61 value=0xffffffffff000000 ***
[1785312316.260]     *** KERNEL PTR PATTERN: offset=0x62 value=0xffffffffffff0000 ***
[1785312316.260]     *** KERNEL PTR PATTERN: offset=0x59 value=0xffffff000000d300 ***
[1785312316.260]     *** KERNEL PTR PATTERN: offset=0x63 value=0xffffffffffffff00 ***
[1785312316.260]     *** KERNEL PTR PATTERN: offset=0x60 value=0xffffffff000000d3 ***
[1785312316.260]     *** KERNEL PTR PATTERN: offset=0x61 value=0xffffffffff000000 ***
[1785312316.260]     *** KERNEL PTR PATTERN: offset=0x62 value=0xffffffffffff0000 ***
[1785312316.260]     *** KERNEL PTR PATTERN: offset=0x59 value=0xffffff000000d300 ***
[1785312316.260]     *** KERNEL PTR PATTERN: offset=0x63 value=0xffffffffffffff00 ***
[1785312316.261]     ZONE FREE-PATTERN at +0x40: 0x7fffffffffffffff
[1785312316.261]   [iter 45] close=0x0 kernPtrs=10 freePatterns=1 changed=0 bytes
[1785312316.262]     *** KERNEL PTR PATTERN: offset=0x60 value=0xffffffff000000d3 ***
[1785312316.262]     *** KERNEL PTR PATTERN: offset=0x61 value=0xffffffffff000000 ***
[1785312316.262]     *** KERNEL PTR PATTERN: offset=0x62 value=0xffffffffffff0000 ***
[1785312316.262]     *** KERNEL PTR PATTERN: offset=0x59 value=0xffffff000000d300 ***
[1785312316.262]     *** KERNEL PTR PATTERN: offset=0x63 value=0xffffffffffffff00 ***
[1785312316.262]     *** KERNEL PTR PATTERN: offset=0x60 value=0xffffffff000000d3 ***
[1785312316.262]     *** KERNEL PTR PATTERN: offset=0x61 value=0xffffffffff000000 ***
[1785312316.262]     *** KERNEL PTR PATTERN: offset=0x62 value=0xffffffffffff0000 ***
[1785312316.262]     *** KERNEL PTR PATTERN: offset=0x59 value=0xffffff000000d300 ***
[1785312316.262]     *** KERNEL PTR PATTERN: offset=0x63 value=0xffffffffffffff00 ***
[1785312316.263]     ZONE FREE-PATTERN at +0x40: 0x7fffffffffffffff
[1785312316.263]   [iter 46] close=0x0 kernPtrs=10 freePatterns=1 changed=0 bytes
[1785312316.264]     *** KERNEL PTR PATTERN: offset=0x60 value=0xffffffff000000d3 ***
[1785312316.264]     *** KERNEL PTR PATTERN: offset=0x61 value=0xffffffffff000000 ***
[1785312316.264]     *** KERNEL PTR PATTERN: offset=0x62 value=0xffffffffffff0000 ***
[1785312316.264]     *** KERNEL PTR PATTERN: offset=0x59 value=0xffffff000000d300 ***
[1785312316.264]     *** KERNEL PTR PATTERN: offset=0x63 value=0xffffffffffffff00 ***
[1785312316.264]     *** KERNEL PTR PATTERN: offset=0x60 value=0xffffffff000000d3 ***
[1785312316.264]     *** KERNEL PTR PATTERN: offset=0x61 value=0xffffffffff000000 ***
[1785312316.264]     *** KERNEL PTR PATTERN: offset=0x62 value=0xffffffffffff0000 ***
[1785312316.264]     *** KERNEL PTR PATTERN: offset=0x59 value=0xffffff000000d300 ***
[1785312316.264]     *** KERNEL PTR PATTERN: offset=0x63 value=0xffffffffffffff00 ***
[1785312316.265]     ZONE FREE-PATTERN at +0x40: 0x7fffffffffffffff
[1785312316.265]   [iter 47] close=0x0 kernPtrs=10 freePatterns=1 changed=0 bytes
[1785312316.265]     *** KERNEL PTR PATTERN: offset=0x60 value=0xffffffff000000d3 ***
[1785312316.265]     *** KERNEL PTR PATTERN: offset=0x61 value=0xffffffffff000000 ***
[1785312316.265]     *** KERNEL PTR PATTERN: offset=0x62 value=0xffffffffffff0000 ***
[1785312316.265]     *** KERNEL PTR PATTERN: offset=0x59 value=0xffffff000000d300 ***
[1785312316.265]     *** KERNEL PTR PATTERN: offset=0x63 value=0xffffffffffffff00 ***
[1785312316.265]     *** KERNEL PTR PATTERN: offset=0x60 value=0xffffffff000000d3 ***
[1785312316.265]     *** KERNEL PTR PATTERN: offset=0x61 value=0xffffffffff000000 ***
[1785312316.265]     *** KERNEL PTR PATTERN: offset=0x62 value=0xffffffffffff0000 ***
[1785312316.266]     *** KERNEL PTR PATTERN: offset=0x59 value=0xffffff000000d300 ***
[1785312316.266]     *** KERNEL PTR PATTERN: offset=0x63 value=0xffffffffffffff00 ***
[1785312316.267]     ZONE FREE-PATTERN at +0x40: 0x7fffffffffffffff
[1785312316.267]   [iter 48] close=0x0 kernPtrs=10 freePatterns=1 changed=0 bytes
[1785312316.267]     *** KERNEL PTR PATTERN: offset=0x60 value=0xffffffff000000d3 ***
[1785312316.267]     *** KERNEL PTR PATTERN: offset=0x61 value=0xffffffffff000000 ***
[1785312316.267]     *** KERNEL PTR PATTERN: offset=0x62 value=0xffffffffffff0000 ***
[1785312316.267]     *** KERNEL PTR PATTERN: offset=0x59 value=0xffffff000000d300 ***
[1785312316.267]     *** KERNEL PTR PATTERN: offset=0x63 value=0xffffffffffffff00 ***
[1785312316.267]     *** KERNEL PTR PATTERN: offset=0x60 value=0xffffffff000000d3 ***
[1785312316.267]     *** KERNEL PTR PATTERN: offset=0x61 value=0xffffffffff000000 ***
[1785312316.267]     *** KERNEL PTR PATTERN: offset=0x62 value=0xffffffffffff0000 ***
[1785312316.267]     *** KERNEL PTR PATTERN: offset=0x59 value=0xffffff000000d300 ***
[1785312316.267]     *** KERNEL PTR PATTERN: offset=0x63 value=0xffffffffffffff00 ***
[1785312316.269]     ZONE FREE-PATTERN at +0x40: 0x7fffffffffffffff
[1785312316.269]   [iter 49] close=0x0 kernPtrs=10 freePatterns=1 changed=0 bytes
[1785312316.269]     *** KERNEL PTR PATTERN: offset=0x60 value=0xffffffff000000d3 ***
[1785312316.269]     *** KERNEL PTR PATTERN: offset=0x61 value=0xffffffffff000000 ***
[1785312316.269]     *** KERNEL PTR PATTERN: offset=0x62 value=0xffffffffffff0000 ***
[1785312316.269]     *** KERNEL PTR PATTERN: offset=0x59 value=0xffffff000000d300 ***
[1785312316.269]     *** KERNEL PTR PATTERN: offset=0x63 value=0xffffffffffffff00 ***
[1785312316.269]     *** KERNEL PTR PATTERN: offset=0x60 value=0xffffffff000000d3 ***
[1785312316.269]     *** KERNEL PTR PATTERN: offset=0x61 value=0xffffffffff000000 ***
[1785312316.269]     *** KERNEL PTR PATTERN: offset=0x62 value=0xffffffffffff0000 ***
[1785312316.269]     *** KERNEL PTR PATTERN: offset=0x59 value=0xffffff000000d300 ***
[1785312316.269]     *** KERNEL PTR PATTERN: offset=0x63 value=0xffffffffffffff00 ***
[1785312316.270]     ZONE FREE-PATTERN at +0x40: 0x7fffffffffffffff
[1785312316.270]   [iter 50] close=0x0 kernPtrs=10 freePatterns=1 changed=0 bytes
[1785312316.270]     *** KERNEL PTR PATTERN: offset=0x60 value=0xffffffff000000d3 ***
[1785312316.270]     *** KERNEL PTR PATTERN: offset=0x61 value=0xffffffffff000000 ***
[1785312316.270]     *** KERNEL PTR PATTERN: offset=0x62 value=0xffffffffffff0000 ***
[1785312316.270]     *** KERNEL PTR PATTERN: offset=0x59 value=0xffffff000000d300 ***
[1785312316.270]     *** KERNEL PTR PATTERN: offset=0x63 value=0xffffffffffffff00 ***
[1785312316.270]     *** KERNEL PTR PATTERN: offset=0x60 value=0xffffffff000000d3 ***
[1785312316.271]     *** KERNEL PTR PATTERN: offset=0x61 value=0xffffffffff000000 ***
[1785312316.271]     *** KERNEL PTR PATTERN: offset=0x62 value=0xffffffffffff0000 ***
[1785312316.271]     *** KERNEL PTR PATTERN: offset=0x59 value=0xffffff000000d300 ***
[1785312316.271]     *** KERNEL PTR PATTERN: offset=0x63 value=0xffffffffffffff00 ***
[1785312316.272]     ZONE FREE-PATTERN at +0x40: 0x7fffffffffffffff
[1785312316.272]   [iter 51] close=0x0 kernPtrs=10 freePatterns=1 changed=0 bytes
[1785312316.272]     *** KERNEL PTR PATTERN: offset=0x60 value=0xffffffff000000d3 ***
[1785312316.272]     *** KERNEL PTR PATTERN: offset=0x61 value=0xffffffffff000000 ***
[1785312316.272]     *** KERNEL PTR PATTERN: offset=0x62 value=0xffffffffffff0000 ***
[1785312316.272]     *** KERNEL PTR PATTERN: offset=0x59 value=0xffffff000000d300 ***
[1785312316.272]     *** KERNEL PTR PATTERN: offset=0x63 value=0xffffffffffffff00 ***
[1785312316.272]     *** KERNEL PTR PATTERN: offset=0x60 value=0xffffffff000000d3 ***
[1785312316.272]     *** KERNEL PTR PATTERN: offset=0x61 value=0xffffffffff000000 ***
[1785312316.273]     *** KERNEL PTR PATTERN: offset=0x62 value=0xffffffffffff0000 ***
[1785312316.273]     *** KERNEL PTR PATTERN: offset=0x59 value=0xffffff000000d300 ***
[1785312316.273]     *** KERNEL PTR PATTERN: offset=0x63 value=0xffffffffffffff00 ***
[1785312316.274]     ZONE FREE-PATTERN at +0x40: 0x7fffffffffffffff
[1785312316.274]   [iter 52] close=0x0 kernPtrs=10 freePatterns=1 changed=0 bytes
[1785312316.274]     *** KERNEL PTR PATTERN: offset=0x60 value=0xffffffff000000d3 ***
[1785312316.274]     *** KERNEL PTR PATTERN: offset=0x61 value=0xffffffffff000000 ***
[1785312316.274]     *** KERNEL PTR PATTERN: offset=0x62 value=0xffffffffffff0000 ***
[1785312316.274]     *** KERNEL PTR PATTERN: offset=0x59 value=0xffffff000000d300 ***
[1785312316.274]     *** KERNEL PTR PATTERN: offset=0x63 value=0xffffffffffffff00 ***
[1785312316.274]     *** KERNEL PTR PATTERN: offset=0x60 value=0xffffffff000000d3 ***
[1785312316.274]     *** KERNEL PTR PATTERN: offset=0x61 value=0xffffffffff000000 ***
[1785312316.274]     *** KERNEL PTR PATTERN: offset=0x62 value=0xffffffffffff0000 ***
[1785312316.274]     *** KERNEL PTR PATTERN: offset=0x59 value=0xffffff000000d300 ***
[1785312316.274]     *** KERNEL PTR PATTERN: offset=0x63 value=0xffffffffffffff00 ***
[1785312316.276]     ZONE FREE-PATTERN at +0x40: 0x7fffffffffffffff
[1785312316.276]   [iter 53] close=0x0 kernPtrs=10 freePatterns=1 changed=0 bytes
[1785312316.276]     *** KERNEL PTR PATTERN: offset=0x60 value=0xffffffff000000d3 ***
[1785312316.276]     *** KERNEL PTR PATTERN: offset=0x61 value=0xffffffffff000000 ***
[1785312316.276]     *** KERNEL PTR PATTERN: offset=0x62 value=0xffffffffffff0000 ***
[1785312316.276]     *** KERNEL PTR PATTERN: offset=0x59 value=0xffffff000000d300 ***
[1785312316.276]     *** KERNEL PTR PATTERN: offset=0x63 value=0xffffffffffffff00 ***
[1785312316.276]     *** KERNEL PTR PATTERN: offset=0x60 value=0xffffffff000000d3 ***
[1785312316.276]     *** KERNEL PTR PATTERN: offset=0x61 value=0xffffffffff000000 ***
[1785312316.276]     *** KERNEL PTR PATTERN: offset=0x62 value=0xffffffffffff0000 ***
[1785312316.276]     *** KERNEL PTR PATTERN: offset=0x59 value=0xffffff000000d300 ***
[1785312316.276]     *** KERNEL PTR PATTERN: offset=0x63 value=0xffffffffffffff00 ***
[1785312316.277]     ZONE FREE-PATTERN at +0x40: 0x7fffffffffffffff
[1785312316.277]   [iter 54] close=0x0 kernPtrs=10 freePatterns=1 changed=0 bytes
[1785312316.277]     *** KERNEL PTR PATTERN: offset=0x60 value=0xffffffff000000d3 ***
[1785312316.277]     *** KERNEL PTR PATTERN: offset=0x61 value=0xffffffffff000000 ***
[1785312316.278]     *** KERNEL PTR PATTERN: offset=0x62 value=0xffffffffffff0000 ***
[1785312316.278]     *** KERNEL PTR PATTERN: offset=0x59 value=0xffffff000000d300 ***
[1785312316.278]     *** KERNEL PTR PATTERN: offset=0x63 value=0xffffffffffffff00 ***
[1785312316.278]     *** KERNEL PTR PATTERN: offset=0x60 value=0xffffffff000000d3 ***
[1785312316.278]     *** KERNEL PTR PATTERN: offset=0x61 value=0xffffffffff000000 ***
[1785312316.278]     *** KERNEL PTR PATTERN: offset=0x62 value=0xffffffffffff0000 ***
[1785312316.278]     *** KERNEL PTR PATTERN: offset=0x59 value=0xffffff000000d300 ***
[1785312316.278]     *** KERNEL PTR PATTERN: offset=0x63 value=0xffffffffffffff00 ***
[1785312316.280]     ZONE FREE-PATTERN at +0x40: 0x7fffffffffffffff
[1785312316.280]   [iter 55] close=0x0 kernPtrs=10 freePatterns=1 changed=0 bytes
[1785312316.280]     *** KERNEL PTR PATTERN: offset=0x60 value=0xffffffff000000d3 ***
[1785312316.280]     *** KERNEL PTR PATTERN: offset=0x61 value=0xffffffffff000000 ***
[1785312316.280]     *** KERNEL PTR PATTERN: offset=0x62 value=0xffffffffffff0000 ***
[1785312316.280]     *** KERNEL PTR PATTERN: offset=0x59 value=0xffffff000000d300 ***
[1785312316.280]     *** KERNEL PTR PATTERN: offset=0x63 value=0xffffffffffffff00 ***
[1785312316.280]     *** KERNEL PTR PATTERN: offset=0x60 value=0xffffffff000000d3 ***
[1785312316.280]     *** KERNEL PTR PATTERN: offset=0x61 value=0xffffffffff000000 ***
[1785312316.280]     *** KERNEL PTR PATTERN: offset=0x62 value=0xffffffffffff0000 ***
[1785312316.280]     *** KERNEL PTR PATTERN: offset=0x59 value=0xffffff000000d300 ***
[1785312316.280]     *** KERNEL PTR PATTERN: offset=0x63 value=0xffffffffffffff00 ***
[1785312316.282]     ZONE FREE-PATTERN at +0x40: 0x7fffffffffffffff
[1785312316.282]   [iter 56] close=0x0 kernPtrs=10 freePatterns=1 changed=0 bytes
[1785312316.282]     *** KERNEL PTR PATTERN: offset=0x60 value=0xffffffff000000d3 ***
[1785312316.282]     *** KERNEL PTR PATTERN: offset=0x61 value=0xffffffffff000000 ***
[1785312316.282]     *** KERNEL PTR PATTERN: offset=0x62 value=0xffffffffffff0000 ***
[1785312316.282]     *** KERNEL PTR PATTERN: offset=0x59 value=0xffffff000000d300 ***
[1785312316.282]     *** KERNEL PTR PATTERN: offset=0x63 value=0xffffffffffffff00 ***
[1785312316.282]     *** KERNEL PTR PATTERN: offset=0x60 value=0xffffffff000000d3 ***
[1785312316.282]     *** KERNEL PTR PATTERN: offset=0x61 value=0xffffffffff000000 ***
[1785312316.282]     *** KERNEL PTR PATTERN: offset=0x62 value=0xffffffffffff0000 ***
[1785312316.282]     *** KERNEL PTR PATTERN: offset=0x59 value=0xffffff000000d300 ***
[1785312316.282]     *** KERNEL PTR PATTERN: offset=0x63 value=0xffffffffffffff00 ***
[1785312316.283]     ZONE FREE-PATTERN at +0x40: 0x7fffffffffffffff
[1785312316.283]   [iter 57] close=0x0 kernPtrs=10 freePatterns=1 changed=0 bytes
[1785312316.283]     *** KERNEL PTR PATTERN: offset=0x60 value=0xffffffff000000d3 ***
[1785312316.283]     *** KERNEL PTR PATTERN: offset=0x61 value=0xffffffffff000000 ***
[1785312316.283]     *** KERNEL PTR PATTERN: offset=0x62 value=0xffffffffffff0000 ***
[1785312316.283]     *** KERNEL PTR PATTERN: offset=0x59 value=0xffffff000000d300 ***
[1785312316.283]     *** KERNEL PTR PATTERN: offset=0x63 value=0xffffffffffffff00 ***
[1785312316.284]     *** KERNEL PTR PATTERN: offset=0x60 value=0xffffffff000000d3 ***
[1785312316.284]     *** KERNEL PTR PATTERN: offset=0x61 value=0xffffffffff000000 ***
[1785312316.284]     *** KERNEL PTR PATTERN: offset=0x62 value=0xffffffffffff0000 ***
[1785312316.284]     *** KERNEL PTR PATTERN: offset=0x59 value=0xffffff000000d300 ***
[1785312316.284]     *** KERNEL PTR PATTERN: offset=0x63 value=0xffffffffffffff00 ***
[1785312316.285]     ZONE FREE-PATTERN at +0x40: 0x7fffffffffffffff
[1785312316.285]   [iter 58] close=0x0 kernPtrs=10 freePatterns=1 changed=0 bytes
[1785312316.285]     *** KERNEL PTR PATTERN: offset=0x60 value=0xffffffff000000d3 ***
[1785312316.285]     *** KERNEL PTR PATTERN: offset=0x61 value=0xffffffffff000000 ***
[1785312316.285]     *** KERNEL PTR PATTERN: offset=0x62 value=0xffffffffffff0000 ***
[1785312316.285]     *** KERNEL PTR PATTERN: offset=0x59 value=0xffffff000000d300 ***
[1785312316.285]     *** KERNEL PTR PATTERN: offset=0x63 value=0xffffffffffffff00 ***
[1785312316.285]     *** KERNEL PTR PATTERN: offset=0x60 value=0xffffffff000000d3 ***
[1785312316.285]     *** KERNEL PTR PATTERN: offset=0x61 value=0xffffffffff000000 ***
[1785312316.286]     *** KERNEL PTR PATTERN: offset=0x62 value=0xffffffffffff0000 ***
[1785312316.286]     *** KERNEL PTR PATTERN: offset=0x59 value=0xffffff000000d300 ***
[1785312316.286]     *** KERNEL PTR PATTERN: offset=0x63 value=0xffffffffffffff00 ***
[1785312316.287]     ZONE FREE-PATTERN at +0x40: 0x7fffffffffffffff
[1785312316.287]   [iter 59] close=0x0 kernPtrs=10 freePatterns=1 changed=0 bytes
[1785312316.287]     *** KERNEL PTR PATTERN: offset=0x60 value=0xffffffff000000d3 ***
[1785312316.287]     *** KERNEL PTR PATTERN: offset=0x61 value=0xffffffffff000000 ***
[1785312316.287]     *** KERNEL PTR PATTERN: offset=0x62 value=0xffffffffffff0000 ***
[1785312316.287]     *** KERNEL PTR PATTERN: offset=0x59 value=0xffffff000000d300 ***
[1785312316.287]     *** KERNEL PTR PATTERN: offset=0x63 value=0xffffffffffffff00 ***
[1785312316.287]     *** KERNEL PTR PATTERN: offset=0x60 value=0xffffffff000000d3 ***
[1785312316.287]     *** KERNEL PTR PATTERN: offset=0x61 value=0xffffffffff000000 ***
[1785312316.287]     *** KERNEL PTR PATTERN: offset=0x62 value=0xffffffffffff0000 ***
[1785312316.287]     *** KERNEL PTR PATTERN: offset=0x59 value=0xffffff000000d300 ***
[1785312316.287]     *** KERNEL PTR PATTERN: offset=0x63 value=0xffffffffffffff00 ***
[1785312316.289]     ZONE FREE-PATTERN at +0x40: 0x7fffffffffffffff
[1785312316.289]   [iter 60] close=0x0 kernPtrs=10 freePatterns=1 changed=0 bytes
[1785312316.289]     *** KERNEL PTR PATTERN: offset=0x60 value=0xffffffff000000d3 ***
[1785312316.289]     *** KERNEL PTR PATTERN: offset=0x61 value=0xffffffffff000000 ***
[1785312316.289]     *** KERNEL PTR PATTERN: offset=0x62 value=0xffffffffffff0000 ***
[1785312316.289]     *** KERNEL PTR PATTERN: offset=0x59 value=0xffffff000000d300 ***
[1785312316.289]     *** KERNEL PTR PATTERN: offset=0x63 value=0xffffffffffffff00 ***
[1785312316.289]     *** KERNEL PTR PATTERN: offset=0x60 value=0xffffffff000000d3 ***
[1785312316.289]     *** KERNEL PTR PATTERN: offset=0x61 value=0xffffffffff000000 ***
[1785312316.290]     *** KERNEL PTR PATTERN: offset=0x62 value=0xffffffffffff0000 ***
[1785312316.290]     *** KERNEL PTR PATTERN: offset=0x59 value=0xffffff000000d300 ***
[1785312316.290]     *** KERNEL PTR PATTERN: offset=0x63 value=0xffffffffffffff00 ***
[1785312316.291]     ZONE FREE-PATTERN at +0x40: 0x7fffffffffffffff
[1785312316.291]   [iter 61] close=0x0 kernPtrs=10 freePatterns=1 changed=0 bytes
[1785312316.291]     *** KERNEL PTR PATTERN: offset=0x60 value=0xffffffff000000d3 ***
[1785312316.291]     *** KERNEL PTR PATTERN: offset=0x61 value=0xffffffffff000000 ***
[1785312316.291]     *** KERNEL PTR PATTERN: offset=0x62 value=0xffffffffffff0000 ***
[1785312316.291]     *** KERNEL PTR PATTERN: offset=0x59 value=0xffffff000000d300 ***
[1785312316.291]     *** KERNEL PTR PATTERN: offset=0x63 value=0xffffffffffffff00 ***
[1785312316.291]     *** KERNEL PTR PATTERN: offset=0x60 value=0xffffffff000000d3 ***
[1785312316.291]     *** KERNEL PTR PATTERN: offset=0x61 value=0xffffffffff000000 ***
[1785312316.291]     *** KERNEL PTR PATTERN: offset=0x62 value=0xffffffffffff0000 ***
[1785312316.291]     *** KERNEL PTR PATTERN: offset=0x59 value=0xffffff000000d300 ***
[1785312316.291]     *** KERNEL PTR PATTERN: offset=0x63 value=0xffffffffffffff00 ***
[1785312316.292]     ZONE FREE-PATTERN at +0x40: 0x7fffffffffffffff
[1785312316.293]   [iter 62] close=0x0 kernPtrs=10 freePatterns=1 changed=0 bytes
[1785312316.293]     *** KERNEL PTR PATTERN: offset=0x60 value=0xffffffff000000d3 ***
[1785312316.293]     *** KERNEL PTR PATTERN: offset=0x61 value=0xffffffffff000000 ***
[1785312316.293]     *** KERNEL PTR PATTERN: offset=0x62 value=0xffffffffffff0000 ***
[1785312316.293]     *** KERNEL PTR PATTERN: offset=0x59 value=0xffffff000000d300 ***
[1785312316.293]     *** KERNEL PTR PATTERN: offset=0x63 value=0xffffffffffffff00 ***
[1785312316.293]     *** KERNEL PTR PATTERN: offset=0x60 value=0xffffffff000000d3 ***
[1785312316.293]     *** KERNEL PTR PATTERN: offset=0x61 value=0xffffffffff000000 ***
[1785312316.293]     *** KERNEL PTR PATTERN: offset=0x62 value=0xffffffffffff0000 ***
[1785312316.293]     *** KERNEL PTR PATTERN: offset=0x59 value=0xffffff000000d300 ***
[1785312316.293]     *** KERNEL PTR PATTERN: offset=0x63 value=0xffffffffffffff00 ***
[1785312316.294]     ZONE FREE-PATTERN at +0x40: 0x7fffffffffffffff
[1785312316.294]   [iter 63] close=0x0 kernPtrs=10 freePatterns=1 changed=0 bytes
[1785312316.295]     *** KERNEL PTR PATTERN: offset=0x60 value=0xffffffff000000d3 ***
[1785312316.295]     *** KERNEL PTR PATTERN: offset=0x61 value=0xffffffffff000000 ***
[1785312316.295]     *** KERNEL PTR PATTERN: offset=0x62 value=0xffffffffffff0000 ***
[1785312316.295]     *** KERNEL PTR PATTERN: offset=0x59 value=0xffffff000000d300 ***
[1785312316.295]     *** KERNEL PTR PATTERN: offset=0x63 value=0xffffffffffffff00 ***
[1785312316.295]     *** KERNEL PTR PATTERN: offset=0x60 value=0xffffffff000000d3 ***
[1785312316.295]     *** KERNEL PTR PATTERN: offset=0x61 value=0xffffffffff000000 ***
[1785312316.295]     *** KERNEL PTR PATTERN: offset=0x62 value=0xffffffffffff0000 ***
[1785312316.295]     *** KERNEL PTR PATTERN: offset=0x59 value=0xffffff000000d300 ***
[1785312316.295]     *** KERNEL PTR PATTERN: offset=0x63 value=0xffffffffffffff00 ***
[1785312316.296]     ZONE FREE-PATTERN at +0x40: 0x7fffffffffffffff
[1785312316.296]   [iter 64] close=0x0 kernPtrs=10 freePatterns=1 changed=0 bytes
[1785312316.296]     *** KERNEL PTR PATTERN: offset=0x60 value=0xffffffff000000d3 ***
[1785312316.296]     *** KERNEL PTR PATTERN: offset=0x61 value=0xffffffffff000000 ***
[1785312316.296]     *** KERNEL PTR PATTERN: offset=0x62 value=0xffffffffffff0000 ***
[1785312316.296]     *** KERNEL PTR PATTERN: offset=0x59 value=0xffffff000000d300 ***
[1785312316.296]     *** KERNEL PTR PATTERN: offset=0x63 value=0xffffffffffffff00 ***
[1785312316.296]     *** KERNEL PTR PATTERN: offset=0x60 value=0xffffffff000000d3 ***
[1785312316.296]     *** KERNEL PTR PATTERN: offset=0x61 value=0xffffffffff000000 ***
[1785312316.296]     *** KERNEL PTR PATTERN: offset=0x62 value=0xffffffffffff0000 ***
[1785312316.297]     *** KERNEL PTR PATTERN: offset=0x59 value=0xffffff000000d300 ***
[1785312316.297]     *** KERNEL PTR PATTERN: offset=0x63 value=0xffffffffffffff00 ***
[1785312316.298]     ZONE FREE-PATTERN at +0x40: 0x7fffffffffffffff
[1785312316.298]   [iter 65] close=0x0 kernPtrs=10 freePatterns=1 changed=0 bytes
[1785312316.298]     *** KERNEL PTR PATTERN: offset=0x60 value=0xffffffff000000d3 ***
[1785312316.298]     *** KERNEL PTR PATTERN: offset=0x61 value=0xffffffffff000000 ***
[1785312316.298]     *** KERNEL PTR PATTERN: offset=0x62 value=0xffffffffffff0000 ***
[1785312316.298]     *** KERNEL PTR PATTERN: offset=0x59 value=0xffffff000000d300 ***
[1785312316.298]     *** KERNEL PTR PATTERN: offset=0x63 value=0xffffffffffffff00 ***
[1785312316.298]     *** KERNEL PTR PATTERN: offset=0x60 value=0xffffffff000000d3 ***
[1785312316.298]     *** KERNEL PTR PATTERN: offset=0x61 value=0xffffffffff000000 ***
[1785312316.298]     *** KERNEL PTR PATTERN: offset=0x62 value=0xffffffffffff0000 ***
[1785312316.298]     *** KERNEL PTR PATTERN: offset=0x59 value=0xffffff000000d300 ***
[1785312316.298]     *** KERNEL PTR PATTERN: offset=0x63 value=0xffffffffffffff00 ***
[1785312316.300]     ZONE FREE-PATTERN at +0x40: 0x7fffffffffffffff
[1785312316.300]   [iter 66] close=0x0 kernPtrs=10 freePatterns=1 changed=0 bytes
[1785312316.300]     *** KERNEL PTR PATTERN: offset=0x60 value=0xffffffff000000d3 ***
[1785312316.300]     *** KERNEL PTR PATTERN: offset=0x61 value=0xffffffffff000000 ***
[1785312316.300]     *** KERNEL PTR PATTERN: offset=0x62 value=0xffffffffffff0000 ***
[1785312316.300]     *** KERNEL PTR PATTERN: offset=0x59 value=0xffffff000000d300 ***
[1785312316.300]     *** KERNEL PTR PATTERN: offset=0x63 value=0xffffffffffffff00 ***
[1785312316.300]     *** KERNEL PTR PATTERN: offset=0x60 value=0xffffffff000000d3 ***
[1785312316.300]     *** KERNEL PTR PATTERN: offset=0x61 value=0xffffffffff000000 ***
[1785312316.300]     *** KERNEL PTR PATTERN: offset=0x62 value=0xffffffffffff0000 ***
[1785312316.300]     *** KERNEL PTR PATTERN: offset=0x59 value=0xffffff000000d300 ***
[1785312316.301]     *** KERNEL PTR PATTERN: offset=0x63 value=0xffffffffffffff00 ***
[1785312316.301]     ZONE FREE-PATTERN at +0x40: 0x7fffffffffffffff
[1785312316.301]   [iter 67] close=0x0 kernPtrs=10 freePatterns=1 changed=0 bytes
[1785312316.302]     *** KERNEL PTR PATTERN: offset=0x60 value=0xffffffff000000d3 ***
[1785312316.302]     *** KERNEL PTR PATTERN: offset=0x61 value=0xffffffffff000000 ***
[1785312316.302]     *** KERNEL PTR PATTERN: offset=0x62 value=0xffffffffffff0000 ***
[1785312316.302]     *** KERNEL PTR PATTERN: offset=0x59 value=0xffffff000000d300 ***
[1785312316.302]     *** KERNEL PTR PATTERN: offset=0x63 value=0xffffffffffffff00 ***
[1785312316.302]     *** KERNEL PTR PATTERN: offset=0x60 value=0xffffffff000000d3 ***
[1785312316.302]     *** KERNEL PTR PATTERN: offset=0x61 value=0xffffffffff000000 ***
[1785312316.302]     *** KERNEL PTR PATTERN: offset=0x62 value=0xffffffffffff0000 ***
[1785312316.302]     *** KERNEL PTR PATTERN: offset=0x59 value=0xffffff000000d300 ***
[1785312316.302]     *** KERNEL PTR PATTERN: offset=0x63 value=0xffffffffffffff00 ***
[1785312316.303]     ZONE FREE-PATTERN at +0x40: 0x7fffffffffffffff
[1785312316.303]   [iter 68] close=0x0 kernPtrs=10 freePatterns=1 changed=0 bytes
[1785312316.303]     *** KERNEL PTR PATTERN: offset=0x60 value=0xffffffff000000d3 ***
[1785312316.304]     *** KERNEL PTR PATTERN: offset=0x61 value=0xffffffffff000000 ***
[1785312316.304]     *** KERNEL PTR PATTERN: offset=0x62 value=0xffffffffffff0000 ***
[1785312316.304]     *** KERNEL PTR PATTERN: offset=0x59 value=0xffffff000000d300 ***
[1785312316.304]     *** KERNEL PTR PATTERN: offset=0x63 value=0xffffffffffffff00 ***
[1785312316.304]     *** KERNEL PTR PATTERN: offset=0x60 value=0xffffffff000000d3 ***
[1785312316.304]     *** KERNEL PTR PATTERN: offset=0x61 value=0xffffffffff000000 ***
[1785312316.304]     *** KERNEL PTR PATTERN: offset=0x62 value=0xffffffffffff0000 ***
[1785312316.304]     *** KERNEL PTR PATTERN: offset=0x59 value=0xffffff000000d300 ***
[1785312316.304]     *** KERNEL PTR PATTERN: offset=0x63 value=0xffffffffffffff00 ***
[1785312316.305]     ZONE FREE-PATTERN at +0x40: 0x7fffffffffffffff
[1785312316.305]   [iter 69] close=0x0 kernPtrs=10 freePatterns=1 changed=0 bytes
[1785312316.305]     *** KERNEL PTR PATTERN: offset=0x60 value=0xffffffff000000d3 ***
[1785312316.305]     *** KERNEL PTR PATTERN: offset=0x61 value=0xffffffffff000000 ***
[1785312316.305]     *** KERNEL PTR PATTERN: offset=0x62 value=0xffffffffffff0000 ***
[1785312316.305]     *** KERNEL PTR PATTERN: offset=0x59 value=0xffffff000000d300 ***
[1785312316.305]     *** KERNEL PTR PATTERN: offset=0x63 value=0xffffffffffffff00 ***
[1785312316.306]     *** KERNEL PTR PATTERN: offset=0x60 value=0xffffffff000000d3 ***
[1785312316.306]     *** KERNEL PTR PATTERN: offset=0x61 value=0xffffffffff000000 ***
[1785312316.306]     *** KERNEL PTR PATTERN: offset=0x62 value=0xffffffffffff0000 ***
[1785312316.306]     *** KERNEL PTR PATTERN: offset=0x59 value=0xffffff000000d300 ***
[1785312316.306]     *** KERNEL PTR PATTERN: offset=0x63 value=0xffffffffffffff00 ***
[1785312316.307]     ZONE FREE-PATTERN at +0x40: 0x7fffffffffffffff
[1785312316.307]   [iter 70] close=0x0 kernPtrs=10 freePatterns=1 changed=0 bytes
[1785312316.307]     *** KERNEL PTR PATTERN: offset=0x60 value=0xffffffff000000d3 ***
[1785312316.307]     *** KERNEL PTR PATTERN: offset=0x61 value=0xffffffffff000000 ***
[1785312316.307]     *** KERNEL PTR PATTERN: offset=0x62 value=0xffffffffffff0000 ***
[1785312316.307]     *** KERNEL PTR PATTERN: offset=0x59 value=0xffffff000000d300 ***
[1785312316.307]     *** KERNEL PTR PATTERN: offset=0x63 value=0xffffffffffffff00 ***
[1785312316.307]     *** KERNEL PTR PATTERN: offset=0x60 value=0xffffffff000000d3 ***
[1785312316.308]     *** KERNEL PTR PATTERN: offset=0x61 value=0xffffffffff000000 ***
[1785312316.308]     *** KERNEL PTR PATTERN: offset=0x62 value=0xffffffffffff0000 ***
[1785312316.308]     *** KERNEL PTR PATTERN: offset=0x59 value=0xffffff000000d300 ***
[1785312316.308]     *** KERNEL PTR PATTERN: offset=0x63 value=0xffffffffffffff00 ***
[1785312316.309]     ZONE FREE-PATTERN at +0x40: 0x7fffffffffffffff
[1785312316.309]   [iter 71] close=0x0 kernPtrs=10 freePatterns=1 changed=0 bytes
[1785312316.310]     *** KERNEL PTR PATTERN: offset=0x60 value=0xffffffff000000d3 ***
[1785312316.310]     *** KERNEL PTR PATTERN: offset=0x61 value=0xffffffffff000000 ***
[1785312316.310]     *** KERNEL PTR PATTERN: offset=0x62 value=0xffffffffffff0000 ***
[1785312316.310]     *** KERNEL PTR PATTERN: offset=0x59 value=0xffffff000000d300 ***
[1785312316.310]     *** KERNEL PTR PATTERN: offset=0x63 value=0xffffffffffffff00 ***
[1785312316.310]     *** KERNEL PTR PATTERN: offset=0x60 value=0xffffffff000000d3 ***
[1785312316.310]     *** KERNEL PTR PATTERN: offset=0x61 value=0xffffffffff000000 ***
[1785312316.310]     *** KERNEL PTR PATTERN: offset=0x62 value=0xffffffffffff0000 ***
[1785312316.310]     *** KERNEL PTR PATTERN: offset=0x59 value=0xffffff000000d300 ***
[1785312316.310]     *** KERNEL PTR PATTERN: offset=0x63 value=0xffffffffffffff00 ***
[1785312316.311]     ZONE FREE-PATTERN at +0x40: 0x7fffffffffffffff
[1785312316.311]   [iter 72] close=0x0 kernPtrs=10 freePatterns=1 changed=0 bytes
[1785312316.312]     *** KERNEL PTR PATTERN: offset=0x60 value=0xffffffff000000d3 ***
[1785312316.312]     *** KERNEL PTR PATTERN: offset=0x61 value=0xffffffffff000000 ***
[1785312316.312]     *** KERNEL PTR PATTERN: offset=0x62 value=0xffffffffffff0000 ***
[1785312316.312]     *** KERNEL PTR PATTERN: offset=0x59 value=0xffffff000000d300 ***
[1785312316.312]     *** KERNEL PTR PATTERN: offset=0x63 value=0xffffffffffffff00 ***
[1785312316.312]     *** KERNEL PTR PATTERN: offset=0x60 value=0xffffffff000000d3 ***
[1785312316.312]     *** KERNEL PTR PATTERN: offset=0x61 value=0xffffffffff000000 ***
[1785312316.312]     *** KERNEL PTR PATTERN: offset=0x62 value=0xffffffffffff0000 ***
[1785312316.312]     *** KERNEL PTR PATTERN: offset=0x59 value=0xffffff000000d300 ***
[1785312316.312]     *** KERNEL PTR PATTERN: offset=0x63 value=0xffffffffffffff00 ***
[1785312316.313]     ZONE FREE-PATTERN at +0x40: 0x7fffffffffffffff
[1785312316.313]   [iter 73] close=0x0 kernPtrs=10 freePatterns=1 changed=0 bytes
[1785312316.313]     *** KERNEL PTR PATTERN: offset=0x60 value=0xffffffff000000d3 ***
[1785312316.314]     *** KERNEL PTR PATTERN: offset=0x61 value=0xffffffffff000000 ***
[1785312316.314]     *** KERNEL PTR PATTERN: offset=0x62 value=0xffffffffffff0000 ***
[1785312316.314]     *** KERNEL PTR PATTERN: offset=0x59 value=0xffffff000000d300 ***
[1785312316.314]     *** KERNEL PTR PATTERN: offset=0x63 value=0xffffffffffffff00 ***
[1785312316.314]     *** KERNEL PTR PATTERN: offset=0x60 value=0xffffffff000000d3 ***
[1785312316.314]     *** KERNEL PTR PATTERN: offset=0x61 value=0xffffffffff000000 ***
[1785312316.314]     *** KERNEL PTR PATTERN: offset=0x62 value=0xffffffffffff0000 ***
[1785312316.314]     *** KERNEL PTR PATTERN: offset=0x59 value=0xffffff000000d300 ***
[1785312316.314]     *** KERNEL PTR PATTERN: offset=0x63 value=0xffffffffffffff00 ***
[1785312316.315]     ZONE FREE-PATTERN at +0x40: 0x7fffffffffffffff
[1785312316.315]   [iter 74] close=0x0 kernPtrs=10 freePatterns=1 changed=0 bytes
[1785312316.315]     *** KERNEL PTR PATTERN: offset=0x60 value=0xffffffff000000d3 ***
[1785312316.315]     *** KERNEL PTR PATTERN: offset=0x61 value=0xffffffffff000000 ***
[1785312316.315]     *** KERNEL PTR PATTERN: offset=0x62 value=0xffffffffffff0000 ***
[1785312316.315]     *** KERNEL PTR PATTERN: offset=0x59 value=0xffffff000000d300 ***
[1785312316.315]     *** KERNEL PTR PATTERN: offset=0x63 value=0xffffffffffffff00 ***
[1785312316.315]     *** KERNEL PTR PATTERN: offset=0x60 value=0xffffffff000000d3 ***
[1785312316.315]     *** KERNEL PTR PATTERN: offset=0x61 value=0xffffffffff000000 ***
[1785312316.315]     *** KERNEL PTR PATTERN: offset=0x62 value=0xffffffffffff0000 ***
[1785312316.315]     *** KERNEL PTR PATTERN: offset=0x59 value=0xffffff000000d300 ***
[1785312316.315]     *** KERNEL PTR PATTERN: offset=0x63 value=0xffffffffffffff00 ***
[1785312316.317]     ZONE FREE-PATTERN at +0x40: 0x7fffffffffffffff
[1785312316.317]   [iter 75] close=0x0 kernPtrs=10 freePatterns=1 changed=0 bytes
[1785312316.317]     *** KERNEL PTR PATTERN: offset=0x60 value=0xffffffff000000d3 ***
[1785312316.317]     *** KERNEL PTR PATTERN: offset=0x61 value=0xffffffffff000000 ***
[1785312316.317]     *** KERNEL PTR PATTERN: offset=0x62 value=0xffffffffffff0000 ***
[1785312316.317]     *** KERNEL PTR PATTERN: offset=0x59 value=0xffffff000000d300 ***
[1785312316.317]     *** KERNEL PTR PATTERN: offset=0x63 value=0xffffffffffffff00 ***
[1785312316.317]     *** KERNEL PTR PATTERN: offset=0x60 value=0xffffffff000000d3 ***
[1785312316.317]     *** KERNEL PTR PATTERN: offset=0x61 value=0xffffffffff000000 ***
[1785312316.317]     *** KERNEL PTR PATTERN: offset=0x62 value=0xffffffffffff0000 ***
[1785312316.317]     *** KERNEL PTR PATTERN: offset=0x59 value=0xffffff000000d300 ***
[1785312316.317]     *** KERNEL PTR PATTERN: offset=0x63 value=0xffffffffffffff00 ***
[1785312316.319]     ZONE FREE-PATTERN at +0x40: 0x7fffffffffffffff
[1785312316.319]   [iter 76] close=0x0 kernPtrs=10 freePatterns=1 changed=0 bytes
[1785312316.319]     *** KERNEL PTR PATTERN: offset=0x60 value=0xffffffff000000d3 ***
[1785312316.319]     *** KERNEL PTR PATTERN: offset=0x61 value=0xffffffffff000000 ***
[1785312316.320]     *** KERNEL PTR PATTERN: offset=0x62 value=0xffffffffffff0000 ***
[1785312316.320]     *** KERNEL PTR PATTERN: offset=0x59 value=0xffffff000000d300 ***
[1785312316.320]     *** KERNEL PTR PATTERN: offset=0x63 value=0xffffffffffffff00 ***
[1785312316.320]     *** KERNEL PTR PATTERN: offset=0x60 value=0xffffffff000000d3 ***
[1785312316.320]     *** KERNEL PTR PATTERN: offset=0x61 value=0xffffffffff000000 ***
[1785312316.320]     *** KERNEL PTR PATTERN: offset=0x62 value=0xffffffffffff0000 ***
[1785312316.320]     *** KERNEL PTR PATTERN: offset=0x59 value=0xffffff000000d300 ***
[1785312316.320]     *** KERNEL PTR PATTERN: offset=0x63 value=0xffffffffffffff00 ***
[1785312316.321]     ZONE FREE-PATTERN at +0x40: 0x7fffffffffffffff
[1785312316.321]   [iter 77] close=0x0 kernPtrs=10 freePatterns=1 changed=0 bytes
[1785312316.321]     *** KERNEL PTR PATTERN: offset=0x60 value=0xffffffff000000d3 ***
[1785312316.321]     *** KERNEL PTR PATTERN: offset=0x61 value=0xffffffffff000000 ***
[1785312316.321]     *** KERNEL PTR PATTERN: offset=0x62 value=0xffffffffffff0000 ***
[1785312316.321]     *** KERNEL PTR PATTERN: offset=0x59 value=0xffffff000000d300 ***
[1785312316.321]     *** KERNEL PTR PATTERN: offset=0x63 value=0xffffffffffffff00 ***
[1785312316.322]     *** KERNEL PTR PATTERN: offset=0x60 value=0xffffffff000000d3 ***
[1785312316.322]     *** KERNEL PTR PATTERN: offset=0x61 value=0xffffffffff000000 ***
[1785312316.322]     *** KERNEL PTR PATTERN: offset=0x62 value=0xffffffffffff0000 ***
[1785312316.322]     *** KERNEL PTR PATTERN: offset=0x59 value=0xffffff000000d300 ***
[1785312316.322]     *** KERNEL PTR PATTERN: offset=0x63 value=0xffffffffffffff00 ***
[1785312316.323]     ZONE FREE-PATTERN at +0x40: 0x7fffffffffffffff
[1785312316.323]   [iter 78] close=0x0 kernPtrs=10 freePatterns=1 changed=0 bytes
[1785312316.323]     *** KERNEL PTR PATTERN: offset=0x60 value=0xffffffff000000d3 ***
[1785312316.323]     *** KERNEL PTR PATTERN: offset=0x61 value=0xffffffffff000000 ***
[1785312316.323]     *** KERNEL PTR PATTERN: offset=0x62 value=0xffffffffffff0000 ***
[1785312316.323]     *** KERNEL PTR PATTERN: offset=0x59 value=0xffffff000000d300 ***
[1785312316.323]     *** KERNEL PTR PATTERN: offset=0x63 value=0xffffffffffffff00 ***
[1785312316.323]     *** KERNEL PTR PATTERN: offset=0x60 value=0xffffffff000000d3 ***
[1785312316.323]     *** KERNEL PTR PATTERN: offset=0x61 value=0xffffffffff000000 ***
[1785312316.323]     *** KERNEL PTR PATTERN: offset=0x62 value=0xffffffffffff0000 ***
[1785312316.323]     *** KERNEL PTR PATTERN: offset=0x59 value=0xffffff000000d300 ***
[1785312316.324]     *** KERNEL PTR PATTERN: offset=0x63 value=0xffffffffffffff00 ***
[1785312316.325]     ZONE FREE-PATTERN at +0x40: 0x7fffffffffffffff
[1785312316.325]   [iter 79] close=0x0 kernPtrs=10 freePatterns=1 changed=0 bytes
[1785312316.325]     *** KERNEL PTR PATTERN: offset=0x60 value=0xffffffff000000d3 ***
[1785312316.325]     *** KERNEL PTR PATTERN: offset=0x61 value=0xffffffffff000000 ***
[1785312316.325]     *** KERNEL PTR PATTERN: offset=0x62 value=0xffffffffffff0000 ***
[1785312316.325]     *** KERNEL PTR PATTERN: offset=0x59 value=0xffffff000000d300 ***
[1785312316.325]     *** KERNEL PTR PATTERN: offset=0x63 value=0xffffffffffffff00 ***
[1785312316.325]     *** KERNEL PTR PATTERN: offset=0x60 value=0xffffffff000000d3 ***
[1785312316.325]     *** KERNEL PTR PATTERN: offset=0x61 value=0xffffffffff000000 ***
[1785312316.325]     *** KERNEL PTR PATTERN: offset=0x62 value=0xffffffffffff0000 ***
[1785312316.325]     *** KERNEL PTR PATTERN: offset=0x59 value=0xffffff000000d300 ***
[1785312316.325]     *** KERNEL PTR PATTERN: offset=0x63 value=0xffffffffffffff00 ***
[1785312316.327]     ZONE FREE-PATTERN at +0x40: 0x7fffffffffffffff
[1785312316.327]   [iter 80] close=0x0 kernPtrs=10 freePatterns=1 changed=0 bytes
[1785312316.327]     *** KERNEL PTR PATTERN: offset=0x60 value=0xffffffff000000d3 ***
[1785312316.327]     *** KERNEL PTR PATTERN: offset=0x61 value=0xffffffffff000000 ***
[1785312316.327]     *** KERNEL PTR PATTERN: offset=0x62 value=0xffffffffffff0000 ***
[1785312316.327]     *** KERNEL PTR PATTERN: offset=0x59 value=0xffffff000000d300 ***
[1785312316.327]     *** KERNEL PTR PATTERN: offset=0x63 value=0xffffffffffffff00 ***
[1785312316.327]     *** KERNEL PTR PATTERN: offset=0x60 value=0xffffffff000000d3 ***
[1785312316.327]     *** KERNEL PTR PATTERN: offset=0x61 value=0xffffffffff000000 ***
[1785312316.327]     *** KERNEL PTR PATTERN: offset=0x62 value=0xffffffffffff0000 ***
[1785312316.327]     *** KERNEL PTR PATTERN: offset=0x59 value=0xffffff000000d300 ***
[1785312316.327]     *** KERNEL PTR PATTERN: offset=0x63 value=0xffffffffffffff00 ***
[1785312316.329]     ZONE FREE-PATTERN at +0x40: 0x7fffffffffffffff
[1785312316.329]   [iter 81] close=0x0 kernPtrs=10 freePatterns=1 changed=0 bytes
[1785312316.329]     *** KERNEL PTR PATTERN: offset=0x60 value=0xffffffff000000d3 ***
[1785312316.329]     *** KERNEL PTR PATTERN: offset=0x61 value=0xffffffffff000000 ***
[1785312316.329]     *** KERNEL PTR PATTERN: offset=0x62 value=0xffffffffffff0000 ***
[1785312316.329]     *** KERNEL PTR PATTERN: offset=0x59 value=0xffffff000000d300 ***
[1785312316.329]     *** KERNEL PTR PATTERN: offset=0x63 value=0xffffffffffffff00 ***
[1785312316.329]     *** KERNEL PTR PATTERN: offset=0x60 value=0xffffffff000000d3 ***
[1785312316.329]     *** KERNEL PTR PATTERN: offset=0x61 value=0xffffffffff000000 ***
[1785312316.329]     *** KERNEL PTR PATTERN: offset=0x62 value=0xffffffffffff0000 ***
[1785312316.329]     *** KERNEL PTR PATTERN: offset=0x59 value=0xffffff000000d300 ***
[1785312316.329]     *** KERNEL PTR PATTERN: offset=0x63 value=0xffffffffffffff00 ***
[1785312316.331]     ZONE FREE-PATTERN at +0x40: 0x7fffffffffffffff
[1785312316.331]   [iter 82] close=0x0 kernPtrs=10 freePatterns=1 changed=0 bytes
[1785312316.331]     *** KERNEL PTR PATTERN: offset=0x60 value=0xffffffff000000d3 ***
[1785312316.331]     *** KERNEL PTR PATTERN: offset=0x61 value=0xffffffffff000000 ***
[1785312316.331]     *** KERNEL PTR PATTERN: offset=0x62 value=0xffffffffffff0000 ***
[1785312316.331]     *** KERNEL PTR PATTERN: offset=0x59 value=0xffffff000000d300 ***
[1785312316.331]     *** KERNEL PTR PATTERN: offset=0x63 value=0xffffffffffffff00 ***
[1785312316.331]     *** KERNEL PTR PATTERN: offset=0x60 value=0xffffffff000000d3 ***
[1785312316.331]     *** KERNEL PTR PATTERN: offset=0x61 value=0xffffffffff000000 ***
[1785312316.331]     *** KERNEL PTR PATTERN: offset=0x62 value=0xffffffffffff0000 ***
[1785312316.331]     *** KERNEL PTR PATTERN: offset=0x59 value=0xffffff000000d300 ***
[1785312316.331]     *** KERNEL PTR PATTERN: offset=0x63 value=0xffffffffffffff00 ***
[1785312316.332]     ZONE FREE-PATTERN at +0x40: 0x7fffffffffffffff
[1785312316.332]   [iter 83] close=0x0 kernPtrs=10 freePatterns=1 changed=0 bytes
[1785312316.332]     *** KERNEL PTR PATTERN: offset=0x60 value=0xffffffff000000d3 ***
[1785312316.333]     *** KERNEL PTR PATTERN: offset=0x61 value=0xffffffffff000000 ***
[1785312316.333]     *** KERNEL PTR PATTERN: offset=0x62 value=0xffffffffffff0000 ***
[1785312316.333]     *** KERNEL PTR PATTERN: offset=0x59 value=0xffffff000000d300 ***
[1785312316.333]     *** KERNEL PTR PATTERN: offset=0x63 value=0xffffffffffffff00 ***
[1785312316.333]     *** KERNEL PTR PATTERN: offset=0x60 value=0xffffffff000000d3 ***
[1785312316.333]     *** KERNEL PTR PATTERN: offset=0x61 value=0xffffffffff000000 ***
[1785312316.333]     *** KERNEL PTR PATTERN: offset=0x62 value=0xffffffffffff0000 ***
[1785312316.333]     *** KERNEL PTR PATTERN: offset=0x59 value=0xffffff000000d300 ***
[1785312316.333]     *** KERNEL PTR PATTERN: offset=0x63 value=0xffffffffffffff00 ***
[1785312316.335]     ZONE FREE-PATTERN at +0x40: 0x7fffffffffffffff
[1785312316.335]   [iter 84] close=0x0 kernPtrs=10 freePatterns=1 changed=0 bytes
[1785312316.335]     *** KERNEL PTR PATTERN: offset=0x60 value=0xffffffff000000d3 ***
[1785312316.335]     *** KERNEL PTR PATTERN: offset=0x61 value=0xffffffffff000000 ***
[1785312316.335]     *** KERNEL PTR PATTERN: offset=0x62 value=0xffffffffffff0000 ***
[1785312316.335]     *** KERNEL PTR PATTERN: offset=0x59 value=0xffffff000000d300 ***
[1785312316.335]     *** KERNEL PTR PATTERN: offset=0x63 value=0xffffffffffffff00 ***
[1785312316.335]     *** KERNEL PTR PATTERN: offset=0x60 value=0xffffffff000000d3 ***
[1785312316.335]     *** KERNEL PTR PATTERN: offset=0x61 value=0xffffffffff000000 ***
[1785312316.335]     *** KERNEL PTR PATTERN: offset=0x62 value=0xffffffffffff0000 ***
[1785312316.335]     *** KERNEL PTR PATTERN: offset=0x59 value=0xffffff000000d300 ***
[1785312316.335]     *** KERNEL PTR PATTERN: offset=0x63 value=0xffffffffffffff00 ***
[1785312316.336]     ZONE FREE-PATTERN at +0x40: 0x7fffffffffffffff
[1785312316.336]   [iter 85] close=0x0 kernPtrs=10 freePatterns=1 changed=0 bytes
[1785312316.337]     *** KERNEL PTR PATTERN: offset=0x60 value=0xffffffff000000d3 ***
[1785312316.337]     *** KERNEL PTR PATTERN: offset=0x61 value=0xffffffffff000000 ***
[1785312316.337]     *** KERNEL PTR PATTERN: offset=0x62 value=0xffffffffffff0000 ***
[1785312316.337]     *** KERNEL PTR PATTERN: offset=0x59 value=0xffffff000000d300 ***
[1785312316.337]     *** KERNEL PTR PATTERN: offset=0x63 value=0xffffffffffffff00 ***
[1785312316.337]     *** KERNEL PTR PATTERN: offset=0x60 value=0xffffffff000000d3 ***
[1785312316.337]     *** KERNEL PTR PATTERN: offset=0x61 value=0xffffffffff000000 ***
[1785312316.337]     *** KERNEL PTR PATTERN: offset=0x62 value=0xffffffffffff0000 ***
[1785312316.337]     *** KERNEL PTR PATTERN: offset=0x59 value=0xffffff000000d300 ***
[1785312316.337]     *** KERNEL PTR PATTERN: offset=0x63 value=0xffffffffffffff00 ***
[1785312316.338]     ZONE FREE-PATTERN at +0x40: 0x7fffffffffffffff
[1785312316.338]   [iter 86] close=0x0 kernPtrs=10 freePatterns=1 changed=0 bytes
[1785312316.338]     *** KERNEL PTR PATTERN: offset=0x60 value=0xffffffff000000d3 ***
[1785312316.338]     *** KERNEL PTR PATTERN: offset=0x61 value=0xffffffffff000000 ***
[1785312316.338]     *** KERNEL PTR PATTERN: offset=0x62 value=0xffffffffffff0000 ***
[1785312316.338]     *** KERNEL PTR PATTERN: offset=0x59 value=0xffffff000000d300 ***
[1785312316.339]     *** KERNEL PTR PATTERN: offset=0x63 value=0xffffffffffffff00 ***
[1785312316.339]     *** KERNEL PTR PATTERN: offset=0x60 value=0xffffffff000000d3 ***
[1785312316.339]     *** KERNEL PTR PATTERN: offset=0x61 value=0xffffffffff000000 ***
[1785312316.339]     *** KERNEL PTR PATTERN: offset=0x62 value=0xffffffffffff0000 ***
[1785312316.339]     *** KERNEL PTR PATTERN: offset=0x59 value=0xffffff000000d300 ***
[1785312316.339]     *** KERNEL PTR PATTERN: offset=0x63 value=0xffffffffffffff00 ***
[1785312316.340]     ZONE FREE-PATTERN at +0x40: 0x7fffffffffffffff
[1785312316.340]   [iter 87] close=0x0 kernPtrs=10 freePatterns=1 changed=0 bytes
[1785312316.340]     *** KERNEL PTR PATTERN: offset=0x60 value=0xffffffff000000d3 ***
[1785312316.340]     *** KERNEL PTR PATTERN: offset=0x61 value=0xffffffffff000000 ***
[1785312316.340]     *** KERNEL PTR PATTERN: offset=0x62 value=0xffffffffffff0000 ***
[1785312316.340]     *** KERNEL PTR PATTERN: offset=0x59 value=0xffffff000000d300 ***
[1785312316.340]     *** KERNEL PTR PATTERN: offset=0x63 value=0xffffffffffffff00 ***
[1785312316.340]     *** KERNEL PTR PATTERN: offset=0x60 value=0xffffffff000000d3 ***
[1785312316.340]     *** KERNEL PTR PATTERN: offset=0x61 value=0xffffffffff000000 ***
[1785312316.341]     *** KERNEL PTR PATTERN: offset=0x62 value=0xffffffffffff0000 ***
[1785312316.341]     *** KERNEL PTR PATTERN: offset=0x59 value=0xffffff000000d300 ***
[1785312316.341]     *** KERNEL PTR PATTERN: offset=0x63 value=0xffffffffffffff00 ***
[1785312316.342]     ZONE FREE-PATTERN at +0x40: 0x7fffffffffffffff
[1785312316.342]   [iter 88] close=0x0 kernPtrs=10 freePatterns=1 changed=0 bytes
[1785312316.342]     *** KERNEL PTR PATTERN: offset=0x60 value=0xffffffff000000d3 ***
[1785312316.342]     *** KERNEL PTR PATTERN: offset=0x61 value=0xffffffffff000000 ***
[1785312316.342]     *** KERNEL PTR PATTERN: offset=0x62 value=0xffffffffffff0000 ***
[1785312316.342]     *** KERNEL PTR PATTERN: offset=0x59 value=0xffffff000000d300 ***
[1785312316.342]     *** KERNEL PTR PATTERN: offset=0x63 value=0xffffffffffffff00 ***
[1785312316.342]     *** KERNEL PTR PATTERN: offset=0x60 value=0xffffffff000000d3 ***
[1785312316.342]     *** KERNEL PTR PATTERN: offset=0x61 value=0xffffffffff000000 ***
[1785312316.342]     *** KERNEL PTR PATTERN: offset=0x62 value=0xffffffffffff0000 ***
[1785312316.342]     *** KERNEL PTR PATTERN: offset=0x59 value=0xffffff000000d300 ***
[1785312316.342]     *** KERNEL PTR PATTERN: offset=0x63 value=0xffffffffffffff00 ***
[1785312316.344]     ZONE FREE-PATTERN at +0x40: 0x7fffffffffffffff
[1785312316.344]   [iter 89] close=0x0 kernPtrs=10 freePatterns=1 changed=0 bytes
[1785312316.344]     *** KERNEL PTR PATTERN: offset=0x60 value=0xffffffff000000d3 ***
[1785312316.344]     *** KERNEL PTR PATTERN: offset=0x61 value=0xffffffffff000000 ***
[1785312316.344]     *** KERNEL PTR PATTERN: offset=0x62 value=0xffffffffffff0000 ***
[1785312316.344]     *** KERNEL PTR PATTERN: offset=0x59 value=0xffffff000000d300 ***
[1785312316.344]     *** KERNEL PTR PATTERN: offset=0x63 value=0xffffffffffffff00 ***
[1785312316.344]     *** KERNEL PTR PATTERN: offset=0x60 value=0xffffffff000000d3 ***
[1785312316.344]     *** KERNEL PTR PATTERN: offset=0x61 value=0xffffffffff000000 ***
[1785312316.344]     *** KERNEL PTR PATTERN: offset=0x62 value=0xffffffffffff0000 ***
[1785312316.344]     *** KERNEL PTR PATTERN: offset=0x59 value=0xffffff000000d300 ***
[1785312316.344]     *** KERNEL PTR PATTERN: offset=0x63 value=0xffffffffffffff00 ***
[1785312316.346]     ZONE FREE-PATTERN at +0x40: 0x7fffffffffffffff
[1785312316.346]   [iter 90] close=0x0 kernPtrs=10 freePatterns=1 changed=0 bytes
[1785312316.346]     *** KERNEL PTR PATTERN: offset=0x60 value=0xffffffff000000d3 ***
[1785312316.346]     *** KERNEL PTR PATTERN: offset=0x61 value=0xffffffffff000000 ***
[1785312316.346]     *** KERNEL PTR PATTERN: offset=0x62 value=0xffffffffffff0000 ***
[1785312316.346]     *** KERNEL PTR PATTERN: offset=0x59 value=0xffffff000000d300 ***
[1785312316.346]     *** KERNEL PTR PATTERN: offset=0x63 value=0xffffffffffffff00 ***
[1785312316.346]     *** KERNEL PTR PATTERN: offset=0x60 value=0xffffffff000000d3 ***
[1785312316.346]     *** KERNEL PTR PATTERN: offset=0x61 value=0xffffffffff000000 ***
[1785312316.346]     *** KERNEL PTR PATTERN: offset=0x62 value=0xffffffffffff0000 ***
[1785312316.346]     *** KERNEL PTR PATTERN: offset=0x59 value=0xffffff000000d300 ***
[1785312316.346]     *** KERNEL PTR PATTERN: offset=0x63 value=0xffffffffffffff00 ***
[1785312316.347]     ZONE FREE-PATTERN at +0x40: 0x7fffffffffffffff
[1785312316.348]   [iter 91] close=0x0 kernPtrs=10 freePatterns=1 changed=0 bytes
[1785312316.348]     *** KERNEL PTR PATTERN: offset=0x60 value=0xffffffff000000d3 ***
[1785312316.348]     *** KERNEL PTR PATTERN: offset=0x61 value=0xffffffffff000000 ***
[1785312316.348]     *** KERNEL PTR PATTERN: offset=0x62 value=0xffffffffffff0000 ***
[1785312316.348]     *** KERNEL PTR PATTERN: offset=0x59 value=0xffffff000000d300 ***
[1785312316.348]     *** KERNEL PTR PATTERN: offset=0x63 value=0xffffffffffffff00 ***
[1785312316.348]     *** KERNEL PTR PATTERN: offset=0x60 value=0xffffffff000000d3 ***
[1785312316.348]     *** KERNEL PTR PATTERN: offset=0x61 value=0xffffffffff000000 ***
[1785312316.348]     *** KERNEL PTR PATTERN: offset=0x62 value=0xffffffffffff0000 ***
[1785312316.348]     *** KERNEL PTR PATTERN: offset=0x59 value=0xffffff000000d300 ***
[1785312316.348]     *** KERNEL PTR PATTERN: offset=0x63 value=0xffffffffffffff00 ***
[1785312316.350]     ZONE FREE-PATTERN at +0x40: 0x7fffffffffffffff
[1785312316.350]   [iter 92] close=0x0 kernPtrs=10 freePatterns=1 changed=0 bytes
[1785312316.350]     *** KERNEL PTR PATTERN: offset=0x60 value=0xffffffff000000d3 ***
[1785312316.350]     *** KERNEL PTR PATTERN: offset=0x61 value=0xffffffffff000000 ***
[1785312316.350]     *** KERNEL PTR PATTERN: offset=0x62 value=0xffffffffffff0000 ***
[1785312316.350]     *** KERNEL PTR PATTERN: offset=0x59 value=0xffffff000000d300 ***
[1785312316.350]     *** KERNEL PTR PATTERN: offset=0x63 value=0xffffffffffffff00 ***
[1785312316.350]     *** KERNEL PTR PATTERN: offset=0x60 value=0xffffffff000000d3 ***
[1785312316.350]     *** KERNEL PTR PATTERN: offset=0x61 value=0xffffffffff000000 ***
[1785312316.350]     *** KERNEL PTR PATTERN: offset=0x62 value=0xffffffffffff0000 ***
[1785312316.350]     *** KERNEL PTR PATTERN: offset=0x59 value=0xffffff000000d300 ***
[1785312316.350]     *** KERNEL PTR PATTERN: offset=0x63 value=0xffffffffffffff00 ***
[1785312316.351]     ZONE FREE-PATTERN at +0x40: 0x7fffffffffffffff
[1785312316.351]   [iter 93] close=0x0 kernPtrs=10 freePatterns=1 changed=0 bytes
[1785312316.351]     *** KERNEL PTR PATTERN: offset=0x60 value=0xffffffff000000d3 ***
[1785312316.351]     *** KERNEL PTR PATTERN: offset=0x61 value=0xffffffffff000000 ***
[1785312316.351]     *** KERNEL PTR PATTERN: offset=0x62 value=0xffffffffffff0000 ***
[1785312316.352]     *** KERNEL PTR PATTERN: offset=0x59 value=0xffffff000000d300 ***
[1785312316.352]     *** KERNEL PTR PATTERN: offset=0x63 value=0xffffffffffffff00 ***
[1785312316.352]     *** KERNEL PTR PATTERN: offset=0x60 value=0xffffffff000000d3 ***
[1785312316.352]     *** KERNEL PTR PATTERN: offset=0x61 value=0xffffffffff000000 ***
[1785312316.352]     *** KERNEL PTR PATTERN: offset=0x62 value=0xffffffffffff0000 ***
[1785312316.352]     *** KERNEL PTR PATTERN: offset=0x59 value=0xffffff000000d300 ***
[1785312316.352]     *** KERNEL PTR PATTERN: offset=0x63 value=0xffffffffffffff00 ***
[1785312316.353]     ZONE FREE-PATTERN at +0x40: 0x7fffffffffffffff
[1785312316.353]   [iter 94] close=0x0 kernPtrs=10 freePatterns=1 changed=0 bytes
[1785312316.353]     *** KERNEL PTR PATTERN: offset=0x60 value=0xffffffff000000d3 ***
[1785312316.353]     *** KERNEL PTR PATTERN: offset=0x61 value=0xffffffffff000000 ***
[1785312316.353]     *** KERNEL PTR PATTERN: offset=0x62 value=0xffffffffffff0000 ***
[1785312316.353]     *** KERNEL PTR PATTERN: offset=0x59 value=0xffffff000000d300 ***
[1785312316.354]     *** KERNEL PTR PATTERN: offset=0x63 value=0xffffffffffffff00 ***
[1785312316.354]     *** KERNEL PTR PATTERN: offset=0x60 value=0xffffffff000000d3 ***
[1785312316.354]     *** KERNEL PTR PATTERN: offset=0x61 value=0xffffffffff000000 ***
[1785312316.354]     *** KERNEL PTR PATTERN: offset=0x62 value=0xffffffffffff0000 ***
[1785312316.354]     *** KERNEL PTR PATTERN: offset=0x59 value=0xffffff000000d300 ***
[1785312316.354]     *** KERNEL PTR PATTERN: offset=0x63 value=0xffffffffffffff00 ***
[1785312316.355]     ZONE FREE-PATTERN at +0x40: 0x7fffffffffffffff
[1785312316.355]   [iter 95] close=0x0 kernPtrs=10 freePatterns=1 changed=0 bytes
[1785312316.355]     *** KERNEL PTR PATTERN: offset=0x60 value=0xffffffff000000d3 ***
[1785312316.355]     *** KERNEL PTR PATTERN: offset=0x61 value=0xffffffffff000000 ***
[1785312316.355]     *** KERNEL PTR PATTERN: offset=0x62 value=0xffffffffffff0000 ***
[1785312316.355]     *** KERNEL PTR PATTERN: offset=0x59 value=0xffffff000000d300 ***
[1785312316.355]     *** KERNEL PTR PATTERN: offset=0x63 value=0xffffffffffffff00 ***
[1785312316.355]     *** KERNEL PTR PATTERN: offset=0x60 value=0xffffffff000000d3 ***
[1785312316.355]     *** KERNEL PTR PATTERN: offset=0x61 value=0xffffffffff000000 ***
[1785312316.355]     *** KERNEL PTR PATTERN: offset=0x62 value=0xffffffffffff0000 ***
[1785312316.355]     *** KERNEL PTR PATTERN: offset=0x59 value=0xffffff000000d300 ***
[1785312316.355]     *** KERNEL PTR PATTERN: offset=0x63 value=0xffffffffffffff00 ***
[1785312316.357]     ZONE FREE-PATTERN at +0x40: 0x7fffffffffffffff
[1785312316.357]   [iter 96] close=0x0 kernPtrs=10 freePatterns=1 changed=0 bytes
[1785312316.357]     *** KERNEL PTR PATTERN: offset=0x60 value=0xffffffff000000d3 ***
[1785312316.357]     *** KERNEL PTR PATTERN: offset=0x61 value=0xffffffffff000000 ***
[1785312316.357]     *** KERNEL PTR PATTERN: offset=0x62 value=0xffffffffffff0000 ***
[1785312316.357]     *** KERNEL PTR PATTERN: offset=0x59 value=0xffffff000000d300 ***
[1785312316.357]     *** KERNEL PTR PATTERN: offset=0x63 value=0xffffffffffffff00 ***
[1785312316.357]     *** KERNEL PTR PATTERN: offset=0x60 value=0xffffffff000000d3 ***
[1785312316.357]     *** KERNEL PTR PATTERN: offset=0x61 value=0xffffffffff000000 ***
[1785312316.357]     *** KERNEL PTR PATTERN: offset=0x62 value=0xffffffffffff0000 ***
[1785312316.357]     *** KERNEL PTR PATTERN: offset=0x59 value=0xffffff000000d300 ***
[1785312316.357]     *** KERNEL PTR PATTERN: offset=0x63 value=0xffffffffffffff00 ***
[1785312316.359]     ZONE FREE-PATTERN at +0x40: 0x7fffffffffffffff
[1785312316.359]   [iter 97] close=0x0 kernPtrs=10 freePatterns=1 changed=0 bytes
[1785312316.359]     *** KERNEL PTR PATTERN: offset=0x60 value=0xffffffff000000d3 ***
[1785312316.359]     *** KERNEL PTR PATTERN: offset=0x61 value=0xffffffffff000000 ***
[1785312316.359]     *** KERNEL PTR PATTERN: offset=0x62 value=0xffffffffffff0000 ***
[1785312316.359]     *** KERNEL PTR PATTERN: offset=0x59 value=0xffffff000000d300 ***
[1785312316.359]     *** KERNEL PTR PATTERN: offset=0x63 value=0xffffffffffffff00 ***
[1785312316.359]     *** KERNEL PTR PATTERN: offset=0x60 value=0xffffffff000000d3 ***
[1785312316.359]     *** KERNEL PTR PATTERN: offset=0x61 value=0xffffffffff000000 ***
[1785312316.359]     *** KERNEL PTR PATTERN: offset=0x62 value=0xffffffffffff0000 ***
[1785312316.360]     *** KERNEL PTR PATTERN: offset=0x59 value=0xffffff000000d300 ***
[1785312316.360]     *** KERNEL PTR PATTERN: offset=0x63 value=0xffffffffffffff00 ***
[1785312316.361]     ZONE FREE-PATTERN at +0x40: 0x7fffffffffffffff
[1785312316.361]   [iter 98] close=0x0 kernPtrs=10 freePatterns=1 changed=0 bytes
[1785312316.361]     *** KERNEL PTR PATTERN: offset=0x60 value=0xffffffff000000d3 ***
[1785312316.361]     *** KERNEL PTR PATTERN: offset=0x61 value=0xffffffffff000000 ***
[1785312316.361]     *** KERNEL PTR PATTERN: offset=0x62 value=0xffffffffffff0000 ***
[1785312316.361]     *** KERNEL PTR PATTERN: offset=0x59 value=0xffffff000000d300 ***
[1785312316.361]     *** KERNEL PTR PATTERN: offset=0x63 value=0xffffffffffffff00 ***
[1785312316.361]     *** KERNEL PTR PATTERN: offset=0x60 value=0xffffffff000000d3 ***
[1785312316.361]     *** KERNEL PTR PATTERN: offset=0x61 value=0xffffffffff000000 ***
[1785312316.362]     *** KERNEL PTR PATTERN: offset=0x62 value=0xffffffffffff0000 ***
[1785312316.362]     *** KERNEL PTR PATTERN: offset=0x59 value=0xffffff000000d300 ***
[1785312316.362]     *** KERNEL PTR PATTERN: offset=0x63 value=0xffffffffffffff00 ***
[1785312316.363]     ZONE FREE-PATTERN at +0x40: 0x7fffffffffffffff
[1785312316.363]   [iter 99] close=0x0 kernPtrs=10 freePatterns=1 changed=0 bytes
[1785312316.363]     *** KERNEL PTR PATTERN: offset=0x60 value=0xffffffff000000d3 ***
[1785312316.363]     *** KERNEL PTR PATTERN: offset=0x61 value=0xffffffffff000000 ***
[1785312316.363]     *** KERNEL PTR PATTERN: offset=0x62 value=0xffffffffffff0000 ***
[1785312316.363]     *** KERNEL PTR PATTERN: offset=0x59 value=0xffffff000000d300 ***
[1785312316.363]     *** KERNEL PTR PATTERN: offset=0x63 value=0xffffffffffffff00 ***
[1785312316.363]     *** KERNEL PTR PATTERN: offset=0x60 value=0xffffffff000000d3 ***
[1785312316.363]     *** KERNEL PTR PATTERN: offset=0x61 value=0xffffffffff000000 ***
[1785312316.363]     *** KERNEL PTR PATTERN: offset=0x62 value=0xffffffffffff0000 ***
[1785312316.363]     *** KERNEL PTR PATTERN: offset=0x59 value=0xffffff000000d300 ***
[1785312316.363]     *** KERNEL PTR PATTERN: offset=0x63 value=0xffffffffffffff00 ***
[1785312316.365]     ZONE FREE-PATTERN at +0x40: 0x7fffffffffffffff
[1785312316.365]   [iter 100] close=0x0 kernPtrs=10 freePatterns=1 changed=0 bytes
[1785312316.365]     *** KERNEL PTR PATTERN: offset=0x60 value=0xffffffff000000d3 ***
[1785312316.365]     *** KERNEL PTR PATTERN: offset=0x61 value=0xffffffffff000000 ***
[1785312316.365]     *** KERNEL PTR PATTERN: offset=0x62 value=0xffffffffffff0000 ***
[1785312316.365]     *** KERNEL PTR PATTERN: offset=0x59 value=0xffffff000000d300 ***
[1785312316.365]     *** KERNEL PTR PATTERN: offset=0x63 value=0xffffffffffffff00 ***
[1785312316.365]     *** KERNEL PTR PATTERN: offset=0x60 value=0xffffffff000000d3 ***
[1785312316.365]     *** KERNEL PTR PATTERN: offset=0x61 value=0xffffffffff000000 ***
[1785312316.365]     *** KERNEL PTR PATTERN: offset=0x62 value=0xffffffffffff0000 ***
[1785312316.365]     *** KERNEL PTR PATTERN: offset=0x59 value=0xffffff000000d300 ***
[1785312316.366]     *** KERNEL PTR PATTERN: offset=0x63 value=0xffffffffffffff00 ***
[1785312316.367]     ZONE FREE-PATTERN at +0x40: 0x7fffffffffffffff
[1785312316.367]   [iter 101] close=0x0 kernPtrs=10 freePatterns=1 changed=0 bytes
[1785312316.367]     *** KERNEL PTR PATTERN: offset=0x60 value=0xffffffff000000d3 ***
[1785312316.367]     *** KERNEL PTR PATTERN: offset=0x61 value=0xffffffffff000000 ***
[1785312316.367]     *** KERNEL PTR PATTERN: offset=0x62 value=0xffffffffffff0000 ***
[1785312316.367]     *** KERNEL PTR PATTERN: offset=0x59 value=0xffffff000000d300 ***
[1785312316.367]     *** KERNEL PTR PATTERN: offset=0x63 value=0xffffffffffffff00 ***
[1785312316.367]     *** KERNEL PTR PATTERN: offset=0x60 value=0xffffffff000000d3 ***
[1785312316.367]     *** KERNEL PTR PATTERN: offset=0x61 value=0xffffffffff000000 ***
[1785312316.367]     *** KERNEL PTR PATTERN: offset=0x62 value=0xffffffffffff0000 ***
[1785312316.367]     *** KERNEL PTR PATTERN: offset=0x59 value=0xffffff000000d300 ***
[1785312316.367]     *** KERNEL PTR PATTERN: offset=0x63 value=0xffffffffffffff00 ***
[1785312316.369]     ZONE FREE-PATTERN at +0x40: 0x7fffffffffffffff
[1785312316.369]   [iter 102] close=0x0 kernPtrs=10 freePatterns=1 changed=0 bytes
[1785312316.369]     *** KERNEL PTR PATTERN: offset=0x60 value=0xffffffff000000d3 ***
[1785312316.369]     *** KERNEL PTR PATTERN: offset=0x61 value=0xffffffffff000000 ***
[1785312316.369]     *** KERNEL PTR PATTERN: offset=0x62 value=0xffffffffffff0000 ***
[1785312316.369]     *** KERNEL PTR PATTERN: offset=0x59 value=0xffffff000000d300 ***
[1785312316.369]     *** KERNEL PTR PATTERN: offset=0x63 value=0xffffffffffffff00 ***
[1785312316.369]     *** KERNEL PTR PATTERN: offset=0x60 value=0xffffffff000000d3 ***
[1785312316.369]     *** KERNEL PTR PATTERN: offset=0x61 value=0xffffffffff000000 ***
[1785312316.369]     *** KERNEL PTR PATTERN: offset=0x62 value=0xffffffffffff0000 ***
[1785312316.369]     *** KERNEL PTR PATTERN: offset=0x59 value=0xffffff000000d300 ***
[1785312316.369]     *** KERNEL PTR PATTERN: offset=0x63 value=0xffffffffffffff00 ***
[1785312316.370]     ZONE FREE-PATTERN at +0x40: 0x7fffffffffffffff
[1785312316.370]   [iter 103] close=0x0 kernPtrs=10 freePatterns=1 changed=0 bytes
[1785312316.370]     *** KERNEL PTR PATTERN: offset=0x60 value=0xffffffff000000d3 ***
[1785312316.370]     *** KERNEL PTR PATTERN: offset=0x61 value=0xffffffffff000000 ***
[1785312316.370]     *** KERNEL PTR PATTERN: offset=0x62 value=0xffffffffffff0000 ***
[1785312316.370]     *** KERNEL PTR PATTERN: offset=0x59 value=0xffffff000000d300 ***
[1785312316.370]     *** KERNEL PTR PATTERN: offset=0x63 value=0xffffffffffffff00 ***
[1785312316.370]     *** KERNEL PTR PATTERN: offset=0x60 value=0xffffffff000000d3 ***
[1785312316.370]     *** KERNEL PTR PATTERN: offset=0x61 value=0xffffffffff000000 ***
[1785312316.370]     *** KERNEL PTR PATTERN: offset=0x62 value=0xffffffffffff0000 ***
[1785312316.370]     *** KERNEL PTR PATTERN: offset=0x59 value=0xffffff000000d300 ***
[1785312316.370]     *** KERNEL PTR PATTERN: offset=0x63 value=0xffffffffffffff00 ***
[1785312316.372]     ZONE FREE-PATTERN at +0x40: 0x7fffffffffffffff
[1785312316.372]   [iter 104] close=0x0 kernPtrs=10 freePatterns=1 changed=0 bytes
[1785312316.372]     *** KERNEL PTR PATTERN: offset=0x60 value=0xffffffff000000d3 ***
[1785312316.372]     *** KERNEL PTR PATTERN: offset=0x61 value=0xffffffffff000000 ***
[1785312316.372]     *** KERNEL PTR PATTERN: offset=0x62 value=0xffffffffffff0000 ***
[1785312316.372]     *** KERNEL PTR PATTERN: offset=0x59 value=0xffffff000000d300 ***
[1785312316.372]     *** KERNEL PTR PATTERN: offset=0x63 value=0xffffffffffffff00 ***
[1785312316.372]     *** KERNEL PTR PATTERN: offset=0x60 value=0xffffffff000000d3 ***
[1785312316.372]     *** KERNEL PTR PATTERN: offset=0x61 value=0xffffffffff000000 ***
[1785312316.372]     *** KERNEL PTR PATTERN: offset=0x62 value=0xffffffffffff0000 ***
[1785312316.372]     *** KERNEL PTR PATTERN: offset=0x59 value=0xffffff000000d300 ***
[1785312316.372]     *** KERNEL PTR PATTERN: offset=0x63 value=0xffffffffffffff00 ***
[1785312316.373]     ZONE FREE-PATTERN at +0x40: 0x7fffffffffffffff
[1785312316.373]   [iter 105] close=0x0 kernPtrs=10 freePatterns=1 changed=0 bytes
[1785312316.373]     *** KERNEL PTR PATTERN: offset=0x60 value=0xffffffff000000d3 ***
[1785312316.374]     *** KERNEL PTR PATTERN: offset=0x61 value=0xffffffffff000000 ***
[1785312316.374]     *** KERNEL PTR PATTERN: offset=0x62 value=0xffffffffffff0000 ***
[1785312316.374]     *** KERNEL PTR PATTERN: offset=0x59 value=0xffffff000000d300 ***
[1785312316.374]     *** KERNEL PTR PATTERN: offset=0x63 value=0xffffffffffffff00 ***
[1785312316.374]     *** KERNEL PTR PATTERN: offset=0x60 value=0xffffffff000000d3 ***
[1785312316.374]     *** KERNEL PTR PATTERN: offset=0x61 value=0xffffffffff000000 ***
[1785312316.374]     *** KERNEL PTR PATTERN: offset=0x62 value=0xffffffffffff0000 ***
[1785312316.374]     *** KERNEL PTR PATTERN: offset=0x59 value=0xffffff000000d300 ***
[1785312316.374]     *** KERNEL PTR PATTERN: offset=0x63 value=0xffffffffffffff00 ***
[1785312316.375]     ZONE FREE-PATTERN at +0x40: 0x7fffffffffffffff
[1785312316.375]   [iter 106] close=0x0 kernPtrs=10 freePatterns=1 changed=0 bytes
[1785312316.375]     *** KERNEL PTR PATTERN: offset=0x60 value=0xffffffff000000d3 ***
[1785312316.375]     *** KERNEL PTR PATTERN: offset=0x61 value=0xffffffffff000000 ***
[1785312316.375]     *** KERNEL PTR PATTERN: offset=0x62 value=0xffffffffffff0000 ***
[1785312316.375]     *** KERNEL PTR PATTERN: offset=0x59 value=0xffffff000000d300 ***
[1785312316.375]     *** KERNEL PTR PATTERN: offset=0x63 value=0xffffffffffffff00 ***
[1785312316.375]     *** KERNEL PTR PATTERN: offset=0x60 value=0xffffffff000000d3 ***
[1785312316.375]     *** KERNEL PTR PATTERN: offset=0x61 value=0xffffffffff000000 ***
[1785312316.375]     *** KERNEL PTR PATTERN: offset=0x62 value=0xffffffffffff0000 ***
[1785312316.375]     *** KERNEL PTR PATTERN: offset=0x59 value=0xffffff000000d300 ***
[1785312316.375]     *** KERNEL PTR PATTERN: offset=0x63 value=0xffffffffffffff00 ***
[1785312316.377]     ZONE FREE-PATTERN at +0x40: 0x7fffffffffffffff
[1785312316.377]   [iter 107] close=0x0 kernPtrs=10 freePatterns=1 changed=0 bytes
[1785312316.377]     *** KERNEL PTR PATTERN: offset=0x60 value=0xffffffff000000d3 ***
[1785312316.377]     *** KERNEL PTR PATTERN: offset=0x61 value=0xffffffffff000000 ***
[1785312316.377]     *** KERNEL PTR PATTERN: offset=0x62 value=0xffffffffffff0000 ***
[1785312316.377]     *** KERNEL PTR PATTERN: offset=0x59 value=0xffffff000000d300 ***
[1785312316.377]     *** KERNEL PTR PATTERN: offset=0x63 value=0xffffffffffffff00 ***
[1785312316.377]     *** KERNEL PTR PATTERN: offset=0x60 value=0xffffffff000000d3 ***
[1785312316.377]     *** KERNEL PTR PATTERN: offset=0x61 value=0xffffffffff000000 ***
[1785312316.377]     *** KERNEL PTR PATTERN: offset=0x62 value=0xffffffffffff0000 ***
[1785312316.377]     *** KERNEL PTR PATTERN: offset=0x59 value=0xffffff000000d300 ***
[1785312316.377]     *** KERNEL PTR PATTERN: offset=0x63 value=0xffffffffffffff00 ***
[1785312316.379]     ZONE FREE-PATTERN at +0x40: 0x7fffffffffffffff
[1785312316.379]   [iter 108] close=0x0 kernPtrs=10 freePatterns=1 changed=0 bytes
[1785312316.379]     *** KERNEL PTR PATTERN: offset=0x60 value=0xffffffff000000d3 ***
[1785312316.379]     *** KERNEL PTR PATTERN: offset=0x61 value=0xffffffffff000000 ***
[1785312316.379]     *** KERNEL PTR PATTERN: offset=0x62 value=0xffffffffffff0000 ***
[1785312316.379]     *** KERNEL PTR PATTERN: offset=0x59 value=0xffffff000000d300 ***
[1785312316.379]     *** KERNEL PTR PATTERN: offset=0x63 value=0xffffffffffffff00 ***
[1785312316.379]     *** KERNEL PTR PATTERN: offset=0x60 value=0xffffffff000000d3 ***
[1785312316.379]     *** KERNEL PTR PATTERN: offset=0x61 value=0xffffffffff000000 ***
[1785312316.379]     *** KERNEL PTR PATTERN: offset=0x62 value=0xffffffffffff0000 ***
[1785312316.379]     *** KERNEL PTR PATTERN: offset=0x59 value=0xffffff000000d300 ***
[1785312316.379]     *** KERNEL PTR PATTERN: offset=0x63 value=0xffffffffffffff00 ***
[1785312316.381]     ZONE FREE-PATTERN at +0x40: 0x7fffffffffffffff
[1785312316.381]   [iter 109] close=0x0 kernPtrs=10 freePatterns=1 changed=0 bytes
[1785312316.381]     *** KERNEL PTR PATTERN: offset=0x60 value=0xffffffff000000d3 ***
[1785312316.381]     *** KERNEL PTR PATTERN: offset=0x61 value=0xffffffffff000000 ***
[1785312316.381]     *** KERNEL PTR PATTERN: offset=0x62 value=0xffffffffffff0000 ***
[1785312316.381]     *** KERNEL PTR PATTERN: offset=0x59 value=0xffffff000000d300 ***
[1785312316.381]     *** KERNEL PTR PATTERN: offset=0x63 value=0xffffffffffffff00 ***
[1785312316.381]     *** KERNEL PTR PATTERN: offset=0x60 value=0xffffffff000000d3 ***
[1785312316.381]     *** KERNEL PTR PATTERN: offset=0x61 value=0xffffffffff000000 ***
[1785312316.381]     *** KERNEL PTR PATTERN: offset=0x62 value=0xffffffffffff0000 ***
[1785312316.381]     *** KERNEL PTR PATTERN: offset=0x59 value=0xffffff000000d300 ***
[1785312316.381]     *** KERNEL PTR PATTERN: offset=0x63 value=0xffffffffffffff00 ***
[1785312316.382]     ZONE FREE-PATTERN at +0x40: 0x7fffffffffffffff
[1785312316.382]   [iter 110] close=0x0 kernPtrs=10 freePatterns=1 changed=0 bytes
[1785312316.382]     *** KERNEL PTR PATTERN: offset=0x60 value=0xffffffff000000d3 ***
[1785312316.382]     *** KERNEL PTR PATTERN: offset=0x61 value=0xffffffffff000000 ***
[1785312316.382]     *** KERNEL PTR PATTERN: offset=0x62 value=0xffffffffffff0000 ***
[1785312316.382]     *** KERNEL PTR PATTERN: offset=0x59 value=0xffffff000000d300 ***
[1785312316.382]     *** KERNEL PTR PATTERN: offset=0x63 value=0xffffffffffffff00 ***
[1785312316.382]     *** KERNEL PTR PATTERN: offset=0x60 value=0xffffffff000000d3 ***
[1785312316.382]     *** KERNEL PTR PATTERN: offset=0x61 value=0xffffffffff000000 ***
[1785312316.382]     *** KERNEL PTR PATTERN: offset=0x62 value=0xffffffffffff0000 ***
[1785312316.382]     *** KERNEL PTR PATTERN: offset=0x59 value=0xffffff000000d300 ***
[1785312316.382]     *** KERNEL PTR PATTERN: offset=0x63 value=0xffffffffffffff00 ***
[1785312316.384]     ZONE FREE-PATTERN at +0x40: 0x7fffffffffffffff
[1785312316.384]   [iter 111] close=0x0 kernPtrs=10 freePatterns=1 changed=0 bytes
[1785312316.384]     *** KERNEL PTR PATTERN: offset=0x60 value=0xffffffff000000d3 ***
[1785312316.384]     *** KERNEL PTR PATTERN: offset=0x61 value=0xffffffffff000000 ***
[1785312316.384]     *** KERNEL PTR PATTERN: offset=0x62 value=0xffffffffffff0000 ***
[1785312316.384]     *** KERNEL PTR PATTERN: offset=0x59 value=0xffffff000000d300 ***
[1785312316.384]     *** KERNEL PTR PATTERN: offset=0x63 value=0xffffffffffffff00 ***
[1785312316.384]     *** KERNEL PTR PATTERN: offset=0x60 value=0xffffffff000000d3 ***
[1785312316.384]     *** KERNEL PTR PATTERN: offset=0x61 value=0xffffffffff000000 ***
[1785312316.384]     *** KERNEL PTR PATTERN: offset=0x62 value=0xffffffffffff0000 ***
[1785312316.384]     *** KERNEL PTR PATTERN: offset=0x59 value=0xffffff000000d300 ***
[1785312316.384]     *** KERNEL PTR PATTERN: offset=0x63 value=0xffffffffffffff00 ***
[1785312316.386]     ZONE FREE-PATTERN at +0x40: 0x7fffffffffffffff
[1785312316.386]   [iter 112] close=0x0 kernPtrs=10 freePatterns=1 changed=0 bytes
[1785312316.386]     *** KERNEL PTR PATTERN: offset=0x60 value=0xffffffff000000d3 ***
[1785312316.386]     *** KERNEL PTR PATTERN: offset=0x61 value=0xffffffffff000000 ***
[1785312316.386]     *** KERNEL PTR PATTERN: offset=0x62 value=0xffffffffffff0000 ***
[1785312316.386]     *** KERNEL PTR PATTERN: offset=0x59 value=0xffffff000000d300 ***
[1785312316.386]     *** KERNEL PTR PATTERN: offset=0x63 value=0xffffffffffffff00 ***
[1785312316.386]     *** KERNEL PTR PATTERN: offset=0x60 value=0xffffffff000000d3 ***
[1785312316.386]     *** KERNEL PTR PATTERN: offset=0x61 value=0xffffffffff000000 ***
[1785312316.386]     *** KERNEL PTR PATTERN: offset=0x62 value=0xffffffffffff0000 ***
[1785312316.386]     *** KERNEL PTR PATTERN: offset=0x59 value=0xffffff000000d300 ***
[1785312316.386]     *** KERNEL PTR PATTERN: offset=0x63 value=0xffffffffffffff00 ***
[1785312316.388]     ZONE FREE-PATTERN at +0x40: 0x7fffffffffffffff
[1785312316.388]   [iter 113] close=0x0 kernPtrs=10 freePatterns=1 changed=0 bytes
[1785312316.388]     *** KERNEL PTR PATTERN: offset=0x60 value=0xffffffff000000d3 ***
[1785312316.388]     *** KERNEL PTR PATTERN: offset=0x61 value=0xffffffffff000000 ***
[1785312316.388]     *** KERNEL PTR PATTERN: offset=0x62 value=0xffffffffffff0000 ***
[1785312316.388]     *** KERNEL PTR PATTERN: offset=0x59 value=0xffffff000000d300 ***
[1785312316.388]     *** KERNEL PTR PATTERN: offset=0x63 value=0xffffffffffffff00 ***
[1785312316.388]     *** KERNEL PTR PATTERN: offset=0x60 value=0xffffffff000000d3 ***
[1785312316.388]     *** KERNEL PTR PATTERN: offset=0x61 value=0xffffffffff000000 ***
[1785312316.388]     *** KERNEL PTR PATTERN: offset=0x62 value=0xffffffffffff0000 ***
[1785312316.388]     *** KERNEL PTR PATTERN: offset=0x59 value=0xffffff000000d300 ***
[1785312316.388]     *** KERNEL PTR PATTERN: offset=0x63 value=0xffffffffffffff00 ***
[1785312316.390]     ZONE FREE-PATTERN at +0x40: 0x7fffffffffffffff
[1785312316.390]   [iter 114] close=0x0 kernPtrs=10 freePatterns=1 changed=0 bytes
[1785312316.390]     *** KERNEL PTR PATTERN: offset=0x60 value=0xffffffff000000d3 ***
[1785312316.390]     *** KERNEL PTR PATTERN: offset=0x61 value=0xffffffffff000000 ***
[1785312316.390]     *** KERNEL PTR PATTERN: offset=0x62 value=0xffffffffffff0000 ***
[1785312316.390]     *** KERNEL PTR PATTERN: offset=0x59 value=0xffffff000000d300 ***
[1785312316.390]     *** KERNEL PTR PATTERN: offset=0x63 value=0xffffffffffffff00 ***
[1785312316.390]     *** KERNEL PTR PATTERN: offset=0x60 value=0xffffffff000000d3 ***
[1785312316.390]     *** KERNEL PTR PATTERN: offset=0x61 value=0xffffffffff000000 ***
[1785312316.390]     *** KERNEL PTR PATTERN: offset=0x62 value=0xffffffffffff0000 ***
[1785312316.390]     *** KERNEL PTR PATTERN: offset=0x59 value=0xffffff000000d300 ***
[1785312316.390]     *** KERNEL PTR PATTERN: offset=0x63 value=0xffffffffffffff00 ***
[1785312316.392]     ZONE FREE-PATTERN at +0x40: 0x7fffffffffffffff
[1785312316.392]   [iter 115] close=0x0 kernPtrs=10 freePatterns=1 changed=0 bytes
[1785312316.392]     *** KERNEL PTR PATTERN: offset=0x60 value=0xffffffff000000d3 ***
[1785312316.392]     *** KERNEL PTR PATTERN: offset=0x61 value=0xffffffffff000000 ***
[1785312316.392]     *** KERNEL PTR PATTERN: offset=0x62 value=0xffffffffffff0000 ***
[1785312316.392]     *** KERNEL PTR PATTERN: offset=0x59 value=0xffffff000000d300 ***
[1785312316.392]     *** KERNEL PTR PATTERN: offset=0x63 value=0xffffffffffffff00 ***
[1785312316.392]     *** KERNEL PTR PATTERN: offset=0x60 value=0xffffffff000000d3 ***
[1785312316.392]     *** KERNEL PTR PATTERN: offset=0x61 value=0xffffffffff000000 ***
[1785312316.392]     *** KERNEL PTR PATTERN: offset=0x62 value=0xffffffffffff0000 ***
[1785312316.392]     *** KERNEL PTR PATTERN: offset=0x59 value=0xffffff000000d300 ***
[1785312316.392]     *** KERNEL PTR PATTERN: offset=0x63 value=0xffffffffffffff00 ***
[1785312316.394]     ZONE FREE-PATTERN at +0x40: 0x7fffffffffffffff
[1785312316.394]   [iter 116] close=0x0 kernPtrs=10 freePatterns=1 changed=0 bytes
[1785312316.394]     *** KERNEL PTR PATTERN: offset=0x60 value=0xffffffff000000d3 ***
[1785312316.394]     *** KERNEL PTR PATTERN: offset=0x61 value=0xffffffffff000000 ***
[1785312316.394]     *** KERNEL PTR PATTERN: offset=0x62 value=0xffffffffffff0000 ***
[1785312316.394]     *** KERNEL PTR PATTERN: offset=0x59 value=0xffffff000000d300 ***
[1785312316.394]     *** KERNEL PTR PATTERN: offset=0x63 value=0xffffffffffffff00 ***
[1785312316.394]     *** KERNEL PTR PATTERN: offset=0x60 value=0xffffffff000000d3 ***
[1785312316.394]     *** KERNEL PTR PATTERN: offset=0x61 value=0xffffffffff000000 ***
[1785312316.394]     *** KERNEL PTR PATTERN: offset=0x62 value=0xffffffffffff0000 ***
[1785312316.394]     *** KERNEL PTR PATTERN: offset=0x59 value=0xffffff000000d300 ***
[1785312316.394]     *** KERNEL PTR PATTERN: offset=0x63 value=0xffffffffffffff00 ***
[1785312316.395]     ZONE FREE-PATTERN at +0x40: 0x7fffffffffffffff
[1785312316.395]   [iter 117] close=0x0 kernPtrs=10 freePatterns=1 changed=0 bytes
[1785312316.395]     *** KERNEL PTR PATTERN: offset=0x60 value=0xffffffff000000d3 ***
[1785312316.395]     *** KERNEL PTR PATTERN: offset=0x61 value=0xffffffffff000000 ***
[1785312316.396]     *** KERNEL PTR PATTERN: offset=0x62 value=0xffffffffffff0000 ***
[1785312316.396]     *** KERNEL PTR PATTERN: offset=0x59 value=0xffffff000000d300 ***
[1785312316.396]     *** KERNEL PTR PATTERN: offset=0x63 value=0xffffffffffffff00 ***
[1785312316.396]     *** KERNEL PTR PATTERN: offset=0x60 value=0xffffffff000000d3 ***
[1785312316.396]     *** KERNEL PTR PATTERN: offset=0x61 value=0xffffffffff000000 ***
[1785312316.396]     *** KERNEL PTR PATTERN: offset=0x62 value=0xffffffffffff0000 ***
[1785312316.396]     *** KERNEL PTR PATTERN: offset=0x59 value=0xffffff000000d300 ***
[1785312316.396]     *** KERNEL PTR PATTERN: offset=0x63 value=0xffffffffffffff00 ***
[1785312316.397]     ZONE FREE-PATTERN at +0x40: 0x7fffffffffffffff
[1785312316.397]   [iter 118] close=0x0 kernPtrs=10 freePatterns=1 changed=0 bytes
[1785312316.397]     *** KERNEL PTR PATTERN: offset=0x60 value=0xffffffff000000d3 ***
[1785312316.397]     *** KERNEL PTR PATTERN: offset=0x61 value=0xffffffffff000000 ***
[1785312316.397]     *** KERNEL PTR PATTERN: offset=0x62 value=0xffffffffffff0000 ***
[1785312316.397]     *** KERNEL PTR PATTERN: offset=0x59 value=0xffffff000000d300 ***
[1785312316.398]     *** KERNEL PTR PATTERN: offset=0x63 value=0xffffffffffffff00 ***
[1785312316.398]     *** KERNEL PTR PATTERN: offset=0x60 value=0xffffffff000000d3 ***
[1785312316.398]     *** KERNEL PTR PATTERN: offset=0x61 value=0xffffffffff000000 ***
[1785312316.398]     *** KERNEL PTR PATTERN: offset=0x62 value=0xffffffffffff0000 ***
[1785312316.398]     *** KERNEL PTR PATTERN: offset=0x59 value=0xffffff000000d300 ***
[1785312316.398]     *** KERNEL PTR PATTERN: offset=0x63 value=0xffffffffffffff00 ***
[1785312316.399]     ZONE FREE-PATTERN at +0x40: 0x7fffffffffffffff
[1785312316.399]   [iter 119] close=0x0 kernPtrs=10 freePatterns=1 changed=0 bytes
[1785312316.399]     *** KERNEL PTR PATTERN: offset=0x60 value=0xffffffff000000d3 ***
[1785312316.400]     *** KERNEL PTR PATTERN: offset=0x61 value=0xffffffffff000000 ***
[1785312316.400]     *** KERNEL PTR PATTERN: offset=0x62 value=0xffffffffffff0000 ***
[1785312316.400]     *** KERNEL PTR PATTERN: offset=0x59 value=0xffffff000000d300 ***
[1785312316.400]     *** KERNEL PTR PATTERN: offset=0x63 value=0xffffffffffffff00 ***
[1785312316.400]     *** KERNEL PTR PATTERN: offset=0x60 value=0xffffffff000000d3 ***
[1785312316.400]     *** KERNEL PTR PATTERN: offset=0x61 value=0xffffffffff000000 ***
[1785312316.400]     *** KERNEL PTR PATTERN: offset=0x62 value=0xffffffffffff0000 ***
[1785312316.400]     *** KERNEL PTR PATTERN: offset=0x59 value=0xffffff000000d300 ***
[1785312316.400]     *** KERNEL PTR PATTERN: offset=0x63 value=0xffffffffffffff00 ***
[1785312316.401]     ZONE FREE-PATTERN at +0x40: 0x7fffffffffffffff
[1785312316.401]   [iter 120] close=0x0 kernPtrs=10 freePatterns=1 changed=0 bytes
[1785312316.401]     *** KERNEL PTR PATTERN: offset=0x60 value=0xffffffff000000d3 ***
[1785312316.401]     *** KERNEL PTR PATTERN: offset=0x61 value=0xffffffffff000000 ***
[1785312316.401]     *** KERNEL PTR PATTERN: offset=0x62 value=0xffffffffffff0000 ***
[1785312316.401]     *** KERNEL PTR PATTERN: offset=0x59 value=0xffffff000000d300 ***
[1785312316.401]     *** KERNEL PTR PATTERN: offset=0x63 value=0xffffffffffffff00 ***
[1785312316.401]     *** KERNEL PTR PATTERN: offset=0x60 value=0xffffffff000000d3 ***
[1785312316.401]     *** KERNEL PTR PATTERN: offset=0x61 value=0xffffffffff000000 ***
[1785312316.402]     *** KERNEL PTR PATTERN: offset=0x62 value=0xffffffffffff0000 ***
[1785312316.402]     *** KERNEL PTR PATTERN: offset=0x59 value=0xffffff000000d300 ***
[1785312316.402]     *** KERNEL PTR PATTERN: offset=0x63 value=0xffffffffffffff00 ***
[1785312316.403]     ZONE FREE-PATTERN at +0x40: 0x7fffffffffffffff
[1785312316.403]   [iter 121] close=0x0 kernPtrs=10 freePatterns=1 changed=0 bytes
[1785312316.403]     *** KERNEL PTR PATTERN: offset=0x60 value=0xffffffff000000d3 ***
[1785312316.403]     *** KERNEL PTR PATTERN: offset=0x61 value=0xffffffffff000000 ***
[1785312316.403]     *** KERNEL PTR PATTERN: offset=0x62 value=0xffffffffffff0000 ***
[1785312316.403]     *** KERNEL PTR PATTERN: offset=0x59 value=0xffffff000000d300 ***
[1785312316.403]     *** KERNEL PTR PATTERN: offset=0x63 value=0xffffffffffffff00 ***
[1785312316.403]     *** KERNEL PTR PATTERN: offset=0x60 value=0xffffffff000000d3 ***
[1785312316.403]     *** KERNEL PTR PATTERN: offset=0x61 value=0xffffffffff000000 ***
[1785312316.403]     *** KERNEL PTR PATTERN: offset=0x62 value=0xffffffffffff0000 ***
[1785312316.403]     *** KERNEL PTR PATTERN: offset=0x59 value=0xffffff000000d300 ***
[1785312316.403]     *** KERNEL PTR PATTERN: offset=0x63 value=0xffffffffffffff00 ***
[1785312316.405]     ZONE FREE-PATTERN at +0x40: 0x7fffffffffffffff
[1785312316.405]   [iter 122] close=0x0 kernPtrs=10 freePatterns=1 changed=0 bytes
[1785312316.405]     *** KERNEL PTR PATTERN: offset=0x60 value=0xffffffff000000d3 ***
[1785312316.405]     *** KERNEL PTR PATTERN: offset=0x61 value=0xffffffffff000000 ***
[1785312316.405]     *** KERNEL PTR PATTERN: offset=0x62 value=0xffffffffffff0000 ***
[1785312316.405]     *** KERNEL PTR PATTERN: offset=0x59 value=0xffffff000000d300 ***
[1785312316.405]     *** KERNEL PTR PATTERN: offset=0x63 value=0xffffffffffffff00 ***
[1785312316.405]     *** KERNEL PTR PATTERN: offset=0x60 value=0xffffffff000000d3 ***
[1785312316.405]     *** KERNEL PTR PATTERN: offset=0x61 value=0xffffffffff000000 ***
[1785312316.405]     *** KERNEL PTR PATTERN: offset=0x62 value=0xffffffffffff0000 ***
[1785312316.405]     *** KERNEL PTR PATTERN: offset=0x59 value=0xffffff000000d300 ***
[1785312316.405]     *** KERNEL PTR PATTERN: offset=0x63 value=0xffffffffffffff00 ***
[1785312316.407]     ZONE FREE-PATTERN at +0x40: 0x7fffffffffffffff
[1785312316.407]   [iter 123] close=0x0 kernPtrs=10 freePatterns=1 changed=0 bytes
[1785312316.407]     *** KERNEL PTR PATTERN: offset=0x60 value=0xffffffff000000d3 ***
[1785312316.407]     *** KERNEL PTR PATTERN: offset=0x61 value=0xffffffffff000000 ***
[1785312316.407]     *** KERNEL PTR PATTERN: offset=0x62 value=0xffffffffffff0000 ***
[1785312316.407]     *** KERNEL PTR PATTERN: offset=0x59 value=0xffffff000000d300 ***
[1785312316.407]     *** KERNEL PTR PATTERN: offset=0x63 value=0xffffffffffffff00 ***
[1785312316.407]     *** KERNEL PTR PATTERN: offset=0x60 value=0xffffffff000000d3 ***
[1785312316.407]     *** KERNEL PTR PATTERN: offset=0x61 value=0xffffffffff000000 ***
[1785312316.407]     *** KERNEL PTR PATTERN: offset=0x62 value=0xffffffffffff0000 ***
[1785312316.407]     *** KERNEL PTR PATTERN: offset=0x59 value=0xffffff000000d300 ***
[1785312316.407]     *** KERNEL PTR PATTERN: offset=0x63 value=0xffffffffffffff00 ***
[1785312316.409]     ZONE FREE-PATTERN at +0x40: 0x7fffffffffffffff
[1785312316.409]   [iter 124] close=0x0 kernPtrs=10 freePatterns=1 changed=0 bytes
[1785312316.409]     *** KERNEL PTR PATTERN: offset=0x60 value=0xffffffff000000d3 ***
[1785312316.409]     *** KERNEL PTR PATTERN: offset=0x61 value=0xffffffffff000000 ***
[1785312316.409]     *** KERNEL PTR PATTERN: offset=0x62 value=0xffffffffffff0000 ***
[1785312316.409]     *** KERNEL PTR PATTERN: offset=0x59 value=0xffffff000000d300 ***
[1785312316.409]     *** KERNEL PTR PATTERN: offset=0x63 value=0xffffffffffffff00 ***
[1785312316.409]     *** KERNEL PTR PATTERN: offset=0x60 value=0xffffffff000000d3 ***
[1785312316.409]     *** KERNEL PTR PATTERN: offset=0x61 value=0xffffffffff000000 ***
[1785312316.409]     *** KERNEL PTR PATTERN: offset=0x62 value=0xffffffffffff0000 ***
[1785312316.409]     *** KERNEL PTR PATTERN: offset=0x59 value=0xffffff000000d300 ***
[1785312316.409]     *** KERNEL PTR PATTERN: offset=0x63 value=0xffffffffffffff00 ***
[1785312316.410]     ZONE FREE-PATTERN at +0x40: 0x7fffffffffffffff
[1785312316.410]   [iter 125] close=0x0 kernPtrs=10 freePatterns=1 changed=0 bytes
[1785312316.410]     *** KERNEL PTR PATTERN: offset=0x60 value=0xffffffff000000d3 ***
[1785312316.411]     *** KERNEL PTR PATTERN: offset=0x61 value=0xffffffffff000000 ***
[1785312316.411]     *** KERNEL PTR PATTERN: offset=0x62 value=0xffffffffffff0000 ***
[1785312316.411]     *** KERNEL PTR PATTERN: offset=0x59 value=0xffffff000000d300 ***
[1785312316.411]     *** KERNEL PTR PATTERN: offset=0x63 value=0xffffffffffffff00 ***
[1785312316.411]     *** KERNEL PTR PATTERN: offset=0x60 value=0xffffffff000000d3 ***
[1785312316.411]     *** KERNEL PTR PATTERN: offset=0x61 value=0xffffffffff000000 ***
[1785312316.411]     *** KERNEL PTR PATTERN: offset=0x62 value=0xffffffffffff0000 ***
[1785312316.411]     *** KERNEL PTR PATTERN: offset=0x59 value=0xffffff000000d300 ***
[1785312316.411]     *** KERNEL PTR PATTERN: offset=0x63 value=0xffffffffffffff00 ***
[1785312316.412]     ZONE FREE-PATTERN at +0x40: 0x7fffffffffffffff
[1785312316.412]   [iter 126] close=0x0 kernPtrs=10 freePatterns=1 changed=0 bytes
[1785312316.412]     *** KERNEL PTR PATTERN: offset=0x60 value=0xffffffff000000d3 ***
[1785312316.412]     *** KERNEL PTR PATTERN: offset=0x61 value=0xffffffffff000000 ***
[1785312316.412]     *** KERNEL PTR PATTERN: offset=0x62 value=0xffffffffffff0000 ***
[1785312316.412]     *** KERNEL PTR PATTERN: offset=0x59 value=0xffffff000000d300 ***
[1785312316.412]     *** KERNEL PTR PATTERN: offset=0x63 value=0xffffffffffffff00 ***
[1785312316.412]     *** KERNEL PTR PATTERN: offset=0x60 value=0xffffffff000000d3 ***
[1785312316.412]     *** KERNEL PTR PATTERN: offset=0x61 value=0xffffffffff000000 ***
[1785312316.412]     *** KERNEL PTR PATTERN: offset=0x62 value=0xffffffffffff0000 ***
[1785312316.412]     *** KERNEL PTR PATTERN: offset=0x59 value=0xffffff000000d300 ***
[1785312316.412]     *** KERNEL PTR PATTERN: offset=0x63 value=0xffffffffffffff00 ***
[1785312316.414]     ZONE FREE-PATTERN at +0x40: 0x7fffffffffffffff
[1785312316.414]   [iter 127] close=0x0 kernPtrs=10 freePatterns=1 changed=0 bytes
[1785312316.414]     *** KERNEL PTR PATTERN: offset=0x60 value=0xffffffff000000d3 ***
[1785312316.414]     *** KERNEL PTR PATTERN: offset=0x61 value=0xffffffffff000000 ***
[1785312316.414]     *** KERNEL PTR PATTERN: offset=0x62 value=0xffffffffffff0000 ***
[1785312316.414]     *** KERNEL PTR PATTERN: offset=0x59 value=0xffffff000000d300 ***
[1785312316.414]     *** KERNEL PTR PATTERN: offset=0x63 value=0xffffffffffffff00 ***
[1785312316.414]     *** KERNEL PTR PATTERN: offset=0x60 value=0xffffffff000000d3 ***
[1785312316.414]     *** KERNEL PTR PATTERN: offset=0x61 value=0xffffffffff000000 ***
[1785312316.414]     *** KERNEL PTR PATTERN: offset=0x62 value=0xffffffffffff0000 ***
[1785312316.414]     *** KERNEL PTR PATTERN: offset=0x59 value=0xffffff000000d300 ***
[1785312316.414]     *** KERNEL PTR PATTERN: offset=0x63 value=0xffffffffffffff00 ***
[1785312316.415]     ZONE FREE-PATTERN at +0x40: 0x7fffffffffffffff
[1785312316.415]   [iter 128] close=0x0 kernPtrs=10 freePatterns=1 changed=0 bytes
[1785312316.415]     *** KERNEL PTR PATTERN: offset=0x60 value=0xffffffff000000d3 ***
[1785312316.415]     *** KERNEL PTR PATTERN: offset=0x61 value=0xffffffffff000000 ***
[1785312316.415]     *** KERNEL PTR PATTERN: offset=0x62 value=0xffffffffffff0000 ***
[1785312316.416]     *** KERNEL PTR PATTERN: offset=0x59 value=0xffffff000000d300 ***
[1785312316.416]     *** KERNEL PTR PATTERN: offset=0x63 value=0xffffffffffffff00 ***
[1785312316.416]     *** KERNEL PTR PATTERN: offset=0x60 value=0xffffffff000000d3 ***
[1785312316.416]     *** KERNEL PTR PATTERN: offset=0x61 value=0xffffffffff000000 ***
[1785312316.416]     *** KERNEL PTR PATTERN: offset=0x62 value=0xffffffffffff0000 ***
[1785312316.416]     *** KERNEL PTR PATTERN: offset=0x59 value=0xffffff000000d300 ***
[1785312316.416]     *** KERNEL PTR PATTERN: offset=0x63 value=0xffffffffffffff00 ***
[1785312316.417]     ZONE FREE-PATTERN at +0x40: 0x7fffffffffffffff
[1785312316.417]   [iter 129] close=0x0 kernPtrs=10 freePatterns=1 changed=0 bytes
[1785312316.417]     *** KERNEL PTR PATTERN: offset=0x60 value=0xffffffff000000d3 ***
[1785312316.417]     *** KERNEL PTR PATTERN: offset=0x61 value=0xffffffffff000000 ***
[1785312316.417]     *** KERNEL PTR PATTERN: offset=0x62 value=0xffffffffffff0000 ***
[1785312316.417]     *** KERNEL PTR PATTERN: offset=0x59 value=0xffffff000000d300 ***
[1785312316.417]     *** KERNEL PTR PATTERN: offset=0x63 value=0xffffffffffffff00 ***
[1785312316.417]     *** KERNEL PTR PATTERN: offset=0x60 value=0xffffffff000000d3 ***
[1785312316.418]     *** KERNEL PTR PATTERN: offset=0x61 value=0xffffffffff000000 ***
[1785312316.418]     *** KERNEL PTR PATTERN: offset=0x62 value=0xffffffffffff0000 ***
[1785312316.418]     *** KERNEL PTR PATTERN: offset=0x59 value=0xffffff000000d300 ***
[1785312316.418]     *** KERNEL PTR PATTERN: offset=0x63 value=0xffffffffffffff00 ***
[1785312316.419]     ZONE FREE-PATTERN at +0x40: 0x7fffffffffffffff
[1785312316.419]   [iter 130] close=0x0 kernPtrs=10 freePatterns=1 changed=0 bytes
[1785312316.419]     *** KERNEL PTR PATTERN: offset=0x60 value=0xffffffff000000d3 ***
[1785312316.419]     *** KERNEL PTR PATTERN: offset=0x61 value=0xffffffffff000000 ***
[1785312316.419]     *** KERNEL PTR PATTERN: offset=0x62 value=0xffffffffffff0000 ***
[1785312316.419]     *** KERNEL PTR PATTERN: offset=0x59 value=0xffffff000000d300 ***
[1785312316.419]     *** KERNEL PTR PATTERN: offset=0x63 value=0xffffffffffffff00 ***
[1785312316.419]     *** KERNEL PTR PATTERN: offset=0x60 value=0xffffffff000000d3 ***
[1785312316.419]     *** KERNEL PTR PATTERN: offset=0x61 value=0xffffffffff000000 ***
[1785312316.419]     *** KERNEL PTR PATTERN: offset=0x62 value=0xffffffffffff0000 ***
[1785312316.419]     *** KERNEL PTR PATTERN: offset=0x59 value=0xffffff000000d300 ***
[1785312316.419]     *** KERNEL PTR PATTERN: offset=0x63 value=0xffffffffffffff00 ***
[1785312316.421]     ZONE FREE-PATTERN at +0x40: 0x7fffffffffffffff
[1785312316.421]   [iter 131] close=0x0 kernPtrs=10 freePatterns=1 changed=0 bytes
[1785312316.421]     *** KERNEL PTR PATTERN: offset=0x60 value=0xffffffff000000d3 ***
[1785312316.421]     *** KERNEL PTR PATTERN: offset=0x61 value=0xffffffffff000000 ***
[1785312316.421]     *** KERNEL PTR PATTERN: offset=0x62 value=0xffffffffffff0000 ***
[1785312316.421]     *** KERNEL PTR PATTERN: offset=0x59 value=0xffffff000000d300 ***
[1785312316.421]     *** KERNEL PTR PATTERN: offset=0x63 value=0xffffffffffffff00 ***
[1785312316.421]     *** KERNEL PTR PATTERN: offset=0x60 value=0xffffffff000000d3 ***
[1785312316.421]     *** KERNEL PTR PATTERN: offset=0x61 value=0xffffffffff000000 ***
[1785312316.421]     *** KERNEL PTR PATTERN: offset=0x62 value=0xffffffffffff0000 ***
[1785312316.421]     *** KERNEL PTR PATTERN: offset=0x59 value=0xffffff000000d300 ***
[1785312316.421]     *** KERNEL PTR PATTERN: offset=0x63 value=0xffffffffffffff00 ***
[1785312316.422]     ZONE FREE-PATTERN at +0x40: 0x7fffffffffffffff
[1785312316.422]   [iter 132] close=0x0 kernPtrs=10 freePatterns=1 changed=0 bytes
[1785312316.422]     *** KERNEL PTR PATTERN: offset=0x60 value=0xffffffff000000d3 ***
[1785312316.422]     *** KERNEL PTR PATTERN: offset=0x61 value=0xffffffffff000000 ***
[1785312316.422]     *** KERNEL PTR PATTERN: offset=0x62 value=0xffffffffffff0000 ***
[1785312316.422]     *** KERNEL PTR PATTERN: offset=0x59 value=0xffffff000000d300 ***
[1785312316.423]     *** KERNEL PTR PATTERN: offset=0x63 value=0xffffffffffffff00 ***
[1785312316.423]     *** KERNEL PTR PATTERN: offset=0x60 value=0xffffffff000000d3 ***
[1785312316.423]     *** KERNEL PTR PATTERN: offset=0x61 value=0xffffffffff000000 ***
[1785312316.423]     *** KERNEL PTR PATTERN: offset=0x62 value=0xffffffffffff0000 ***
[1785312316.423]     *** KERNEL PTR PATTERN: offset=0x59 value=0xffffff000000d300 ***
[1785312316.423]     *** KERNEL PTR PATTERN: offset=0x63 value=0xffffffffffffff00 ***
[1785312316.424]     ZONE FREE-PATTERN at +0x40: 0x7fffffffffffffff
[1785312316.424]   [iter 133] close=0x0 kernPtrs=10 freePatterns=1 changed=0 bytes
[1785312316.424]     *** KERNEL PTR PATTERN: offset=0x60 value=0xffffffff000000d3 ***
[1785312316.424]     *** KERNEL PTR PATTERN: offset=0x61 value=0xffffffffff000000 ***
[1785312316.424]     *** KERNEL PTR PATTERN: offset=0x62 value=0xffffffffffff0000 ***
[1785312316.425]     *** KERNEL PTR PATTERN: offset=0x59 value=0xffffff000000d300 ***
[1785312316.425]     *** KERNEL PTR PATTERN: offset=0x63 value=0xffffffffffffff00 ***
[1785312316.425]     *** KERNEL PTR PATTERN: offset=0x60 value=0xffffffff000000d3 ***
[1785312316.425]     *** KERNEL PTR PATTERN: offset=0x61 value=0xffffffffff000000 ***
[1785312316.425]     *** KERNEL PTR PATTERN: offset=0x62 value=0xffffffffffff0000 ***
[1785312316.425]     *** KERNEL PTR PATTERN: offset=0x59 value=0xffffff000000d300 ***
[1785312316.425]     *** KERNEL PTR PATTERN: offset=0x63 value=0xffffffffffffff00 ***
[1785312316.426]     ZONE FREE-PATTERN at +0x40: 0x7fffffffffffffff
[1785312316.426]   [iter 134] close=0x0 kernPtrs=10 freePatterns=1 changed=0 bytes
[1785312316.426]     *** KERNEL PTR PATTERN: offset=0x60 value=0xffffffff000000d3 ***
[1785312316.426]     *** KERNEL PTR PATTERN: offset=0x61 value=0xffffffffff000000 ***
[1785312316.426]     *** KERNEL PTR PATTERN: offset=0x62 value=0xffffffffffff0000 ***
[1785312316.427]     *** KERNEL PTR PATTERN: offset=0x59 value=0xffffff000000d300 ***
[1785312316.427]     *** KERNEL PTR PATTERN: offset=0x63 value=0xffffffffffffff00 ***
[1785312316.427]     *** KERNEL PTR PATTERN: offset=0x60 value=0xffffffff000000d3 ***
[1785312316.427]     *** KERNEL PTR PATTERN: offset=0x61 value=0xffffffffff000000 ***
[1785312316.427]     *** KERNEL PTR PATTERN: offset=0x62 value=0xffffffffffff0000 ***
[1785312316.427]     *** KERNEL PTR PATTERN: offset=0x59 value=0xffffff000000d300 ***
[1785312316.427]     *** KERNEL PTR PATTERN: offset=0x63 value=0xffffffffffffff00 ***
[1785312316.428]     ZONE FREE-PATTERN at +0x40: 0x7fffffffffffffff
[1785312316.428]   [iter 135] close=0x0 kernPtrs=10 freePatterns=1 changed=0 bytes
[1785312316.428]     *** KERNEL PTR PATTERN: offset=0x60 value=0xffffffff000000d3 ***
[1785312316.428]     *** KERNEL PTR PATTERN: offset=0x61 value=0xffffffffff000000 ***
[1785312316.428]     *** KERNEL PTR PATTERN: offset=0x62 value=0xffffffffffff0000 ***
[1785312316.428]     *** KERNEL PTR PATTERN: offset=0x59 value=0xffffff000000d300 ***
[1785312316.428]     *** KERNEL PTR PATTERN: offset=0x63 value=0xffffffffffffff00 ***
[1785312316.428]     *** KERNEL PTR PATTERN: offset=0x60 value=0xffffffff000000d3 ***
[1785312316.428]     *** KERNEL PTR PATTERN: offset=0x61 value=0xffffffffff000000 ***
[1785312316.428]     *** KERNEL PTR PATTERN: offset=0x62 value=0xffffffffffff0000 ***
[1785312316.428]     *** KERNEL PTR PATTERN: offset=0x59 value=0xffffff000000d300 ***
[1785312316.428]     *** KERNEL PTR PATTERN: offset=0x63 value=0xffffffffffffff00 ***
[1785312316.430]     ZONE FREE-PATTERN at +0x40: 0x7fffffffffffffff
[1785312316.430]   [iter 136] close=0x0 kernPtrs=10 freePatterns=1 changed=0 bytes
[1785312316.430]     *** KERNEL PTR PATTERN: offset=0x60 value=0xffffffff000000d3 ***
[1785312316.430]     *** KERNEL PTR PATTERN: offset=0x61 value=0xffffffffff000000 ***
[1785312316.430]     *** KERNEL PTR PATTERN: offset=0x62 value=0xffffffffffff0000 ***
[1785312316.430]     *** KERNEL PTR PATTERN: offset=0x59 value=0xffffff000000d300 ***
[1785312316.430]     *** KERNEL PTR PATTERN: offset=0x63 value=0xffffffffffffff00 ***
[1785312316.430]     *** KERNEL PTR PATTERN: offset=0x60 value=0xffffffff000000d3 ***
[1785312316.431]     *** KERNEL PTR PATTERN: offset=0x61 value=0xffffffffff000000 ***
[1785312316.431]     *** KERNEL PTR PATTERN: offset=0x62 value=0xffffffffffff0000 ***
[1785312316.431]     *** KERNEL PTR PATTERN: offset=0x59 value=0xffffff000000d300 ***
[1785312316.431]     *** KERNEL PTR PATTERN: offset=0x63 value=0xffffffffffffff00 ***
[1785312316.432]     ZONE FREE-PATTERN at +0x40: 0x7fffffffffffffff
[1785312316.432]   [iter 137] close=0x0 kernPtrs=10 freePatterns=1 changed=0 bytes
[1785312316.432]     *** KERNEL PTR PATTERN: offset=0x60 value=0xffffffff000000d3 ***
[1785312316.432]     *** KERNEL PTR PATTERN: offset=0x61 value=0xffffffffff000000 ***
[1785312316.432]     *** KERNEL PTR PATTERN: offset=0x62 value=0xffffffffffff0000 ***
[1785312316.432]     *** KERNEL PTR PATTERN: offset=0x59 value=0xffffff000000d300 ***
[1785312316.432]     *** KERNEL PTR PATTERN: offset=0x63 value=0xffffffffffffff00 ***
[1785312316.432]     *** KERNEL PTR PATTERN: offset=0x60 value=0xffffffff000000d3 ***
[1785312316.432]     *** KERNEL PTR PATTERN: offset=0x61 value=0xffffffffff000000 ***
[1785312316.432]     *** KERNEL PTR PATTERN: offset=0x62 value=0xffffffffffff0000 ***
[1785312316.432]     *** KERNEL PTR PATTERN: offset=0x59 value=0xffffff000000d300 ***
[1785312316.432]     *** KERNEL PTR PATTERN: offset=0x63 value=0xffffffffffffff00 ***
[1785312316.433]     ZONE FREE-PATTERN at +0x40: 0x7fffffffffffffff
[1785312316.433]   [iter 138] close=0x0 kernPtrs=10 freePatterns=1 changed=0 bytes
[1785312316.434]     *** KERNEL PTR PATTERN: offset=0x60 value=0xffffffff000000d3 ***
[1785312316.434]     *** KERNEL PTR PATTERN: offset=0x61 value=0xffffffffff000000 ***
[1785312316.434]     *** KERNEL PTR PATTERN: offset=0x62 value=0xffffffffffff0000 ***
[1785312316.434]     *** KERNEL PTR PATTERN: offset=0x59 value=0xffffff000000d300 ***
[1785312316.434]     *** KERNEL PTR PATTERN: offset=0x63 value=0xffffffffffffff00 ***
[1785312316.434]     *** KERNEL PTR PATTERN: offset=0x60 value=0xffffffff000000d3 ***
[1785312316.434]     *** KERNEL PTR PATTERN: offset=0x61 value=0xffffffffff000000 ***
[1785312316.434]     *** KERNEL PTR PATTERN: offset=0x62 value=0xffffffffffff0000 ***
[1785312316.434]     *** KERNEL PTR PATTERN: offset=0x59 value=0xffffff000000d300 ***
[1785312316.434]     *** KERNEL PTR PATTERN: offset=0x63 value=0xffffffffffffff00 ***
[1785312316.435]     ZONE FREE-PATTERN at +0x40: 0x7fffffffffffffff
[1785312316.435]   [iter 139] close=0x0 kernPtrs=10 freePatterns=1 changed=0 bytes
[1785312316.435]     *** KERNEL PTR PATTERN: offset=0x60 value=0xffffffff000000d3 ***
[1785312316.435]     *** KERNEL PTR PATTERN: offset=0x61 value=0xffffffffff000000 ***
[1785312316.435]     *** KERNEL PTR PATTERN: offset=0x62 value=0xffffffffffff0000 ***
[1785312316.435]     *** KERNEL PTR PATTERN: offset=0x59 value=0xffffff000000d300 ***
[1785312316.435]     *** KERNEL PTR PATTERN: offset=0x63 value=0xffffffffffffff00 ***
[1785312316.435]     *** KERNEL PTR PATTERN: offset=0x60 value=0xffffffff000000d3 ***
[1785312316.435]     *** KERNEL PTR PATTERN: offset=0x61 value=0xffffffffff000000 ***
[1785312316.435]     *** KERNEL PTR PATTERN: offset=0x62 value=0xffffffffffff0000 ***
[1785312316.436]     *** KERNEL PTR PATTERN: offset=0x59 value=0xffffff000000d300 ***
[1785312316.436]     *** KERNEL PTR PATTERN: offset=0x63 value=0xffffffffffffff00 ***
[1785312316.437]     ZONE FREE-PATTERN at +0x40: 0x7fffffffffffffff
[1785312316.437]   [iter 140] close=0x0 kernPtrs=10 freePatterns=1 changed=0 bytes
[1785312316.437]     *** KERNEL PTR PATTERN: offset=0x60 value=0xffffffff000000d3 ***
[1785312316.437]     *** KERNEL PTR PATTERN: offset=0x61 value=0xffffffffff000000 ***
[1785312316.437]     *** KERNEL PTR PATTERN: offset=0x62 value=0xffffffffffff0000 ***
[1785312316.437]     *** KERNEL PTR PATTERN: offset=0x59 value=0xffffff000000d300 ***
[1785312316.437]     *** KERNEL PTR PATTERN: offset=0x63 value=0xffffffffffffff00 ***
[1785312316.437]     *** KERNEL PTR PATTERN: offset=0x60 value=0xffffffff000000d3 ***
[1785312316.437]     *** KERNEL PTR PATTERN: offset=0x61 value=0xffffffffff000000 ***
[1785312316.437]     *** KERNEL PTR PATTERN: offset=0x62 value=0xffffffffffff0000 ***
[1785312316.437]     *** KERNEL PTR PATTERN: offset=0x59 value=0xffffff000000d300 ***
[1785312316.437]     *** KERNEL PTR PATTERN: offset=0x63 value=0xffffffffffffff00 ***
[1785312316.438]     ZONE FREE-PATTERN at +0x40: 0x7fffffffffffffff
[1785312316.438]   [iter 141] close=0x0 kernPtrs=10 freePatterns=1 changed=0 bytes
[1785312316.439]     *** KERNEL PTR PATTERN: offset=0x60 value=0xffffffff000000d3 ***
[1785312316.439]     *** KERNEL PTR PATTERN: offset=0x61 value=0xffffffffff000000 ***
[1785312316.439]     *** KERNEL PTR PATTERN: offset=0x62 value=0xffffffffffff0000 ***
[1785312316.439]     *** KERNEL PTR PATTERN: offset=0x59 value=0xffffff000000d300 ***
[1785312316.439]     *** KERNEL PTR PATTERN: offset=0x63 value=0xffffffffffffff00 ***
[1785312316.439]     *** KERNEL PTR PATTERN: offset=0x60 value=0xffffffff000000d3 ***
[1785312316.439]     *** KERNEL PTR PATTERN: offset=0x61 value=0xffffffffff000000 ***
[1785312316.439]     *** KERNEL PTR PATTERN: offset=0x62 value=0xffffffffffff0000 ***
[1785312316.439]     *** KERNEL PTR PATTERN: offset=0x59 value=0xffffff000000d300 ***
[1785312316.439]     *** KERNEL PTR PATTERN: offset=0x63 value=0xffffffffffffff00 ***
[1785312316.441]     ZONE FREE-PATTERN at +0x40: 0x7fffffffffffffff
[1785312316.441]   [iter 142] close=0x0 kernPtrs=10 freePatterns=1 changed=0 bytes
[1785312316.441]     *** KERNEL PTR PATTERN: offset=0x60 value=0xffffffff000000d3 ***
[1785312316.441]     *** KERNEL PTR PATTERN: offset=0x61 value=0xffffffffff000000 ***
[1785312316.441]     *** KERNEL PTR PATTERN: offset=0x62 value=0xffffffffffff0000 ***
[1785312316.441]     *** KERNEL PTR PATTERN: offset=0x59 value=0xffffff000000d300 ***
[1785312316.441]     *** KERNEL PTR PATTERN: offset=0x63 value=0xffffffffffffff00 ***
[1785312316.441]     *** KERNEL PTR PATTERN: offset=0x60 value=0xffffffff000000d3 ***
[1785312316.441]     *** KERNEL PTR PATTERN: offset=0x61 value=0xffffffffff000000 ***
[1785312316.441]     *** KERNEL PTR PATTERN: offset=0x62 value=0xffffffffffff0000 ***
[1785312316.441]     *** KERNEL PTR PATTERN: offset=0x59 value=0xffffff000000d300 ***
[1785312316.441]     *** KERNEL PTR PATTERN: offset=0x63 value=0xffffffffffffff00 ***
[1785312316.442]     ZONE FREE-PATTERN at +0x40: 0x7fffffffffffffff
[1785312316.442]   [iter 143] close=0x0 kernPtrs=10 freePatterns=1 changed=0 bytes
[1785312316.442]     *** KERNEL PTR PATTERN: offset=0x60 value=0xffffffff000000d3 ***
[1785312316.442]     *** KERNEL PTR PATTERN: offset=0x61 value=0xffffffffff000000 ***
[1785312316.442]     *** KERNEL PTR PATTERN: offset=0x62 value=0xffffffffffff0000 ***
[1785312316.443]     *** KERNEL PTR PATTERN: offset=0x59 value=0xffffff000000d300 ***
[1785312316.443]     *** KERNEL PTR PATTERN: offset=0x63 value=0xffffffffffffff00 ***
[1785312316.443]     *** KERNEL PTR PATTERN: offset=0x60 value=0xffffffff000000d3 ***
[1785312316.443]     *** KERNEL PTR PATTERN: offset=0x61 value=0xffffffffff000000 ***
[1785312316.443]     *** KERNEL PTR PATTERN: offset=0x62 value=0xffffffffffff0000 ***
[1785312316.443]     *** KERNEL PTR PATTERN: offset=0x59 value=0xffffff000000d300 ***
[1785312316.443]     *** KERNEL PTR PATTERN: offset=0x63 value=0xffffffffffffff00 ***
[1785312316.444]     ZONE FREE-PATTERN at +0x40: 0x7fffffffffffffff
[1785312316.444]   [iter 144] close=0x0 kernPtrs=10 freePatterns=1 changed=0 bytes
[1785312316.444]     *** KERNEL PTR PATTERN: offset=0x60 value=0xffffffff000000d3 ***
[1785312316.444]     *** KERNEL PTR PATTERN: offset=0x61 value=0xffffffffff000000 ***
[1785312316.444]     *** KERNEL PTR PATTERN: offset=0x62 value=0xffffffffffff0000 ***
[1785312316.444]     *** KERNEL PTR PATTERN: offset=0x59 value=0xffffff000000d300 ***
[1785312316.444]     *** KERNEL PTR PATTERN: offset=0x63 value=0xffffffffffffff00 ***
[1785312316.444]     *** KERNEL PTR PATTERN: offset=0x60 value=0xffffffff000000d3 ***
[1785312316.444]     *** KERNEL PTR PATTERN: offset=0x61 value=0xffffffffff000000 ***
[1785312316.444]     *** KERNEL PTR PATTERN: offset=0x62 value=0xffffffffffff0000 ***
[1785312316.444]     *** KERNEL PTR PATTERN: offset=0x59 value=0xffffff000000d300 ***
[1785312316.444]     *** KERNEL PTR PATTERN: offset=0x63 value=0xffffffffffffff00 ***
[1785312316.446]     ZONE FREE-PATTERN at +0x40: 0x7fffffffffffffff
[1785312316.446]   [iter 145] close=0x0 kernPtrs=10 freePatterns=1 changed=0 bytes
[1785312316.446]     *** KERNEL PTR PATTERN: offset=0x60 value=0xffffffff000000d3 ***
[1785312316.446]     *** KERNEL PTR PATTERN: offset=0x61 value=0xffffffffff000000 ***
[1785312316.446]     *** KERNEL PTR PATTERN: offset=0x62 value=0xffffffffffff0000 ***
[1785312316.446]     *** KERNEL PTR PATTERN: offset=0x59 value=0xffffff000000d300 ***
[1785312316.446]     *** KERNEL PTR PATTERN: offset=0x63 value=0xffffffffffffff00 ***
[1785312316.446]     *** KERNEL PTR PATTERN: offset=0x60 value=0xffffffff000000d3 ***
[1785312316.446]     *** KERNEL PTR PATTERN: offset=0x61 value=0xffffffffff000000 ***
[1785312316.446]     *** KERNEL PTR PATTERN: offset=0x62 value=0xffffffffffff0000 ***
[1785312316.446]     *** KERNEL PTR PATTERN: offset=0x59 value=0xffffff000000d300 ***
[1785312316.446]     *** KERNEL PTR PATTERN: offset=0x63 value=0xffffffffffffff00 ***
[1785312316.448]     ZONE FREE-PATTERN at +0x40: 0x7fffffffffffffff
[1785312316.448]   [iter 146] close=0x0 kernPtrs=10 freePatterns=1 changed=0 bytes
[1785312316.448]     *** KERNEL PTR PATTERN: offset=0x60 value=0xffffffff000000d3 ***
[1785312316.448]     *** KERNEL PTR PATTERN: offset=0x61 value=0xffffffffff000000 ***
[1785312316.448]     *** KERNEL PTR PATTERN: offset=0x62 value=0xffffffffffff0000 ***
[1785312316.448]     *** KERNEL PTR PATTERN: offset=0x59 value=0xffffff000000d300 ***
[1785312316.448]     *** KERNEL PTR PATTERN: offset=0x63 value=0xffffffffffffff00 ***
[1785312316.448]     *** KERNEL PTR PATTERN: offset=0x60 value=0xffffffff000000d3 ***
[1785312316.448]     *** KERNEL PTR PATTERN: offset=0x61 value=0xffffffffff000000 ***
[1785312316.448]     *** KERNEL PTR PATTERN: offset=0x62 value=0xffffffffffff0000 ***
[1785312316.448]     *** KERNEL PTR PATTERN: offset=0x59 value=0xffffff000000d300 ***
[1785312316.448]     *** KERNEL PTR PATTERN: offset=0x63 value=0xffffffffffffff00 ***
[1785312316.450]     ZONE FREE-PATTERN at +0x40: 0x7fffffffffffffff
[1785312316.450]   [iter 147] close=0x0 kernPtrs=10 freePatterns=1 changed=0 bytes
[1785312316.450]     *** KERNEL PTR PATTERN: offset=0x60 value=0xffffffff000000d3 ***
[1785312316.450]     *** KERNEL PTR PATTERN: offset=0x61 value=0xffffffffff000000 ***
[1785312316.450]     *** KERNEL PTR PATTERN: offset=0x62 value=0xffffffffffff0000 ***
[1785312316.450]     *** KERNEL PTR PATTERN: offset=0x59 value=0xffffff000000d300 ***
[1785312316.450]     *** KERNEL PTR PATTERN: offset=0x63 value=0xffffffffffffff00 ***
[1785312316.450]     *** KERNEL PTR PATTERN: offset=0x60 value=0xffffffff000000d3 ***
[1785312316.450]     *** KERNEL PTR PATTERN: offset=0x61 value=0xffffffffff000000 ***
[1785312316.450]     *** KERNEL PTR PATTERN: offset=0x62 value=0xffffffffffff0000 ***
[1785312316.450]     *** KERNEL PTR PATTERN: offset=0x59 value=0xffffff000000d300 ***
[1785312316.450]     *** KERNEL PTR PATTERN: offset=0x63 value=0xffffffffffffff00 ***
[1785312316.452]     ZONE FREE-PATTERN at +0x40: 0x7fffffffffffffff
[1785312316.452]   [iter 148] close=0x0 kernPtrs=10 freePatterns=1 changed=0 bytes
[1785312316.452]     *** KERNEL PTR PATTERN: offset=0x60 value=0xffffffff000000d3 ***
[1785312316.452]     *** KERNEL PTR PATTERN: offset=0x61 value=0xffffffffff000000 ***
[1785312316.452]     *** KERNEL PTR PATTERN: offset=0x62 value=0xffffffffffff0000 ***
[1785312316.452]     *** KERNEL PTR PATTERN: offset=0x59 value=0xffffff000000d300 ***
[1785312316.452]     *** KERNEL PTR PATTERN: offset=0x63 value=0xffffffffffffff00 ***
[1785312316.452]     *** KERNEL PTR PATTERN: offset=0x60 value=0xffffffff000000d3 ***
[1785312316.452]     *** KERNEL PTR PATTERN: offset=0x61 value=0xffffffffff000000 ***
[1785312316.452]     *** KERNEL PTR PATTERN: offset=0x62 value=0xffffffffffff0000 ***
[1785312316.452]     *** KERNEL PTR PATTERN: offset=0x59 value=0xffffff000000d300 ***
[1785312316.452]     *** KERNEL PTR PATTERN: offset=0x63 value=0xffffffffffffff00 ***
[1785312316.453]     ZONE FREE-PATTERN at +0x40: 0x7fffffffffffffff
[1785312316.454]   [iter 149] close=0x0 kernPtrs=10 freePatterns=1 changed=0 bytes
[1785312316.454]     *** KERNEL PTR PATTERN: offset=0x60 value=0xffffffff000000d3 ***
[1785312316.454]     *** KERNEL PTR PATTERN: offset=0x61 value=0xffffffffff000000 ***
[1785312316.454]     *** KERNEL PTR PATTERN: offset=0x62 value=0xffffffffffff0000 ***
[1785312316.454]     *** KERNEL PTR PATTERN: offset=0x59 value=0xffffff000000d300 ***
[1785312316.454]     *** KERNEL PTR PATTERN: offset=0x63 value=0xffffffffffffff00 ***
[1785312316.454]     *** KERNEL PTR PATTERN: offset=0x60 value=0xffffffff000000d3 ***
[1785312316.454]     *** KERNEL PTR PATTERN: offset=0x61 value=0xffffffffff000000 ***
[1785312316.454]     *** KERNEL PTR PATTERN: offset=0x62 value=0xffffffffffff0000 ***
[1785312316.454]     *** KERNEL PTR PATTERN: offset=0x59 value=0xffffff000000d300 ***
[1785312316.454]     *** KERNEL PTR PATTERN: offset=0x63 value=0xffffffffffffff00 ***
[1785312316.456]     ZONE FREE-PATTERN at +0x40: 0x7fffffffffffffff
[1785312316.456]   [iter 150] close=0x0 kernPtrs=10 freePatterns=1 changed=0 bytes
[1785312316.456]     *** KERNEL PTR PATTERN: offset=0x60 value=0xffffffff000000d3 ***
[1785312316.456]     *** KERNEL PTR PATTERN: offset=0x61 value=0xffffffffff000000 ***
[1785312316.456]     *** KERNEL PTR PATTERN: offset=0x62 value=0xffffffffffff0000 ***
[1785312316.456]     *** KERNEL PTR PATTERN: offset=0x59 value=0xffffff000000d300 ***
[1785312316.456]     *** KERNEL PTR PATTERN: offset=0x63 value=0xffffffffffffff00 ***
[1785312316.456]     *** KERNEL PTR PATTERN: offset=0x60 value=0xffffffff000000d3 ***
[1785312316.456]     *** KERNEL PTR PATTERN: offset=0x61 value=0xffffffffff000000 ***
[1785312316.456]     *** KERNEL PTR PATTERN: offset=0x62 value=0xffffffffffff0000 ***
[1785312316.456]     *** KERNEL PTR PATTERN: offset=0x59 value=0xffffff000000d300 ***
[1785312316.456]     *** KERNEL PTR PATTERN: offset=0x63 value=0xffffffffffffff00 ***
[1785312316.458]     ZONE FREE-PATTERN at +0x40: 0x7fffffffffffffff
[1785312316.458]   [iter 151] close=0x0 kernPtrs=10 freePatterns=1 changed=0 bytes
[1785312316.458]     *** KERNEL PTR PATTERN: offset=0x60 value=0xffffffff000000d3 ***
[1785312316.458]     *** KERNEL PTR PATTERN: offset=0x61 value=0xffffffffff000000 ***
[1785312316.458]     *** KERNEL PTR PATTERN: offset=0x62 value=0xffffffffffff0000 ***
[1785312316.458]     *** KERNEL PTR PATTERN: offset=0x59 value=0xffffff000000d300 ***
[1785312316.458]     *** KERNEL PTR PATTERN: offset=0x63 value=0xffffffffffffff00 ***
[1785312316.458]     *** KERNEL PTR PATTERN: offset=0x60 value=0xffffffff000000d3 ***
[1785312316.458]     *** KERNEL PTR PATTERN: offset=0x61 value=0xffffffffff000000 ***
[1785312316.458]     *** KERNEL PTR PATTERN: offset=0x62 value=0xffffffffffff0000 ***
[1785312316.458]     *** KERNEL PTR PATTERN: offset=0x59 value=0xffffff000000d300 ***
[1785312316.458]     *** KERNEL PTR PATTERN: offset=0x63 value=0xffffffffffffff00 ***
[1785312316.460]     ZONE FREE-PATTERN at +0x40: 0x7fffffffffffffff
[1785312316.460]   [iter 152] close=0x0 kernPtrs=10 freePatterns=1 changed=0 bytes
[1785312316.460]     *** KERNEL PTR PATTERN: offset=0x60 value=0xffffffff000000d3 ***
[1785312316.460]     *** KERNEL PTR PATTERN: offset=0x61 value=0xffffffffff000000 ***
[1785312316.460]     *** KERNEL PTR PATTERN: offset=0x62 value=0xffffffffffff0000 ***
[1785312316.460]     *** KERNEL PTR PATTERN: offset=0x59 value=0xffffff000000d300 ***
[1785312316.460]     *** KERNEL PTR PATTERN: offset=0x63 value=0xffffffffffffff00 ***
[1785312316.460]     *** KERNEL PTR PATTERN: offset=0x60 value=0xffffffff000000d3 ***
[1785312316.460]     *** KERNEL PTR PATTERN: offset=0x61 value=0xffffffffff000000 ***
[1785312316.460]     *** KERNEL PTR PATTERN: offset=0x62 value=0xffffffffffff0000 ***
[1785312316.460]     *** KERNEL PTR PATTERN: offset=0x59 value=0xffffff000000d300 ***
[1785312316.460]     *** KERNEL PTR PATTERN: offset=0x63 value=0xffffffffffffff00 ***
[1785312316.461]     ZONE FREE-PATTERN at +0x40: 0x7fffffffffffffff
[1785312316.461]   [iter 153] close=0x0 kernPtrs=10 freePatterns=1 changed=0 bytes
[1785312316.461]     *** KERNEL PTR PATTERN: offset=0x60 value=0xffffffff000000d3 ***
[1785312316.461]     *** KERNEL PTR PATTERN: offset=0x61 value=0xffffffffff000000 ***
[1785312316.461]     *** KERNEL PTR PATTERN: offset=0x62 value=0xffffffffffff0000 ***
[1785312316.461]     *** KERNEL PTR PATTERN: offset=0x59 value=0xffffff000000d300 ***
[1785312316.461]     *** KERNEL PTR PATTERN: offset=0x63 value=0xffffffffffffff00 ***
[1785312316.461]     *** KERNEL PTR PATTERN: offset=0x60 value=0xffffffff000000d3 ***
[1785312316.462]     *** KERNEL PTR PATTERN: offset=0x61 value=0xffffffffff000000 ***
[1785312316.462]     *** KERNEL PTR PATTERN: offset=0x62 value=0xffffffffffff0000 ***
[1785312316.462]     *** KERNEL PTR PATTERN: offset=0x59 value=0xffffff000000d300 ***
[1785312316.462]     *** KERNEL PTR PATTERN: offset=0x63 value=0xffffffffffffff00 ***
[1785312316.463]     ZONE FREE-PATTERN at +0x40: 0x7fffffffffffffff
[1785312316.463]   [iter 154] close=0x0 kernPtrs=10 freePatterns=1 changed=0 bytes
[1785312316.463]     *** KERNEL PTR PATTERN: offset=0x60 value=0xffffffff000000d3 ***
[1785312316.463]     *** KERNEL PTR PATTERN: offset=0x61 value=0xffffffffff000000 ***
[1785312316.463]     *** KERNEL PTR PATTERN: offset=0x62 value=0xffffffffffff0000 ***
[1785312316.463]     *** KERNEL PTR PATTERN: offset=0x59 value=0xffffff000000d300 ***
[1785312316.463]     *** KERNEL PTR PATTERN: offset=0x63 value=0xffffffffffffff00 ***
[1785312316.463]     *** KERNEL PTR PATTERN: offset=0x60 value=0xffffffff000000d3 ***
[1785312316.463]     *** KERNEL PTR PATTERN: offset=0x61 value=0xffffffffff000000 ***
[1785312316.463]     *** KERNEL PTR PATTERN: offset=0x62 value=0xffffffffffff0000 ***
[1785312316.463]     *** KERNEL PTR PATTERN: offset=0x59 value=0xffffff000000d300 ***
[1785312316.463]     *** KERNEL PTR PATTERN: offset=0x63 value=0xffffffffffffff00 ***
[1785312316.465]     ZONE FREE-PATTERN at +0x40: 0x7fffffffffffffff
[1785312316.465]   [iter 155] close=0x0 kernPtrs=10 freePatterns=1 changed=0 bytes
[1785312316.465]     *** KERNEL PTR PATTERN: offset=0x60 value=0xffffffff000000d3 ***
[1785312316.465]     *** KERNEL PTR PATTERN: offset=0x61 value=0xffffffffff000000 ***
[1785312316.465]     *** KERNEL PTR PATTERN: offset=0x62 value=0xffffffffffff0000 ***
[1785312316.465]     *** KERNEL PTR PATTERN: offset=0x59 value=0xffffff000000d300 ***
[1785312316.465]     *** KERNEL PTR PATTERN: offset=0x63 value=0xffffffffffffff00 ***
[1785312316.465]     *** KERNEL PTR PATTERN: offset=0x60 value=0xffffffff000000d3 ***
[1785312316.465]     *** KERNEL PTR PATTERN: offset=0x61 value=0xffffffffff000000 ***
[1785312316.465]     *** KERNEL PTR PATTERN: offset=0x62 value=0xffffffffffff0000 ***
[1785312316.465]     *** KERNEL PTR PATTERN: offset=0x59 value=0xffffff000000d300 ***
[1785312316.465]     *** KERNEL PTR PATTERN: offset=0x63 value=0xffffffffffffff00 ***
[1785312316.466]     ZONE FREE-PATTERN at +0x40: 0x7fffffffffffffff
[1785312316.467]   [iter 156] close=0x0 kernPtrs=10 freePatterns=1 changed=0 bytes
[1785312316.467]     *** KERNEL PTR PATTERN: offset=0x60 value=0xffffffff000000d3 ***
[1785312316.467]     *** KERNEL PTR PATTERN: offset=0x61 value=0xffffffffff000000 ***
[1785312316.467]     *** KERNEL PTR PATTERN: offset=0x62 value=0xffffffffffff0000 ***
[1785312316.467]     *** KERNEL PTR PATTERN: offset=0x59 value=0xffffff000000d300 ***
[1785312316.467]     *** KERNEL PTR PATTERN: offset=0x63 value=0xffffffffffffff00 ***
[1785312316.467]     *** KERNEL PTR PATTERN: offset=0x60 value=0xffffffff000000d3 ***
[1785312316.467]     *** KERNEL PTR PATTERN: offset=0x61 value=0xffffffffff000000 ***
[1785312316.467]     *** KERNEL PTR PATTERN: offset=0x62 value=0xffffffffffff0000 ***
[1785312316.467]     *** KERNEL PTR PATTERN: offset=0x59 value=0xffffff000000d300 ***
[1785312316.467]     *** KERNEL PTR PATTERN: offset=0x63 value=0xffffffffffffff00 ***
[1785312316.468]     ZONE FREE-PATTERN at +0x40: 0x7fffffffffffffff
[1785312316.468]   [iter 157] close=0x0 kernPtrs=10 freePatterns=1 changed=0 bytes
[1785312316.468]     *** KERNEL PTR PATTERN: offset=0x60 value=0xffffffff000000d3 ***
[1785312316.468]     *** KERNEL PTR PATTERN: offset=0x61 value=0xffffffffff000000 ***
[1785312316.469]     *** KERNEL PTR PATTERN: offset=0x62 value=0xffffffffffff0000 ***
[1785312316.469]     *** KERNEL PTR PATTERN: offset=0x59 value=0xffffff000000d300 ***
[1785312316.469]     *** KERNEL PTR PATTERN: offset=0x63 value=0xffffffffffffff00 ***
[1785312316.469]     *** KERNEL PTR PATTERN: offset=0x60 value=0xffffffff000000d3 ***
[1785312316.469]     *** KERNEL PTR PATTERN: offset=0x61 value=0xffffffffff000000 ***
[1785312316.469]     *** KERNEL PTR PATTERN: offset=0x62 value=0xffffffffffff0000 ***
[1785312316.469]     *** KERNEL PTR PATTERN: offset=0x59 value=0xffffff000000d300 ***
[1785312316.469]     *** KERNEL PTR PATTERN: offset=0x63 value=0xffffffffffffff00 ***
[1785312316.471]     ZONE FREE-PATTERN at +0x40: 0x7fffffffffffffff
[1785312316.471]   [iter 158] close=0x0 kernPtrs=10 freePatterns=1 changed=0 bytes
[1785312316.471]     *** KERNEL PTR PATTERN: offset=0x60 value=0xffffffff000000d3 ***
[1785312316.471]     *** KERNEL PTR PATTERN: offset=0x61 value=0xffffffffff000000 ***
[1785312316.471]     *** KERNEL PTR PATTERN: offset=0x62 value=0xffffffffffff0000 ***
[1785312316.471]     *** KERNEL PTR PATTERN: offset=0x59 value=0xffffff000000d300 ***
[1785312316.471]     *** KERNEL PTR PATTERN: offset=0x63 value=0xffffffffffffff00 ***
[1785312316.471]     *** KERNEL PTR PATTERN: offset=0x60 value=0xffffffff000000d3 ***
[1785312316.471]     *** KERNEL PTR PATTERN: offset=0x61 value=0xffffffffff000000 ***
[1785312316.471]     *** KERNEL PTR PATTERN: offset=0x62 value=0xffffffffffff0000 ***
[1785312316.471]     *** KERNEL PTR PATTERN: offset=0x59 value=0xffffff000000d300 ***
[1785312316.471]     *** KERNEL PTR PATTERN: offset=0x63 value=0xffffffffffffff00 ***
[1785312316.473]     ZONE FREE-PATTERN at +0x40: 0x7fffffffffffffff
[1785312316.473]   [iter 159] close=0x0 kernPtrs=10 freePatterns=1 changed=0 bytes
[1785312316.473]     *** KERNEL PTR PATTERN: offset=0x60 value=0xffffffff000000d3 ***
[1785312316.473]     *** KERNEL PTR PATTERN: offset=0x61 value=0xffffffffff000000 ***
[1785312316.473]     *** KERNEL PTR PATTERN: offset=0x62 value=0xffffffffffff0000 ***
[1785312316.473]     *** KERNEL PTR PATTERN: offset=0x59 value=0xffffff000000d300 ***
[1785312316.473]     *** KERNEL PTR PATTERN: offset=0x63 value=0xffffffffffffff00 ***
[1785312316.473]     *** KERNEL PTR PATTERN: offset=0x60 value=0xffffffff000000d3 ***
[1785312316.473]     *** KERNEL PTR PATTERN: offset=0x61 value=0xffffffffff000000 ***
[1785312316.473]     *** KERNEL PTR PATTERN: offset=0x62 value=0xffffffffffff0000 ***
[1785312316.473]     *** KERNEL PTR PATTERN: offset=0x59 value=0xffffff000000d300 ***
[1785312316.473]     *** KERNEL PTR PATTERN: offset=0x63 value=0xffffffffffffff00 ***
[1785312316.474]     ZONE FREE-PATTERN at +0x40: 0x7fffffffffffffff
[1785312316.474]   [iter 160] close=0x0 kernPtrs=10 freePatterns=1 changed=0 bytes
[1785312316.474]     *** KERNEL PTR PATTERN: offset=0x60 value=0xffffffff000000d3 ***
[1785312316.474]     *** KERNEL PTR PATTERN: offset=0x61 value=0xffffffffff000000 ***
[1785312316.474]     *** KERNEL PTR PATTERN: offset=0x62 value=0xffffffffffff0000 ***
[1785312316.474]     *** KERNEL PTR PATTERN: offset=0x59 value=0xffffff000000d300 ***
[1785312316.474]     *** KERNEL PTR PATTERN: offset=0x63 value=0xffffffffffffff00 ***
[1785312316.474]     *** KERNEL PTR PATTERN: offset=0x60 value=0xffffffff000000d3 ***
[1785312316.474]     *** KERNEL PTR PATTERN: offset=0x61 value=0xffffffffff000000 ***
[1785312316.474]     *** KERNEL PTR PATTERN: offset=0x62 value=0xffffffffffff0000 ***
[1785312316.475]     *** KERNEL PTR PATTERN: offset=0x59 value=0xffffff000000d300 ***
[1785312316.475]     *** KERNEL PTR PATTERN: offset=0x63 value=0xffffffffffffff00 ***
[1785312316.476]     ZONE FREE-PATTERN at +0x40: 0x7fffffffffffffff
[1785312316.476]   [iter 161] close=0x0 kernPtrs=10 freePatterns=1 changed=0 bytes
[1785312316.476]     *** KERNEL PTR PATTERN: offset=0x60 value=0xffffffff000000d3 ***
[1785312316.476]     *** KERNEL PTR PATTERN: offset=0x61 value=0xffffffffff000000 ***
[1785312316.476]     *** KERNEL PTR PATTERN: offset=0x62 value=0xffffffffffff0000 ***
[1785312316.476]     *** KERNEL PTR PATTERN: offset=0x59 value=0xffffff000000d300 ***
[1785312316.476]     *** KERNEL PTR PATTERN: offset=0x63 value=0xffffffffffffff00 ***
[1785312316.476]     *** KERNEL PTR PATTERN: offset=0x60 value=0xffffffff000000d3 ***
[1785312316.476]     *** KERNEL PTR PATTERN: offset=0x61 value=0xffffffffff000000 ***
[1785312316.476]     *** KERNEL PTR PATTERN: offset=0x62 value=0xffffffffffff0000 ***
[1785312316.477]     *** KERNEL PTR PATTERN: offset=0x59 value=0xffffff000000d300 ***
[1785312316.477]     *** KERNEL PTR PATTERN: offset=0x63 value=0xffffffffffffff00 ***
[1785312316.478]     ZONE FREE-PATTERN at +0x40: 0x7fffffffffffffff
[1785312316.478]   [iter 162] close=0x0 kernPtrs=10 freePatterns=1 changed=0 bytes
[1785312316.478]     *** KERNEL PTR PATTERN: offset=0x60 value=0xffffffff000000d3 ***
[1785312316.478]     *** KERNEL PTR PATTERN: offset=0x61 value=0xffffffffff000000 ***
[1785312316.478]     *** KERNEL PTR PATTERN: offset=0x62 value=0xffffffffffff0000 ***
[1785312316.478]     *** KERNEL PTR PATTERN: offset=0x59 value=0xffffff000000d300 ***
[1785312316.478]     *** KERNEL PTR PATTERN: offset=0x63 value=0xffffffffffffff00 ***
[1785312316.478]     *** KERNEL PTR PATTERN: offset=0x60 value=0xffffffff000000d3 ***
[1785312316.478]     *** KERNEL PTR PATTERN: offset=0x61 value=0xffffffffff000000 ***
[1785312316.478]     *** KERNEL PTR PATTERN: offset=0x62 value=0xffffffffffff0000 ***
[1785312316.478]     *** KERNEL PTR PATTERN: offset=0x59 value=0xffffff000000d300 ***
[1785312316.478]     *** KERNEL PTR PATTERN: offset=0x63 value=0xffffffffffffff00 ***
[1785312316.480]     ZONE FREE-PATTERN at +0x40: 0x7fffffffffffffff
[1785312316.480]   [iter 163] close=0x0 kernPtrs=10 freePatterns=1 changed=0 bytes
[1785312316.480]     *** KERNEL PTR PATTERN: offset=0x60 value=0xffffffff000000d3 ***
[1785312316.480]     *** KERNEL PTR PATTERN: offset=0x61 value=0xffffffffff000000 ***
[1785312316.480]     *** KERNEL PTR PATTERN: offset=0x62 value=0xffffffffffff0000 ***
[1785312316.480]     *** KERNEL PTR PATTERN: offset=0x59 value=0xffffff000000d300 ***
[1785312316.480]     *** KERNEL PTR PATTERN: offset=0x63 value=0xffffffffffffff00 ***
[1785312316.480]     *** KERNEL PTR PATTERN: offset=0x60 value=0xffffffff000000d3 ***
[1785312316.481]     *** KERNEL PTR PATTERN: offset=0x61 value=0xffffffffff000000 ***
[1785312316.481]     *** KERNEL PTR PATTERN: offset=0x62 value=0xffffffffffff0000 ***
[1785312316.481]     *** KERNEL PTR PATTERN: offset=0x59 value=0xffffff000000d300 ***
[1785312316.481]     *** KERNEL PTR PATTERN: offset=0x63 value=0xffffffffffffff00 ***
[1785312316.482]     ZONE FREE-PATTERN at +0x40: 0x7fffffffffffffff
[1785312316.482]   [iter 164] close=0x0 kernPtrs=10 freePatterns=1 changed=0 bytes
[1785312316.482]     *** KERNEL PTR PATTERN: offset=0x60 value=0xffffffff000000d3 ***
[1785312316.482]     *** KERNEL PTR PATTERN: offset=0x61 value=0xffffffffff000000 ***
[1785312316.482]     *** KERNEL PTR PATTERN: offset=0x62 value=0xffffffffffff0000 ***
[1785312316.482]     *** KERNEL PTR PATTERN: offset=0x59 value=0xffffff000000d300 ***
[1785312316.482]     *** KERNEL PTR PATTERN: offset=0x63 value=0xffffffffffffff00 ***
[1785312316.482]     *** KERNEL PTR PATTERN: offset=0x60 value=0xffffffff000000d3 ***
[1785312316.482]     *** KERNEL PTR PATTERN: offset=0x61 value=0xffffffffff000000 ***
[1785312316.482]     *** KERNEL PTR PATTERN: offset=0x62 value=0xffffffffffff0000 ***
[1785312316.482]     *** KERNEL PTR PATTERN: offset=0x59 value=0xffffff000000d300 ***
[1785312316.482]     *** KERNEL PTR PATTERN: offset=0x63 value=0xffffffffffffff00 ***
[1785312316.484]     ZONE FREE-PATTERN at +0x40: 0x7fffffffffffffff
[1785312316.484]   [iter 165] close=0x0 kernPtrs=10 freePatterns=1 changed=0 bytes
[1785312316.484]     *** KERNEL PTR PATTERN: offset=0x60 value=0xffffffff000000d3 ***
[1785312316.484]     *** KERNEL PTR PATTERN: offset=0x61 value=0xffffffffff000000 ***
[1785312316.484]     *** KERNEL PTR PATTERN: offset=0x62 value=0xffffffffffff0000 ***
[1785312316.484]     *** KERNEL PTR PATTERN: offset=0x59 value=0xffffff000000d300 ***
[1785312316.484]     *** KERNEL PTR PATTERN: offset=0x63 value=0xffffffffffffff00 ***
[1785312316.484]     *** KERNEL PTR PATTERN: offset=0x60 value=0xffffffff000000d3 ***
[1785312316.484]     *** KERNEL PTR PATTERN: offset=0x61 value=0xffffffffff000000 ***
[1785312316.484]     *** KERNEL PTR PATTERN: offset=0x62 value=0xffffffffffff0000 ***
[1785312316.484]     *** KERNEL PTR PATTERN: offset=0x59 value=0xffffff000000d300 ***
[1785312316.484]     *** KERNEL PTR PATTERN: offset=0x63 value=0xffffffffffffff00 ***
[1785312316.485]     ZONE FREE-PATTERN at +0x40: 0x7fffffffffffffff
[1785312316.485]   [iter 166] close=0x0 kernPtrs=10 freePatterns=1 changed=0 bytes
[1785312316.485]     *** KERNEL PTR PATTERN: offset=0x60 value=0xffffffff000000d3 ***
[1785312316.485]     *** KERNEL PTR PATTERN: offset=0x61 value=0xffffffffff000000 ***
[1785312316.486]     *** KERNEL PTR PATTERN: offset=0x62 value=0xffffffffffff0000 ***
[1785312316.486]     *** KERNEL PTR PATTERN: offset=0x59 value=0xffffff000000d300 ***
[1785312316.486]     *** KERNEL PTR PATTERN: offset=0x63 value=0xffffffffffffff00 ***
[1785312316.486]     *** KERNEL PTR PATTERN: offset=0x60 value=0xffffffff000000d3 ***
[1785312316.486]     *** KERNEL PTR PATTERN: offset=0x61 value=0xffffffffff000000 ***
[1785312316.486]     *** KERNEL PTR PATTERN: offset=0x62 value=0xffffffffffff0000 ***
[1785312316.486]     *** KERNEL PTR PATTERN: offset=0x59 value=0xffffff000000d300 ***
[1785312316.486]     *** KERNEL PTR PATTERN: offset=0x63 value=0xffffffffffffff00 ***
[1785312316.487]     ZONE FREE-PATTERN at +0x40: 0x7fffffffffffffff
[1785312316.487]   [iter 167] close=0x0 kernPtrs=10 freePatterns=1 changed=0 bytes
[1785312316.487]     *** KERNEL PTR PATTERN: offset=0x60 value=0xffffffff000000d3 ***
[1785312316.487]     *** KERNEL PTR PATTERN: offset=0x61 value=0xffffffffff000000 ***
[1785312316.487]     *** KERNEL PTR PATTERN: offset=0x62 value=0xffffffffffff0000 ***
[1785312316.487]     *** KERNEL PTR PATTERN: offset=0x59 value=0xffffff000000d300 ***
[1785312316.487]     *** KERNEL PTR PATTERN: offset=0x63 value=0xffffffffffffff00 ***
[1785312316.488]     *** KERNEL PTR PATTERN: offset=0x60 value=0xffffffff000000d3 ***
[1785312316.488]     *** KERNEL PTR PATTERN: offset=0x61 value=0xffffffffff000000 ***
[1785312316.488]     *** KERNEL PTR PATTERN: offset=0x62 value=0xffffffffffff0000 ***
[1785312316.488]     *** KERNEL PTR PATTERN: offset=0x59 value=0xffffff000000d300 ***
[1785312316.488]     *** KERNEL PTR PATTERN: offset=0x63 value=0xffffffffffffff00 ***
[1785312316.489]     ZONE FREE-PATTERN at +0x40: 0x7fffffffffffffff
[1785312316.489]   [iter 168] close=0x0 kernPtrs=10 freePatterns=1 changed=0 bytes
[1785312316.489]     *** KERNEL PTR PATTERN: offset=0x60 value=0xffffffff000000d3 ***
[1785312316.489]     *** KERNEL PTR PATTERN: offset=0x61 value=0xffffffffff000000 ***
[1785312316.489]     *** KERNEL PTR PATTERN: offset=0x62 value=0xffffffffffff0000 ***
[1785312316.489]     *** KERNEL PTR PATTERN: offset=0x59 value=0xffffff000000d300 ***
[1785312316.489]     *** KERNEL PTR PATTERN: offset=0x63 value=0xffffffffffffff00 ***
[1785312316.489]     *** KERNEL PTR PATTERN: offset=0x60 value=0xffffffff000000d3 ***
[1785312316.489]     *** KERNEL PTR PATTERN: offset=0x61 value=0xffffffffff000000 ***
[1785312316.489]     *** KERNEL PTR PATTERN: offset=0x62 value=0xffffffffffff0000 ***
[1785312316.489]     *** KERNEL PTR PATTERN: offset=0x59 value=0xffffff000000d300 ***
[1785312316.489]     *** KERNEL PTR PATTERN: offset=0x63 value=0xffffffffffffff00 ***
[1785312316.491]     ZONE FREE-PATTERN at +0x40: 0x7fffffffffffffff
[1785312316.491]   [iter 169] close=0x0 kernPtrs=10 freePatterns=1 changed=0 bytes
[1785312316.491]     *** KERNEL PTR PATTERN: offset=0x60 value=0xffffffff000000d3 ***
[1785312316.491]     *** KERNEL PTR PATTERN: offset=0x61 value=0xffffffffff000000 ***
[1785312316.491]     *** KERNEL PTR PATTERN: offset=0x62 value=0xffffffffffff0000 ***
[1785312316.491]     *** KERNEL PTR PATTERN: offset=0x59 value=0xffffff000000d300 ***
[1785312316.491]     *** KERNEL PTR PATTERN: offset=0x63 value=0xffffffffffffff00 ***
[1785312316.491]     *** KERNEL PTR PATTERN: offset=0x60 value=0xffffffff000000d3 ***
[1785312316.491]     *** KERNEL PTR PATTERN: offset=0x61 value=0xffffffffff000000 ***
[1785312316.491]     *** KERNEL PTR PATTERN: offset=0x62 value=0xffffffffffff0000 ***
[1785312316.491]     *** KERNEL PTR PATTERN: offset=0x59 value=0xffffff000000d300 ***
[1785312316.491]     *** KERNEL PTR PATTERN: offset=0x63 value=0xffffffffffffff00 ***
[1785312316.492]     ZONE FREE-PATTERN at +0x40: 0x7fffffffffffffff
[1785312316.492]   [iter 170] close=0x0 kernPtrs=10 freePatterns=1 changed=0 bytes
[1785312316.492]     *** KERNEL PTR PATTERN: offset=0x60 value=0xffffffff000000d3 ***
[1785312316.492]     *** KERNEL PTR PATTERN: offset=0x61 value=0xffffffffff000000 ***
[1785312316.493]     *** KERNEL PTR PATTERN: offset=0x62 value=0xffffffffffff0000 ***
[1785312316.493]     *** KERNEL PTR PATTERN: offset=0x59 value=0xffffff000000d300 ***
[1785312316.493]     *** KERNEL PTR PATTERN: offset=0x63 value=0xffffffffffffff00 ***
[1785312316.493]     *** KERNEL PTR PATTERN: offset=0x60 value=0xffffffff000000d3 ***
[1785312316.493]     *** KERNEL PTR PATTERN: offset=0x61 value=0xffffffffff000000 ***
[1785312316.493]     *** KERNEL PTR PATTERN: offset=0x62 value=0xffffffffffff0000 ***
[1785312316.493]     *** KERNEL PTR PATTERN: offset=0x59 value=0xffffff000000d300 ***
[1785312316.493]     *** KERNEL PTR PATTERN: offset=0x63 value=0xffffffffffffff00 ***
[1785312316.494]     ZONE FREE-PATTERN at +0x40: 0x7fffffffffffffff
[1785312316.494]   [iter 171] close=0x0 kernPtrs=10 freePatterns=1 changed=0 bytes
[1785312316.494]     *** KERNEL PTR PATTERN: offset=0x60 value=0xffffffff000000d3 ***
[1785312316.494]     *** KERNEL PTR PATTERN: offset=0x61 value=0xffffffffff000000 ***
[1785312316.494]     *** KERNEL PTR PATTERN: offset=0x62 value=0xffffffffffff0000 ***
[1785312316.494]     *** KERNEL PTR PATTERN: offset=0x59 value=0xffffff000000d300 ***
[1785312316.494]     *** KERNEL PTR PATTERN: offset=0x63 value=0xffffffffffffff00 ***
[1785312316.494]     *** KERNEL PTR PATTERN: offset=0x60 value=0xffffffff000000d3 ***
[1785312316.494]     *** KERNEL PTR PATTERN: offset=0x61 value=0xffffffffff000000 ***
[1785312316.494]     *** KERNEL PTR PATTERN: offset=0x62 value=0xffffffffffff0000 ***
[1785312316.494]     *** KERNEL PTR PATTERN: offset=0x59 value=0xffffff000000d300 ***
[1785312316.494]     *** KERNEL PTR PATTERN: offset=0x63 value=0xffffffffffffff00 ***
[1785312316.496]     ZONE FREE-PATTERN at +0x40: 0x7fffffffffffffff
[1785312316.496]   [iter 172] close=0x0 kernPtrs=10 freePatterns=1 changed=0 bytes
[1785312316.496]     *** KERNEL PTR PATTERN: offset=0x60 value=0xffffffff000000d3 ***
[1785312316.496]     *** KERNEL PTR PATTERN: offset=0x61 value=0xffffffffff000000 ***
[1785312316.496]     *** KERNEL PTR PATTERN: offset=0x62 value=0xffffffffffff0000 ***
[1785312316.496]     *** KERNEL PTR PATTERN: offset=0x59 value=0xffffff000000d300 ***
[1785312316.496]     *** KERNEL PTR PATTERN: offset=0x63 value=0xffffffffffffff00 ***
[1785312316.496]     *** KERNEL PTR PATTERN: offset=0x60 value=0xffffffff000000d3 ***
[1785312316.496]     *** KERNEL PTR PATTERN: offset=0x61 value=0xffffffffff000000 ***
[1785312316.496]     *** KERNEL PTR PATTERN: offset=0x62 value=0xffffffffffff0000 ***
[1785312316.496]     *** KERNEL PTR PATTERN: offset=0x59 value=0xffffff000000d300 ***
[1785312316.496]     *** KERNEL PTR PATTERN: offset=0x63 value=0xffffffffffffff00 ***
[1785312316.497]     ZONE FREE-PATTERN at +0x40: 0x7fffffffffffffff
[1785312316.497]   [iter 173] close=0x0 kernPtrs=10 freePatterns=1 changed=0 bytes
[1785312316.497]     *** KERNEL PTR PATTERN: offset=0x60 value=0xffffffff000000d3 ***
[1785312316.497]     *** KERNEL PTR PATTERN: offset=0x61 value=0xffffffffff000000 ***
[1785312316.497]     *** KERNEL PTR PATTERN: offset=0x62 value=0xffffffffffff0000 ***
[1785312316.497]     *** KERNEL PTR PATTERN: offset=0x59 value=0xffffff000000d300 ***
[1785312316.497]     *** KERNEL PTR PATTERN: offset=0x63 value=0xffffffffffffff00 ***
[1785312316.497]     *** KERNEL PTR PATTERN: offset=0x60 value=0xffffffff000000d3 ***
[1785312316.498]     *** KERNEL PTR PATTERN: offset=0x61 value=0xffffffffff000000 ***
[1785312316.498]     *** KERNEL PTR PATTERN: offset=0x62 value=0xffffffffffff0000 ***
[1785312316.498]     *** KERNEL PTR PATTERN: offset=0x59 value=0xffffff000000d300 ***
[1785312316.498]     *** KERNEL PTR PATTERN: offset=0x63 value=0xffffffffffffff00 ***
[1785312316.499]     ZONE FREE-PATTERN at +0x40: 0x7fffffffffffffff
[1785312316.499]   [iter 174] close=0x0 kernPtrs=10 freePatterns=1 changed=0 bytes
[1785312316.499]     *** KERNEL PTR PATTERN: offset=0x60 value=0xffffffff000000d3 ***
[1785312316.499]     *** KERNEL PTR PATTERN: offset=0x61 value=0xffffffffff000000 ***
[1785312316.499]     *** KERNEL PTR PATTERN: offset=0x62 value=0xffffffffffff0000 ***
[1785312316.499]     *** KERNEL PTR PATTERN: offset=0x59 value=0xffffff000000d300 ***
[1785312316.499]     *** KERNEL PTR PATTERN: offset=0x63 value=0xffffffffffffff00 ***
[1785312316.499]     *** KERNEL PTR PATTERN: offset=0x60 value=0xffffffff000000d3 ***
[1785312316.499]     *** KERNEL PTR PATTERN: offset=0x61 value=0xffffffffff000000 ***
[1785312316.499]     *** KERNEL PTR PATTERN: offset=0x62 value=0xffffffffffff0000 ***
[1785312316.499]     *** KERNEL PTR PATTERN: offset=0x59 value=0xffffff000000d300 ***
[1785312316.499]     *** KERNEL PTR PATTERN: offset=0x63 value=0xffffffffffffff00 ***
[1785312316.501]     ZONE FREE-PATTERN at +0x40: 0x7fffffffffffffff
[1785312316.501]   [iter 175] close=0x0 kernPtrs=10 freePatterns=1 changed=0 bytes
[1785312316.501]     *** KERNEL PTR PATTERN: offset=0x60 value=0xffffffff000000d3 ***
[1785312316.501]     *** KERNEL PTR PATTERN: offset=0x61 value=0xffffffffff000000 ***
[1785312316.501]     *** KERNEL PTR PATTERN: offset=0x62 value=0xffffffffffff0000 ***
[1785312316.501]     *** KERNEL PTR PATTERN: offset=0x59 value=0xffffff000000d300 ***
[1785312316.501]     *** KERNEL PTR PATTERN: offset=0x63 value=0xffffffffffffff00 ***
[1785312316.501]     *** KERNEL PTR PATTERN: offset=0x60 value=0xffffffff000000d3 ***
[1785312316.501]     *** KERNEL PTR PATTERN: offset=0x61 value=0xffffffffff000000 ***
[1785312316.502]     *** KERNEL PTR PATTERN: offset=0x62 value=0xffffffffffff0000 ***
[1785312316.502]     *** KERNEL PTR PATTERN: offset=0x59 value=0xffffff000000d300 ***
[1785312316.502]     *** KERNEL PTR PATTERN: offset=0x63 value=0xffffffffffffff00 ***
[1785312316.503]     ZONE FREE-PATTERN at +0x40: 0x7fffffffffffffff
[1785312316.503]   [iter 176] close=0x0 kernPtrs=10 freePatterns=1 changed=0 bytes
[1785312316.503]     *** KERNEL PTR PATTERN: offset=0x60 value=0xffffffff000000d3 ***
[1785312316.503]     *** KERNEL PTR PATTERN: offset=0x61 value=0xffffffffff000000 ***
[1785312316.503]     *** KERNEL PTR PATTERN: offset=0x62 value=0xffffffffffff0000 ***
[1785312316.503]     *** KERNEL PTR PATTERN: offset=0x59 value=0xffffff000000d300 ***
[1785312316.503]     *** KERNEL PTR PATTERN: offset=0x63 value=0xffffffffffffff00 ***
[1785312316.503]     *** KERNEL PTR PATTERN: offset=0x60 value=0xffffffff000000d3 ***
[1785312316.503]     *** KERNEL PTR PATTERN: offset=0x61 value=0xffffffffff000000 ***
[1785312316.503]     *** KERNEL PTR PATTERN: offset=0x62 value=0xffffffffffff0000 ***
[1785312316.503]     *** KERNEL PTR PATTERN: offset=0x59 value=0xffffff000000d300 ***
[1785312316.503]     *** KERNEL PTR PATTERN: offset=0x63 value=0xffffffffffffff00 ***
[1785312316.505]     ZONE FREE-PATTERN at +0x40: 0x7fffffffffffffff
[1785312316.505]   [iter 177] close=0x0 kernPtrs=10 freePatterns=1 changed=0 bytes
[1785312316.505]     *** KERNEL PTR PATTERN: offset=0x60 value=0xffffffff000000d3 ***
[1785312316.505]     *** KERNEL PTR PATTERN: offset=0x61 value=0xffffffffff000000 ***
[1785312316.505]     *** KERNEL PTR PATTERN: offset=0x62 value=0xffffffffffff0000 ***
[1785312316.505]     *** KERNEL PTR PATTERN: offset=0x59 value=0xffffff000000d300 ***
[1785312316.505]     *** KERNEL PTR PATTERN: offset=0x63 value=0xffffffffffffff00 ***
[1785312316.505]     *** KERNEL PTR PATTERN: offset=0x60 value=0xffffffff000000d3 ***
[1785312316.505]     *** KERNEL PTR PATTERN: offset=0x61 value=0xffffffffff000000 ***
[1785312316.505]     *** KERNEL PTR PATTERN: offset=0x62 value=0xffffffffffff0000 ***
[1785312316.505]     *** KERNEL PTR PATTERN: offset=0x59 value=0xffffff000000d300 ***
[1785312316.505]     *** KERNEL PTR PATTERN: offset=0x63 value=0xffffffffffffff00 ***
[1785312316.507]     ZONE FREE-PATTERN at +0x40: 0x7fffffffffffffff
[1785312316.507]   [iter 178] close=0x0 kernPtrs=10 freePatterns=1 changed=0 bytes
[1785312316.507]     *** KERNEL PTR PATTERN: offset=0x60 value=0xffffffff000000d3 ***
[1785312316.507]     *** KERNEL PTR PATTERN: offset=0x61 value=0xffffffffff000000 ***
[1785312316.507]     *** KERNEL PTR PATTERN: offset=0x62 value=0xffffffffffff0000 ***
[1785312316.507]     *** KERNEL PTR PATTERN: offset=0x59 value=0xffffff000000d300 ***
[1785312316.507]     *** KERNEL PTR PATTERN: offset=0x63 value=0xffffffffffffff00 ***
[1785312316.507]     *** KERNEL PTR PATTERN: offset=0x60 value=0xffffffff000000d3 ***
[1785312316.507]     *** KERNEL PTR PATTERN: offset=0x61 value=0xffffffffff000000 ***
[1785312316.507]     *** KERNEL PTR PATTERN: offset=0x62 value=0xffffffffffff0000 ***
[1785312316.507]     *** KERNEL PTR PATTERN: offset=0x59 value=0xffffff000000d300 ***
[1785312316.507]     *** KERNEL PTR PATTERN: offset=0x63 value=0xffffffffffffff00 ***
[1785312316.509]     ZONE FREE-PATTERN at +0x40: 0x7fffffffffffffff
[1785312316.509]   [iter 179] close=0x0 kernPtrs=10 freePatterns=1 changed=0 bytes
[1785312316.509]     *** KERNEL PTR PATTERN: offset=0x60 value=0xffffffff000000d3 ***
[1785312316.509]     *** KERNEL PTR PATTERN: offset=0x61 value=0xffffffffff000000 ***
[1785312316.509]     *** KERNEL PTR PATTERN: offset=0x62 value=0xffffffffffff0000 ***
[1785312316.509]     *** KERNEL PTR PATTERN: offset=0x59 value=0xffffff000000d300 ***
[1785312316.509]     *** KERNEL PTR PATTERN: offset=0x63 value=0xffffffffffffff00 ***
[1785312316.509]     *** KERNEL PTR PATTERN: offset=0x60 value=0xffffffff000000d3 ***
[1785312316.509]     *** KERNEL PTR PATTERN: offset=0x61 value=0xffffffffff000000 ***
[1785312316.509]     *** KERNEL PTR PATTERN: offset=0x62 value=0xffffffffffff0000 ***
[1785312316.509]     *** KERNEL PTR PATTERN: offset=0x59 value=0xffffff000000d300 ***
[1785312316.509]     *** KERNEL PTR PATTERN: offset=0x63 value=0xffffffffffffff00 ***
[1785312316.511]     ZONE FREE-PATTERN at +0x40: 0x7fffffffffffffff
[1785312316.511]   [iter 180] close=0x0 kernPtrs=10 freePatterns=1 changed=0 bytes
[1785312316.511]     *** KERNEL PTR PATTERN: offset=0x60 value=0xffffffff000000d3 ***
[1785312316.511]     *** KERNEL PTR PATTERN: offset=0x61 value=0xffffffffff000000 ***
[1785312316.511]     *** KERNEL PTR PATTERN: offset=0x62 value=0xffffffffffff0000 ***
[1785312316.511]     *** KERNEL PTR PATTERN: offset=0x59 value=0xffffff000000d300 ***
[1785312316.511]     *** KERNEL PTR PATTERN: offset=0x63 value=0xffffffffffffff00 ***
[1785312316.511]     *** KERNEL PTR PATTERN: offset=0x60 value=0xffffffff000000d3 ***
[1785312316.511]     *** KERNEL PTR PATTERN: offset=0x61 value=0xffffffffff000000 ***
[1785312316.512]     *** KERNEL PTR PATTERN: offset=0x62 value=0xffffffffffff0000 ***
[1785312316.512]     *** KERNEL PTR PATTERN: offset=0x59 value=0xffffff000000d300 ***
[1785312316.512]     *** KERNEL PTR PATTERN: offset=0x63 value=0xffffffffffffff00 ***
[1785312316.513]     ZONE FREE-PATTERN at +0x40: 0x7fffffffffffffff
[1785312316.513]   [iter 181] close=0x0 kernPtrs=10 freePatterns=1 changed=0 bytes
[1785312316.513]     *** KERNEL PTR PATTERN: offset=0x60 value=0xffffffff000000d3 ***
[1785312316.513]     *** KERNEL PTR PATTERN: offset=0x61 value=0xffffffffff000000 ***
[1785312316.513]     *** KERNEL PTR PATTERN: offset=0x62 value=0xffffffffffff0000 ***
[1785312316.513]     *** KERNEL PTR PATTERN: offset=0x59 value=0xffffff000000d300 ***
[1785312316.513]     *** KERNEL PTR PATTERN: offset=0x63 value=0xffffffffffffff00 ***
[1785312316.513]     *** KERNEL PTR PATTERN: offset=0x60 value=0xffffffff000000d3 ***
[1785312316.513]     *** KERNEL PTR PATTERN: offset=0x61 value=0xffffffffff000000 ***
[1785312316.513]     *** KERNEL PTR PATTERN: offset=0x62 value=0xffffffffffff0000 ***
[1785312316.513]     *** KERNEL PTR PATTERN: offset=0x59 value=0xffffff000000d300 ***
[1785312316.513]     *** KERNEL PTR PATTERN: offset=0x63 value=0xffffffffffffff00 ***
[1785312316.515]     ZONE FREE-PATTERN at +0x40: 0x7fffffffffffffff
[1785312316.515]   [iter 182] close=0x0 kernPtrs=10 freePatterns=1 changed=0 bytes
[1785312316.515]     *** KERNEL PTR PATTERN: offset=0x60 value=0xffffffff000000d3 ***
[1785312316.515]     *** KERNEL PTR PATTERN: offset=0x61 value=0xffffffffff000000 ***
[1785312316.515]     *** KERNEL PTR PATTERN: offset=0x62 value=0xffffffffffff0000 ***
[1785312316.515]     *** KERNEL PTR PATTERN: offset=0x59 value=0xffffff000000d300 ***
[1785312316.515]     *** KERNEL PTR PATTERN: offset=0x63 value=0xffffffffffffff00 ***
[1785312316.515]     *** KERNEL PTR PATTERN: offset=0x60 value=0xffffffff000000d3 ***
[1785312316.515]     *** KERNEL PTR PATTERN: offset=0x61 value=0xffffffffff000000 ***
[1785312316.515]     *** KERNEL PTR PATTERN: offset=0x62 value=0xffffffffffff0000 ***
[1785312316.515]     *** KERNEL PTR PATTERN: offset=0x59 value=0xffffff000000d300 ***
[1785312316.515]     *** KERNEL PTR PATTERN: offset=0x63 value=0xffffffffffffff00 ***
[1785312316.517]     ZONE FREE-PATTERN at +0x40: 0x7fffffffffffffff
[1785312316.517]   [iter 183] close=0x0 kernPtrs=10 freePatterns=1 changed=0 bytes
[1785312316.517]     *** KERNEL PTR PATTERN: offset=0x60 value=0xffffffff000000d3 ***
[1785312316.517]     *** KERNEL PTR PATTERN: offset=0x61 value=0xffffffffff000000 ***
[1785312316.517]     *** KERNEL PTR PATTERN: offset=0x62 value=0xffffffffffff0000 ***
[1785312316.517]     *** KERNEL PTR PATTERN: offset=0x59 value=0xffffff000000d300 ***
[1785312316.517]     *** KERNEL PTR PATTERN: offset=0x63 value=0xffffffffffffff00 ***
[1785312316.517]     *** KERNEL PTR PATTERN: offset=0x60 value=0xffffffff000000d3 ***
[1785312316.517]     *** KERNEL PTR PATTERN: offset=0x61 value=0xffffffffff000000 ***
[1785312316.517]     *** KERNEL PTR PATTERN: offset=0x62 value=0xffffffffffff0000 ***
[1785312316.517]     *** KERNEL PTR PATTERN: offset=0x59 value=0xffffff000000d300 ***
[1785312316.517]     *** KERNEL PTR PATTERN: offset=0x63 value=0xffffffffffffff00 ***
[1785312316.518]     ZONE FREE-PATTERN at +0x40: 0x7fffffffffffffff
[1785312316.518]   [iter 184] close=0x0 kernPtrs=10 freePatterns=1 changed=0 bytes
[1785312316.518]     *** KERNEL PTR PATTERN: offset=0x60 value=0xffffffff000000d3 ***
[1785312316.518]     *** KERNEL PTR PATTERN: offset=0x61 value=0xffffffffff000000 ***
[1785312316.518]     *** KERNEL PTR PATTERN: offset=0x62 value=0xffffffffffff0000 ***
[1785312316.519]     *** KERNEL PTR PATTERN: offset=0x59 value=0xffffff000000d300 ***
[1785312316.519]     *** KERNEL PTR PATTERN: offset=0x63 value=0xffffffffffffff00 ***
[1785312316.519]     *** KERNEL PTR PATTERN: offset=0x60 value=0xffffffff000000d3 ***
[1785312316.519]     *** KERNEL PTR PATTERN: offset=0x61 value=0xffffffffff000000 ***
[1785312316.519]     *** KERNEL PTR PATTERN: offset=0x62 value=0xffffffffffff0000 ***
[1785312316.519]     *** KERNEL PTR PATTERN: offset=0x59 value=0xffffff000000d300 ***
[1785312316.519]     *** KERNEL PTR PATTERN: offset=0x63 value=0xffffffffffffff00 ***
[1785312316.521]     ZONE FREE-PATTERN at +0x40: 0x7fffffffffffffff
[1785312316.521]   [iter 185] close=0x0 kernPtrs=10 freePatterns=1 changed=0 bytes
[1785312316.521]     *** KERNEL PTR PATTERN: offset=0x60 value=0xffffffff000000d3 ***
[1785312316.521]     *** KERNEL PTR PATTERN: offset=0x61 value=0xffffffffff000000 ***
[1785312316.521]     *** KERNEL PTR PATTERN: offset=0x62 value=0xffffffffffff0000 ***
[1785312316.521]     *** KERNEL PTR PATTERN: offset=0x59 value=0xffffff000000d300 ***
[1785312316.521]     *** KERNEL PTR PATTERN: offset=0x63 value=0xffffffffffffff00 ***
[1785312316.521]     *** KERNEL PTR PATTERN: offset=0x60 value=0xffffffff000000d3 ***
[1785312316.521]     *** KERNEL PTR PATTERN: offset=0x61 value=0xffffffffff000000 ***
[1785312316.521]     *** KERNEL PTR PATTERN: offset=0x62 value=0xffffffffffff0000 ***
[1785312316.521]     *** KERNEL PTR PATTERN: offset=0x59 value=0xffffff000000d300 ***
[1785312316.521]     *** KERNEL PTR PATTERN: offset=0x63 value=0xffffffffffffff00 ***
[1785312316.523]     ZONE FREE-PATTERN at +0x40: 0x7fffffffffffffff
[1785312316.523]   [iter 186] close=0x0 kernPtrs=10 freePatterns=1 changed=0 bytes
[1785312316.523]     *** KERNEL PTR PATTERN: offset=0x60 value=0xffffffff000000d3 ***
[1785312316.523]     *** KERNEL PTR PATTERN: offset=0x61 value=0xffffffffff000000 ***
[1785312316.523]     *** KERNEL PTR PATTERN: offset=0x62 value=0xffffffffffff0000 ***
[1785312316.523]     *** KERNEL PTR PATTERN: offset=0x59 value=0xffffff000000d300 ***
[1785312316.523]     *** KERNEL PTR PATTERN: offset=0x63 value=0xffffffffffffff00 ***
[1785312316.523]     *** KERNEL PTR PATTERN: offset=0x60 value=0xffffffff000000d3 ***
[1785312316.523]     *** KERNEL PTR PATTERN: offset=0x61 value=0xffffffffff000000 ***
[1785312316.523]     *** KERNEL PTR PATTERN: offset=0x62 value=0xffffffffffff0000 ***
[1785312316.523]     *** KERNEL PTR PATTERN: offset=0x59 value=0xffffff000000d300 ***
[1785312316.523]     *** KERNEL PTR PATTERN: offset=0x63 value=0xffffffffffffff00 ***
[1785312316.524]     ZONE FREE-PATTERN at +0x40: 0x7fffffffffffffff
[1785312316.524]   [iter 187] close=0x0 kernPtrs=10 freePatterns=1 changed=0 bytes
[1785312316.524]     *** KERNEL PTR PATTERN: offset=0x60 value=0xffffffff000000d3 ***
[1785312316.524]     *** KERNEL PTR PATTERN: offset=0x61 value=0xffffffffff000000 ***
[1785312316.524]     *** KERNEL PTR PATTERN: offset=0x62 value=0xffffffffffff0000 ***
[1785312316.525]     *** KERNEL PTR PATTERN: offset=0x59 value=0xffffff000000d300 ***
[1785312316.525]     *** KERNEL PTR PATTERN: offset=0x63 value=0xffffffffffffff00 ***
[1785312316.525]     *** KERNEL PTR PATTERN: offset=0x60 value=0xffffffff000000d3 ***
[1785312316.525]     *** KERNEL PTR PATTERN: offset=0x61 value=0xffffffffff000000 ***
[1785312316.525]     *** KERNEL PTR PATTERN: offset=0x62 value=0xffffffffffff0000 ***
[1785312316.525]     *** KERNEL PTR PATTERN: offset=0x59 value=0xffffff000000d300 ***
[1785312316.525]     *** KERNEL PTR PATTERN: offset=0x63 value=0xffffffffffffff00 ***
[1785312316.526]     ZONE FREE-PATTERN at +0x40: 0x7fffffffffffffff
[1785312316.526]   [iter 188] close=0x0 kernPtrs=10 freePatterns=1 changed=0 bytes
[1785312316.526]     *** KERNEL PTR PATTERN: offset=0x60 value=0xffffffff000000d3 ***
[1785312316.526]     *** KERNEL PTR PATTERN: offset=0x61 value=0xffffffffff000000 ***
[1785312316.526]     *** KERNEL PTR PATTERN: offset=0x62 value=0xffffffffffff0000 ***
[1785312316.526]     *** KERNEL PTR PATTERN: offset=0x59 value=0xffffff000000d300 ***
[1785312316.526]     *** KERNEL PTR PATTERN: offset=0x63 value=0xffffffffffffff00 ***
[1785312316.526]     *** KERNEL PTR PATTERN: offset=0x60 value=0xffffffff000000d3 ***
[1785312316.526]     *** KERNEL PTR PATTERN: offset=0x61 value=0xffffffffff000000 ***
[1785312316.527]     *** KERNEL PTR PATTERN: offset=0x62 value=0xffffffffffff0000 ***
[1785312316.527]     *** KERNEL PTR PATTERN: offset=0x59 value=0xffffff000000d300 ***
[1785312316.527]     *** KERNEL PTR PATTERN: offset=0x63 value=0xffffffffffffff00 ***
[1785312316.528]     ZONE FREE-PATTERN at +0x40: 0x7fffffffffffffff
[1785312316.528]   [iter 189] close=0x0 kernPtrs=10 freePatterns=1 changed=0 bytes
[1785312316.528]     *** KERNEL PTR PATTERN: offset=0x60 value=0xffffffff000000d3 ***
[1785312316.528]     *** KERNEL PTR PATTERN: offset=0x61 value=0xffffffffff000000 ***
[1785312316.528]     *** KERNEL PTR PATTERN: offset=0x62 value=0xffffffffffff0000 ***
[1785312316.528]     *** KERNEL PTR PATTERN: offset=0x59 value=0xffffff000000d300 ***
[1785312316.528]     *** KERNEL PTR PATTERN: offset=0x63 value=0xffffffffffffff00 ***
[1785312316.528]     *** KERNEL PTR PATTERN: offset=0x60 value=0xffffffff000000d3 ***
[1785312316.528]     *** KERNEL PTR PATTERN: offset=0x61 value=0xffffffffff000000 ***
[1785312316.528]     *** KERNEL PTR PATTERN: offset=0x62 value=0xffffffffffff0000 ***
[1785312316.528]     *** KERNEL PTR PATTERN: offset=0x59 value=0xffffff000000d300 ***
[1785312316.528]     *** KERNEL PTR PATTERN: offset=0x63 value=0xffffffffffffff00 ***
[1785312316.531]     ZONE FREE-PATTERN at +0x40: 0x7fffffffffffffff
[1785312316.531]   [iter 190] close=0x0 kernPtrs=10 freePatterns=1 changed=0 bytes
[1785312316.531]     *** KERNEL PTR PATTERN: offset=0x60 value=0xffffffff000000d3 ***
[1785312316.531]     *** KERNEL PTR PATTERN: offset=0x61 value=0xffffffffff000000 ***
[1785312316.531]     *** KERNEL PTR PATTERN: offset=0x62 value=0xffffffffffff0000 ***
[1785312316.531]     *** KERNEL PTR PATTERN: offset=0x59 value=0xffffff000000d300 ***
[1785312316.531]     *** KERNEL PTR PATTERN: offset=0x63 value=0xffffffffffffff00 ***
[1785312316.531]     *** KERNEL PTR PATTERN: offset=0x60 value=0xffffffff000000d3 ***
[1785312316.531]     *** KERNEL PTR PATTERN: offset=0x61 value=0xffffffffff000000 ***
[1785312316.531]     *** KERNEL PTR PATTERN: offset=0x62 value=0xffffffffffff0000 ***
[1785312316.531]     *** KERNEL PTR PATTERN: offset=0x59 value=0xffffff000000d300 ***
[1785312316.531]     *** KERNEL PTR PATTERN: offset=0x63 value=0xffffffffffffff00 ***
[1785312316.533]     ZONE FREE-PATTERN at +0x40: 0x7fffffffffffffff
[1785312316.533]   [iter 191] close=0x0 kernPtrs=10 freePatterns=1 changed=0 bytes
[1785312316.533]     *** KERNEL PTR PATTERN: offset=0x60 value=0xffffffff000000d3 ***
[1785312316.533]     *** KERNEL PTR PATTERN: offset=0x61 value=0xffffffffff000000 ***
[1785312316.533]     *** KERNEL PTR PATTERN: offset=0x62 value=0xffffffffffff0000 ***
[1785312316.533]     *** KERNEL PTR PATTERN: offset=0x59 value=0xffffff000000d300 ***
[1785312316.533]     *** KERNEL PTR PATTERN: offset=0x63 value=0xffffffffffffff00 ***
[1785312316.533]     *** KERNEL PTR PATTERN: offset=0x60 value=0xffffffff000000d3 ***
[1785312316.533]     *** KERNEL PTR PATTERN: offset=0x61 value=0xffffffffff000000 ***
[1785312316.533]     *** KERNEL PTR PATTERN: offset=0x62 value=0xffffffffffff0000 ***
[1785312316.533]     *** KERNEL PTR PATTERN: offset=0x59 value=0xffffff000000d300 ***
[1785312316.533]     *** KERNEL PTR PATTERN: offset=0x63 value=0xffffffffffffff00 ***
[1785312316.534]     ZONE FREE-PATTERN at +0x40: 0x7fffffffffffffff
[1785312316.535]   [iter 192] close=0x0 kernPtrs=10 freePatterns=1 changed=0 bytes
[1785312316.535]     *** KERNEL PTR PATTERN: offset=0x60 value=0xffffffff000000d3 ***
[1785312316.535]     *** KERNEL PTR PATTERN: offset=0x61 value=0xffffffffff000000 ***
[1785312316.535]     *** KERNEL PTR PATTERN: offset=0x62 value=0xffffffffffff0000 ***
[1785312316.535]     *** KERNEL PTR PATTERN: offset=0x59 value=0xffffff000000d300 ***
[1785312316.535]     *** KERNEL PTR PATTERN: offset=0x63 value=0xffffffffffffff00 ***
[1785312316.535]     *** KERNEL PTR PATTERN: offset=0x60 value=0xffffffff000000d3 ***
[1785312316.535]     *** KERNEL PTR PATTERN: offset=0x61 value=0xffffffffff000000 ***
[1785312316.535]     *** KERNEL PTR PATTERN: offset=0x62 value=0xffffffffffff0000 ***
[1785312316.535]     *** KERNEL PTR PATTERN: offset=0x59 value=0xffffff000000d300 ***
[1785312316.535]     *** KERNEL PTR PATTERN: offset=0x63 value=0xffffffffffffff00 ***
[1785312316.536]     ZONE FREE-PATTERN at +0x40: 0x7fffffffffffffff
[1785312316.536]   [iter 193] close=0x0 kernPtrs=10 freePatterns=1 changed=0 bytes
[1785312316.536]     *** KERNEL PTR PATTERN: offset=0x60 value=0xffffffff000000d3 ***
[1785312316.536]     *** KERNEL PTR PATTERN: offset=0x61 value=0xffffffffff000000 ***
[1785312316.536]     *** KERNEL PTR PATTERN: offset=0x62 value=0xffffffffffff0000 ***
[1785312316.536]     *** KERNEL PTR PATTERN: offset=0x59 value=0xffffff000000d300 ***
[1785312316.536]     *** KERNEL PTR PATTERN: offset=0x63 value=0xffffffffffffff00 ***
[1785312316.536]     *** KERNEL PTR PATTERN: offset=0x60 value=0xffffffff000000d3 ***
[1785312316.536]     *** KERNEL PTR PATTERN: offset=0x61 value=0xffffffffff000000 ***
[1785312316.537]     *** KERNEL PTR PATTERN: offset=0x62 value=0xffffffffffff0000 ***
[1785312316.537]     *** KERNEL PTR PATTERN: offset=0x59 value=0xffffff000000d300 ***
[1785312316.537]     *** KERNEL PTR PATTERN: offset=0x63 value=0xffffffffffffff00 ***
[1785312316.538]     ZONE FREE-PATTERN at +0x40: 0x7fffffffffffffff
[1785312316.538]   [iter 194] close=0x0 kernPtrs=10 freePatterns=1 changed=0 bytes
[1785312316.538]     *** KERNEL PTR PATTERN: offset=0x60 value=0xffffffff000000d3 ***
[1785312316.538]     *** KERNEL PTR PATTERN: offset=0x61 value=0xffffffffff000000 ***
[1785312316.538]     *** KERNEL PTR PATTERN: offset=0x62 value=0xffffffffffff0000 ***
[1785312316.538]     *** KERNEL PTR PATTERN: offset=0x59 value=0xffffff000000d300 ***
[1785312316.538]     *** KERNEL PTR PATTERN: offset=0x63 value=0xffffffffffffff00 ***
[1785312316.538]     *** KERNEL PTR PATTERN: offset=0x60 value=0xffffffff000000d3 ***
[1785312316.538]     *** KERNEL PTR PATTERN: offset=0x61 value=0xffffffffff000000 ***
[1785312316.538]     *** KERNEL PTR PATTERN: offset=0x62 value=0xffffffffffff0000 ***
[1785312316.539]     *** KERNEL PTR PATTERN: offset=0x59 value=0xffffff000000d300 ***
[1785312316.539]     *** KERNEL PTR PATTERN: offset=0x63 value=0xffffffffffffff00 ***
[1785312316.540]     ZONE FREE-PATTERN at +0x40: 0x7fffffffffffffff
[1785312316.540]   [iter 195] close=0x0 kernPtrs=10 freePatterns=1 changed=0 bytes
[1785312316.540]     *** KERNEL PTR PATTERN: offset=0x60 value=0xffffffff000000d3 ***
[1785312316.540]     *** KERNEL PTR PATTERN: offset=0x61 value=0xffffffffff000000 ***
[1785312316.540]     *** KERNEL PTR PATTERN: offset=0x62 value=0xffffffffffff0000 ***
[1785312316.540]     *** KERNEL PTR PATTERN: offset=0x59 value=0xffffff000000d300 ***
[1785312316.540]     *** KERNEL PTR PATTERN: offset=0x63 value=0xffffffffffffff00 ***
[1785312316.541]     *** KERNEL PTR PATTERN: offset=0x60 value=0xffffffff000000d3 ***
[1785312316.541]     *** KERNEL PTR PATTERN: offset=0x61 value=0xffffffffff000000 ***
[1785312316.541]     *** KERNEL PTR PATTERN: offset=0x62 value=0xffffffffffff0000 ***
[1785312316.541]     *** KERNEL PTR PATTERN: offset=0x59 value=0xffffff000000d300 ***
[1785312316.541]     *** KERNEL PTR PATTERN: offset=0x63 value=0xffffffffffffff00 ***
[1785312316.542]     ZONE FREE-PATTERN at +0x40: 0x7fffffffffffffff
[1785312316.542]   [iter 196] close=0x0 kernPtrs=10 freePatterns=1 changed=0 bytes
[1785312316.542]     *** KERNEL PTR PATTERN: offset=0x60 value=0xffffffff000000d3 ***
[1785312316.542]     *** KERNEL PTR PATTERN: offset=0x61 value=0xffffffffff000000 ***
[1785312316.542]     *** KERNEL PTR PATTERN: offset=0x62 value=0xffffffffffff0000 ***
[1785312316.542]     *** KERNEL PTR PATTERN: offset=0x59 value=0xffffff000000d300 ***
[1785312316.542]     *** KERNEL PTR PATTERN: offset=0x63 value=0xffffffffffffff00 ***
[1785312316.542]     *** KERNEL PTR PATTERN: offset=0x60 value=0xffffffff000000d3 ***
[1785312316.542]     *** KERNEL PTR PATTERN: offset=0x61 value=0xffffffffff000000 ***
[1785312316.542]     *** KERNEL PTR PATTERN: offset=0x62 value=0xffffffffffff0000 ***
[1785312316.543]     *** KERNEL PTR PATTERN: offset=0x59 value=0xffffff000000d300 ***
[1785312316.543]     *** KERNEL PTR PATTERN: offset=0x63 value=0xffffffffffffff00 ***
[1785312316.544]     ZONE FREE-PATTERN at +0x40: 0x7fffffffffffffff
[1785312316.544]   [iter 197] close=0x0 kernPtrs=10 freePatterns=1 changed=0 bytes
[1785312316.544]     *** KERNEL PTR PATTERN: offset=0x60 value=0xffffffff000000d3 ***
[1785312316.544]     *** KERNEL PTR PATTERN: offset=0x61 value=0xffffffffff000000 ***
[1785312316.544]     *** KERNEL PTR PATTERN: offset=0x62 value=0xffffffffffff0000 ***
[1785312316.544]     *** KERNEL PTR PATTERN: offset=0x59 value=0xffffff000000d300 ***
[1785312316.544]     *** KERNEL PTR PATTERN: offset=0x63 value=0xffffffffffffff00 ***
[1785312316.544]     *** KERNEL PTR PATTERN: offset=0x60 value=0xffffffff000000d3 ***
[1785312316.544]     *** KERNEL PTR PATTERN: offset=0x61 value=0xffffffffff000000 ***
[1785312316.544]     *** KERNEL PTR PATTERN: offset=0x62 value=0xffffffffffff0000 ***
[1785312316.544]     *** KERNEL PTR PATTERN: offset=0x59 value=0xffffff000000d300 ***
[1785312316.544]     *** KERNEL PTR PATTERN: offset=0x63 value=0xffffffffffffff00 ***
[1785312316.546]     ZONE FREE-PATTERN at +0x40: 0x7fffffffffffffff
[1785312316.546]   [iter 198] close=0x0 kernPtrs=10 freePatterns=1 changed=0 bytes
[1785312316.546]     *** KERNEL PTR PATTERN: offset=0x60 value=0xffffffff000000d3 ***
[1785312316.546]     *** KERNEL PTR PATTERN: offset=0x61 value=0xffffffffff000000 ***
[1785312316.546]     *** KERNEL PTR PATTERN: offset=0x62 value=0xffffffffffff0000 ***
[1785312316.546]     *** KERNEL PTR PATTERN: offset=0x59 value=0xffffff000000d300 ***
[1785312316.546]     *** KERNEL PTR PATTERN: offset=0x63 value=0xffffffffffffff00 ***
[1785312316.546]     *** KERNEL PTR PATTERN: offset=0x60 value=0xffffffff000000d3 ***
[1785312316.546]     *** KERNEL PTR PATTERN: offset=0x61 value=0xffffffffff000000 ***
[1785312316.546]     *** KERNEL PTR PATTERN: offset=0x62 value=0xffffffffffff0000 ***
[1785312316.546]     *** KERNEL PTR PATTERN: offset=0x59 value=0xffffff000000d300 ***
[1785312316.546]     *** KERNEL PTR PATTERN: offset=0x63 value=0xffffffffffffff00 ***
[1785312316.548]     ZONE FREE-PATTERN at +0x40: 0x7fffffffffffffff
[1785312316.548]   [iter 199] close=0x0 kernPtrs=10 freePatterns=1 changed=0 bytes
[1785312316.548]     *** KERNEL PTR PATTERN: offset=0x60 value=0xffffffff000000d3 ***
[1785312316.548]     *** KERNEL PTR PATTERN: offset=0x61 value=0xffffffffff000000 ***
[1785312316.548]     *** KERNEL PTR PATTERN: offset=0x62 value=0xffffffffffff0000 ***
[1785312316.548]     *** KERNEL PTR PATTERN: offset=0x59 value=0xffffff000000d300 ***
[1785312316.548]     *** KERNEL PTR PATTERN: offset=0x63 value=0xffffffffffffff00 ***
[1785312316.548]     *** KERNEL PTR PATTERN: offset=0x60 value=0xffffffff000000d3 ***
[1785312316.548]     *** KERNEL PTR PATTERN: offset=0x61 value=0xffffffffff000000 ***
[1785312316.548]     *** KERNEL PTR PATTERN: offset=0x62 value=0xffffffffffff0000 ***
[1785312316.548]     *** KERNEL PTR PATTERN: offset=0x59 value=0xffffff000000d300 ***
[1785312316.548]     *** KERNEL PTR PATTERN: offset=0x63 value=0xffffffffffffff00 ***
[1785312316.549]     ZONE FREE-PATTERN at +0x40: 0x7fffffffffffffff
[1785312316.549]   [iter 200] close=0x0 kernPtrs=10 freePatterns=1 changed=0 bytes
[1785312316.549]     *** KERNEL PTR PATTERN: offset=0x60 value=0xffffffff000000d3 ***
[1785312316.550]     *** KERNEL PTR PATTERN: offset=0x61 value=0xffffffffff000000 ***
[1785312316.550]     *** KERNEL PTR PATTERN: offset=0x62 value=0xffffffffffff0000 ***
[1785312316.550]     *** KERNEL PTR PATTERN: offset=0x59 value=0xffffff000000d300 ***
[1785312316.550]     *** KERNEL PTR PATTERN: offset=0x63 value=0xffffffffffffff00 ***
[1785312316.550]     *** KERNEL PTR PATTERN: offset=0x60 value=0xffffffff000000d3 ***
[1785312316.550]     *** KERNEL PTR PATTERN: offset=0x61 value=0xffffffffff000000 ***
[1785312316.550]     *** KERNEL PTR PATTERN: offset=0x62 value=0xffffffffffff0000 ***
[1785312316.550]     *** KERNEL PTR PATTERN: offset=0x59 value=0xffffff000000d300 ***
[1785312316.550]     *** KERNEL PTR PATTERN: offset=0x63 value=0xffffffffffffff00 ***
[1785312316.551]     ZONE FREE-PATTERN at +0x40: 0x7fffffffffffffff
[1785312316.551]   [iter 201] close=0x0 kernPtrs=10 freePatterns=1 changed=0 bytes
[1785312316.551]     *** KERNEL PTR PATTERN: offset=0x60 value=0xffffffff000000d3 ***
[1785312316.551]     *** KERNEL PTR PATTERN: offset=0x61 value=0xffffffffff000000 ***
[1785312316.551]     *** KERNEL PTR PATTERN: offset=0x62 value=0xffffffffffff0000 ***
[1785312316.551]     *** KERNEL PTR PATTERN: offset=0x59 value=0xffffff000000d300 ***
[1785312316.551]     *** KERNEL PTR PATTERN: offset=0x63 value=0xffffffffffffff00 ***
[1785312316.551]     *** KERNEL PTR PATTERN: offset=0x60 value=0xffffffff000000d3 ***
[1785312316.551]     *** KERNEL PTR PATTERN: offset=0x61 value=0xffffffffff000000 ***
[1785312316.551]     *** KERNEL PTR PATTERN: offset=0x62 value=0xffffffffffff0000 ***
[1785312316.551]     *** KERNEL PTR PATTERN: offset=0x59 value=0xffffff000000d300 ***
[1785312316.551]     *** KERNEL PTR PATTERN: offset=0x63 value=0xffffffffffffff00 ***
[1785312316.553]     ZONE FREE-PATTERN at +0x40: 0x7fffffffffffffff
[1785312316.553]   [iter 202] close=0x0 kernPtrs=10 freePatterns=1 changed=0 bytes
[1785312316.553]     *** KERNEL PTR PATTERN: offset=0x60 value=0xffffffff000000d3 ***
[1785312316.553]     *** KERNEL PTR PATTERN: offset=0x61 value=0xffffffffff000000 ***
[1785312316.553]     *** KERNEL PTR PATTERN: offset=0x62 value=0xffffffffffff0000 ***
[1785312316.553]     *** KERNEL PTR PATTERN: offset=0x59 value=0xffffff000000d300 ***
[1785312316.553]     *** KERNEL PTR PATTERN: offset=0x63 value=0xffffffffffffff00 ***
[1785312316.553]     *** KERNEL PTR PATTERN: offset=0x60 value=0xffffffff000000d3 ***
[1785312316.553]     *** KERNEL PTR PATTERN: offset=0x61 value=0xffffffffff000000 ***
[1785312316.553]     *** KERNEL PTR PATTERN: offset=0x62 value=0xffffffffffff0000 ***
[1785312316.553]     *** KERNEL PTR PATTERN: offset=0x59 value=0xffffff000000d300 ***
[1785312316.553]     *** KERNEL PTR PATTERN: offset=0x63 value=0xffffffffffffff00 ***
[1785312316.554]     ZONE FREE-PATTERN at +0x40: 0x7fffffffffffffff
[1785312316.554]   [iter 203] close=0x0 kernPtrs=10 freePatterns=1 changed=0 bytes
[1785312316.554]     *** KERNEL PTR PATTERN: offset=0x60 value=0xffffffff000000d3 ***
[1785312316.554]     *** KERNEL PTR PATTERN: offset=0x61 value=0xffffffffff000000 ***
[1785312316.554]     *** KERNEL PTR PATTERN: offset=0x62 value=0xffffffffffff0000 ***
[1785312316.555]     *** KERNEL PTR PATTERN: offset=0x59 value=0xffffff000000d300 ***
[1785312316.555]     *** KERNEL PTR PATTERN: offset=0x63 value=0xffffffffffffff00 ***
[1785312316.555]     *** KERNEL PTR PATTERN: offset=0x60 value=0xffffffff000000d3 ***
[1785312316.555]     *** KERNEL PTR PATTERN: offset=0x61 value=0xffffffffff000000 ***
[1785312316.555]     *** KERNEL PTR PATTERN: offset=0x62 value=0xffffffffffff0000 ***
[1785312316.555]     *** KERNEL PTR PATTERN: offset=0x59 value=0xffffff000000d300 ***
[1785312316.555]     *** KERNEL PTR PATTERN: offset=0x63 value=0xffffffffffffff00 ***
[1785312316.556]     ZONE FREE-PATTERN at +0x40: 0x7fffffffffffffff
[1785312316.556]   [iter 204] close=0x0 kernPtrs=10 freePatterns=1 changed=0 bytes
[1785312316.556]     *** KERNEL PTR PATTERN: offset=0x60 value=0xffffffff000000d3 ***
[1785312316.556]     *** KERNEL PTR PATTERN: offset=0x61 value=0xffffffffff000000 ***
[1785312316.556]     *** KERNEL PTR PATTERN: offset=0x62 value=0xffffffffffff0000 ***
[1785312316.556]     *** KERNEL PTR PATTERN: offset=0x59 value=0xffffff000000d300 ***
[1785312316.556]     *** KERNEL PTR PATTERN: offset=0x63 value=0xffffffffffffff00 ***
[1785312316.556]     *** KERNEL PTR PATTERN: offset=0x60 value=0xffffffff000000d3 ***
[1785312316.556]     *** KERNEL PTR PATTERN: offset=0x61 value=0xffffffffff000000 ***
[1785312316.556]     *** KERNEL PTR PATTERN: offset=0x62 value=0xffffffffffff0000 ***
[1785312316.556]     *** KERNEL PTR PATTERN: offset=0x59 value=0xffffff000000d300 ***
[1785312316.556]     *** KERNEL PTR PATTERN: offset=0x63 value=0xffffffffffffff00 ***
[1785312316.558]     ZONE FREE-PATTERN at +0x40: 0x7fffffffffffffff
[1785312316.558]   [iter 205] close=0x0 kernPtrs=10 freePatterns=1 changed=0 bytes
[1785312316.558]     *** KERNEL PTR PATTERN: offset=0x60 value=0xffffffff000000d3 ***
[1785312316.558]     *** KERNEL PTR PATTERN: offset=0x61 value=0xffffffffff000000 ***
[1785312316.558]     *** KERNEL PTR PATTERN: offset=0x62 value=0xffffffffffff0000 ***
[1785312316.558]     *** KERNEL PTR PATTERN: offset=0x59 value=0xffffff000000d300 ***
[1785312316.558]     *** KERNEL PTR PATTERN: offset=0x63 value=0xffffffffffffff00 ***
[1785312316.558]     *** KERNEL PTR PATTERN: offset=0x60 value=0xffffffff000000d3 ***
[1785312316.558]     *** KERNEL PTR PATTERN: offset=0x61 value=0xffffffffff000000 ***
[1785312316.558]     *** KERNEL PTR PATTERN: offset=0x62 value=0xffffffffffff0000 ***
[1785312316.558]     *** KERNEL PTR PATTERN: offset=0x59 value=0xffffff000000d300 ***
[1785312316.558]     *** KERNEL PTR PATTERN: offset=0x63 value=0xffffffffffffff00 ***
[1785312316.560]     ZONE FREE-PATTERN at +0x40: 0x7fffffffffffffff
[1785312316.560]   [iter 206] close=0x0 kernPtrs=10 freePatterns=1 changed=0 bytes
[1785312316.560]     *** KERNEL PTR PATTERN: offset=0x60 value=0xffffffff000000d3 ***
[1785312316.560]     *** KERNEL PTR PATTERN: offset=0x61 value=0xffffffffff000000 ***
[1785312316.560]     *** KERNEL PTR PATTERN: offset=0x62 value=0xffffffffffff0000 ***
[1785312316.560]     *** KERNEL PTR PATTERN: offset=0x59 value=0xffffff000000d300 ***
[1785312316.560]     *** KERNEL PTR PATTERN: offset=0x63 value=0xffffffffffffff00 ***
[1785312316.560]     *** KERNEL PTR PATTERN: offset=0x60 value=0xffffffff000000d3 ***
[1785312316.560]     *** KERNEL PTR PATTERN: offset=0x61 value=0xffffffffff000000 ***
[1785312316.560]     *** KERNEL PTR PATTERN: offset=0x62 value=0xffffffffffff0000 ***
[1785312316.560]     *** KERNEL PTR PATTERN: offset=0x59 value=0xffffff000000d300 ***
[1785312316.560]     *** KERNEL PTR PATTERN: offset=0x63 value=0xffffffffffffff00 ***
[1785312316.562]     ZONE FREE-PATTERN at +0x40: 0x7fffffffffffffff
[1785312316.562]   [iter 207] close=0x0 kernPtrs=10 freePatterns=1 changed=0 bytes
[1785312316.562]     *** KERNEL PTR PATTERN: offset=0x60 value=0xffffffff000000d3 ***
[1785312316.562]     *** KERNEL PTR PATTERN: offset=0x61 value=0xffffffffff000000 ***
[1785312316.562]     *** KERNEL PTR PATTERN: offset=0x62 value=0xffffffffffff0000 ***
[1785312316.562]     *** KERNEL PTR PATTERN: offset=0x59 value=0xffffff000000d300 ***
[1785312316.562]     *** KERNEL PTR PATTERN: offset=0x63 value=0xffffffffffffff00 ***
[1785312316.562]     *** KERNEL PTR PATTERN: offset=0x60 value=0xffffffff000000d3 ***
[1785312316.562]     *** KERNEL PTR PATTERN: offset=0x61 value=0xffffffffff000000 ***
[1785312316.562]     *** KERNEL PTR PATTERN: offset=0x62 value=0xffffffffffff0000 ***
[1785312316.562]     *** KERNEL PTR PATTERN: offset=0x59 value=0xffffff000000d300 ***
[1785312316.562]     *** KERNEL PTR PATTERN: offset=0x63 value=0xffffffffffffff00 ***
[1785312316.563]     ZONE FREE-PATTERN at +0x40: 0x7fffffffffffffff
[1785312316.563]   [iter 208] close=0x0 kernPtrs=10 freePatterns=1 changed=0 bytes
[1785312316.563]     *** KERNEL PTR PATTERN: offset=0x60 value=0xffffffff000000d3 ***
[1785312316.564]     *** KERNEL PTR PATTERN: offset=0x61 value=0xffffffffff000000 ***
[1785312316.564]     *** KERNEL PTR PATTERN: offset=0x62 value=0xffffffffffff0000 ***
[1785312316.564]     *** KERNEL PTR PATTERN: offset=0x59 value=0xffffff000000d300 ***
[1785312316.564]     *** KERNEL PTR PATTERN: offset=0x63 value=0xffffffffffffff00 ***
[1785312316.564]     *** KERNEL PTR PATTERN: offset=0x60 value=0xffffffff000000d3 ***
[1785312316.564]     *** KERNEL PTR PATTERN: offset=0x61 value=0xffffffffff000000 ***
[1785312316.564]     *** KERNEL PTR PATTERN: offset=0x62 value=0xffffffffffff0000 ***
[1785312316.564]     *** KERNEL PTR PATTERN: offset=0x59 value=0xffffff000000d300 ***
[1785312316.564]     *** KERNEL PTR PATTERN: offset=0x63 value=0xffffffffffffff00 ***
[1785312316.565]     ZONE FREE-PATTERN at +0x40: 0x7fffffffffffffff
[1785312316.565]   [iter 209] close=0x0 kernPtrs=10 freePatterns=1 changed=0 bytes
[1785312316.565]     *** KERNEL PTR PATTERN: offset=0x60 value=0xffffffff000000d3 ***
[1785312316.565]     *** KERNEL PTR PATTERN: offset=0x61 value=0xffffffffff000000 ***
[1785312316.565]     *** KERNEL PTR PATTERN: offset=0x62 value=0xffffffffffff0000 ***
[1785312316.565]     *** KERNEL PTR PATTERN: offset=0x59 value=0xffffff000000d300 ***
[1785312316.565]     *** KERNEL PTR PATTERN: offset=0x63 value=0xffffffffffffff00 ***
[1785312316.566]     *** KERNEL PTR PATTERN: offset=0x60 value=0xffffffff000000d3 ***
[1785312316.566]     *** KERNEL PTR PATTERN: offset=0x61 value=0xffffffffff000000 ***
[1785312316.566]     *** KERNEL PTR PATTERN: offset=0x62 value=0xffffffffffff0000 ***
[1785312316.566]     *** KERNEL PTR PATTERN: offset=0x59 value=0xffffff000000d300 ***
[1785312316.566]     *** KERNEL PTR PATTERN: offset=0x63 value=0xffffffffffffff00 ***
[1785312316.567]     ZONE FREE-PATTERN at +0x40: 0x7fffffffffffffff
[1785312316.567]   [iter 210] close=0x0 kernPtrs=10 freePatterns=1 changed=0 bytes
[1785312316.567]     *** KERNEL PTR PATTERN: offset=0x60 value=0xffffffff000000d3 ***
[1785312316.567]     *** KERNEL PTR PATTERN: offset=0x61 value=0xffffffffff000000 ***
[1785312316.567]     *** KERNEL PTR PATTERN: offset=0x62 value=0xffffffffffff0000 ***
[1785312316.567]     *** KERNEL PTR PATTERN: offset=0x59 value=0xffffff000000d300 ***
[1785312316.567]     *** KERNEL PTR PATTERN: offset=0x63 value=0xffffffffffffff00 ***
[1785312316.567]     *** KERNEL PTR PATTERN: offset=0x60 value=0xffffffff000000d3 ***
[1785312316.567]     *** KERNEL PTR PATTERN: offset=0x61 value=0xffffffffff000000 ***
[1785312316.568]     *** KERNEL PTR PATTERN: offset=0x62 value=0xffffffffffff0000 ***
[1785312316.568]     *** KERNEL PTR PATTERN: offset=0x59 value=0xffffff000000d300 ***
[1785312316.568]     *** KERNEL PTR PATTERN: offset=0x63 value=0xffffffffffffff00 ***
[1785312316.569]     ZONE FREE-PATTERN at +0x40: 0x7fffffffffffffff
[1785312316.569]   [iter 211] close=0x0 kernPtrs=10 freePatterns=1 changed=0 bytes
[1785312316.569]     *** KERNEL PTR PATTERN: offset=0x60 value=0xffffffff000000d3 ***
[1785312316.569]     *** KERNEL PTR PATTERN: offset=0x61 value=0xffffffffff000000 ***
[1785312316.569]     *** KERNEL PTR PATTERN: offset=0x62 value=0xffffffffffff0000 ***
[1785312316.569]     *** KERNEL PTR PATTERN: offset=0x59 value=0xffffff000000d300 ***
[1785312316.569]     *** KERNEL PTR PATTERN: offset=0x63 value=0xffffffffffffff00 ***
[1785312316.569]     *** KERNEL PTR PATTERN: offset=0x60 value=0xffffffff000000d3 ***
[1785312316.569]     *** KERNEL PTR PATTERN: offset=0x61 value=0xffffffffff000000 ***
[1785312316.569]     *** KERNEL PTR PATTERN: offset=0x62 value=0xffffffffffff0000 ***
[1785312316.569]     *** KERNEL PTR PATTERN: offset=0x59 value=0xffffff000000d300 ***
[1785312316.569]     *** KERNEL PTR PATTERN: offset=0x63 value=0xffffffffffffff00 ***
[1785312316.571]     ZONE FREE-PATTERN at +0x40: 0x7fffffffffffffff
[1785312316.572]   [iter 212] close=0x0 kernPtrs=10 freePatterns=1 changed=0 bytes
[1785312316.572]     *** KERNEL PTR PATTERN: offset=0x60 value=0xffffffff000000d3 ***
[1785312316.572]     *** KERNEL PTR PATTERN: offset=0x61 value=0xffffffffff000000 ***
[1785312316.572]     *** KERNEL PTR PATTERN: offset=0x62 value=0xffffffffffff0000 ***
[1785312316.572]     *** KERNEL PTR PATTERN: offset=0x59 value=0xffffff000000d300 ***
[1785312316.572]     *** KERNEL PTR PATTERN: offset=0x63 value=0xffffffffffffff00 ***
[1785312316.572]     *** KERNEL PTR PATTERN: offset=0x60 value=0xffffffff000000d3 ***
[1785312316.572]     *** KERNEL PTR PATTERN: offset=0x61 value=0xffffffffff000000 ***
[1785312316.572]     *** KERNEL PTR PATTERN: offset=0x62 value=0xffffffffffff0000 ***
[1785312316.572]     *** KERNEL PTR PATTERN: offset=0x59 value=0xffffff000000d300 ***
[1785312316.572]     *** KERNEL PTR PATTERN: offset=0x63 value=0xffffffffffffff00 ***
[1785312316.573]     ZONE FREE-PATTERN at +0x40: 0x7fffffffffffffff
[1785312316.573]   [iter 213] close=0x0 kernPtrs=10 freePatterns=1 changed=0 bytes
[1785312316.573]     *** KERNEL PTR PATTERN: offset=0x60 value=0xffffffff000000d3 ***
[1785312316.573]     *** KERNEL PTR PATTERN: offset=0x61 value=0xffffffffff000000 ***
[1785312316.573]     *** KERNEL PTR PATTERN: offset=0x62 value=0xffffffffffff0000 ***
[1785312316.573]     *** KERNEL PTR PATTERN: offset=0x59 value=0xffffff000000d300 ***
[1785312316.573]     *** KERNEL PTR PATTERN: offset=0x63 value=0xffffffffffffff00 ***
[1785312316.573]     *** KERNEL PTR PATTERN: offset=0x60 value=0xffffffff000000d3 ***
[1785312316.573]     *** KERNEL PTR PATTERN: offset=0x61 value=0xffffffffff000000 ***
[1785312316.574]     *** KERNEL PTR PATTERN: offset=0x62 value=0xffffffffffff0000 ***
[1785312316.574]     *** KERNEL PTR PATTERN: offset=0x59 value=0xffffff000000d300 ***
[1785312316.574]     *** KERNEL PTR PATTERN: offset=0x63 value=0xffffffffffffff00 ***
[1785312316.575]     ZONE FREE-PATTERN at +0x40: 0x7fffffffffffffff
[1785312316.575]   [iter 214] close=0x0 kernPtrs=10 freePatterns=1 changed=0 bytes
[1785312316.575]     *** KERNEL PTR PATTERN: offset=0x60 value=0xffffffff000000d3 ***
[1785312316.575]     *** KERNEL PTR PATTERN: offset=0x61 value=0xffffffffff000000 ***
[1785312316.575]     *** KERNEL PTR PATTERN: offset=0x62 value=0xffffffffffff0000 ***
[1785312316.575]     *** KERNEL PTR PATTERN: offset=0x59 value=0xffffff000000d300 ***
[1785312316.575]     *** KERNEL PTR PATTERN: offset=0x63 value=0xffffffffffffff00 ***
[1785312316.575]     *** KERNEL PTR PATTERN: offset=0x60 value=0xffffffff000000d3 ***
[1785312316.576]     *** KERNEL PTR PATTERN: offset=0x61 value=0xffffffffff000000 ***
[1785312316.576]     *** KERNEL PTR PATTERN: offset=0x62 value=0xffffffffffff0000 ***
[1785312316.576]     *** KERNEL PTR PATTERN: offset=0x59 value=0xffffff000000d300 ***
[1785312316.576]     *** KERNEL PTR PATTERN: offset=0x63 value=0xffffffffffffff00 ***
[1785312316.577]     ZONE FREE-PATTERN at +0x40: 0x7fffffffffffffff
[1785312316.577]   [iter 215] close=0x0 kernPtrs=10 freePatterns=1 changed=0 bytes
[1785312316.577]     *** KERNEL PTR PATTERN: offset=0x60 value=0xffffffff000000d3 ***
[1785312316.577]     *** KERNEL PTR PATTERN: offset=0x61 value=0xffffffffff000000 ***
[1785312316.577]     *** KERNEL PTR PATTERN: offset=0x62 value=0xffffffffffff0000 ***
[1785312316.577]     *** KERNEL PTR PATTERN: offset=0x59 value=0xffffff000000d300 ***
[1785312316.577]     *** KERNEL PTR PATTERN: offset=0x63 value=0xffffffffffffff00 ***
[1785312316.577]     *** KERNEL PTR PATTERN: offset=0x60 value=0xffffffff000000d3 ***
[1785312316.577]     *** KERNEL PTR PATTERN: offset=0x61 value=0xffffffffff000000 ***
[1785312316.577]     *** KERNEL PTR PATTERN: offset=0x62 value=0xffffffffffff0000 ***
[1785312316.577]     *** KERNEL PTR PATTERN: offset=0x59 value=0xffffff000000d300 ***
[1785312316.577]     *** KERNEL PTR PATTERN: offset=0x63 value=0xffffffffffffff00 ***
[1785312316.579]     ZONE FREE-PATTERN at +0x40: 0x7fffffffffffffff
[1785312316.579]   [iter 216] close=0x0 kernPtrs=10 freePatterns=1 changed=0 bytes
[1785312316.579]     *** KERNEL PTR PATTERN: offset=0x60 value=0xffffffff000000d3 ***
[1785312316.579]     *** KERNEL PTR PATTERN: offset=0x61 value=0xffffffffff000000 ***
[1785312316.579]     *** KERNEL PTR PATTERN: offset=0x62 value=0xffffffffffff0000 ***
[1785312316.579]     *** KERNEL PTR PATTERN: offset=0x59 value=0xffffff000000d300 ***
[1785312316.579]     *** KERNEL PTR PATTERN: offset=0x63 value=0xffffffffffffff00 ***
[1785312316.579]     *** KERNEL PTR PATTERN: offset=0x60 value=0xffffffff000000d3 ***
[1785312316.579]     *** KERNEL PTR PATTERN: offset=0x61 value=0xffffffffff000000 ***
[1785312316.579]     *** KERNEL PTR PATTERN: offset=0x62 value=0xffffffffffff0000 ***
[1785312316.579]     *** KERNEL PTR PATTERN: offset=0x59 value=0xffffff000000d300 ***
[1785312316.579]     *** KERNEL PTR PATTERN: offset=0x63 value=0xffffffffffffff00 ***
[1785312316.581]     ZONE FREE-PATTERN at +0x40: 0x7fffffffffffffff
[1785312316.581]   [iter 217] close=0x0 kernPtrs=10 freePatterns=1 changed=0 bytes
[1785312316.581]     *** KERNEL PTR PATTERN: offset=0x60 value=0xffffffff000000d3 ***
[1785312316.582]     *** KERNEL PTR PATTERN: offset=0x61 value=0xffffffffff000000 ***
[1785312316.582]     *** KERNEL PTR PATTERN: offset=0x62 value=0xffffffffffff0000 ***
[1785312316.582]     *** KERNEL PTR PATTERN: offset=0x59 value=0xffffff000000d300 ***
[1785312316.582]     *** KERNEL PTR PATTERN: offset=0x63 value=0xffffffffffffff00 ***
[1785312316.582]     *** KERNEL PTR PATTERN: offset=0x60 value=0xffffffff000000d3 ***
[1785312316.582]     *** KERNEL PTR PATTERN: offset=0x61 value=0xffffffffff000000 ***
[1785312316.582]     *** KERNEL PTR PATTERN: offset=0x62 value=0xffffffffffff0000 ***
[1785312316.582]     *** KERNEL PTR PATTERN: offset=0x59 value=0xffffff000000d300 ***
[1785312316.582]     *** KERNEL PTR PATTERN: offset=0x63 value=0xffffffffffffff00 ***
[1785312316.583]     ZONE FREE-PATTERN at +0x40: 0x7fffffffffffffff
[1785312316.583]   [iter 218] close=0x0 kernPtrs=10 freePatterns=1 changed=0 bytes
[1785312316.583]     *** KERNEL PTR PATTERN: offset=0x60 value=0xffffffff000000d3 ***
[1785312316.583]     *** KERNEL PTR PATTERN: offset=0x61 value=0xffffffffff000000 ***
[1785312316.583]     *** KERNEL PTR PATTERN: offset=0x62 value=0xffffffffffff0000 ***
[1785312316.583]     *** KERNEL PTR PATTERN: offset=0x59 value=0xffffff000000d300 ***
[1785312316.583]     *** KERNEL PTR PATTERN: offset=0x63 value=0xffffffffffffff00 ***
[1785312316.583]     *** KERNEL PTR PATTERN: offset=0x60 value=0xffffffff000000d3 ***
[1785312316.583]     *** KERNEL PTR PATTERN: offset=0x61 value=0xffffffffff000000 ***
[1785312316.584]     *** KERNEL PTR PATTERN: offset=0x62 value=0xffffffffffff0000 ***
[1785312316.584]     *** KERNEL PTR PATTERN: offset=0x59 value=0xffffff000000d300 ***
[1785312316.584]     *** KERNEL PTR PATTERN: offset=0x63 value=0xffffffffffffff00 ***
[1785312316.585]     ZONE FREE-PATTERN at +0x40: 0x7fffffffffffffff
[1785312316.585]   [iter 219] close=0x0 kernPtrs=10 freePatterns=1 changed=0 bytes
[1785312316.585]     *** KERNEL PTR PATTERN: offset=0x60 value=0xffffffff000000d3 ***
[1785312316.585]     *** KERNEL PTR PATTERN: offset=0x61 value=0xffffffffff000000 ***
[1785312316.585]     *** KERNEL PTR PATTERN: offset=0x62 value=0xffffffffffff0000 ***
[1785312316.585]     *** KERNEL PTR PATTERN: offset=0x59 value=0xffffff000000d300 ***
[1785312316.585]     *** KERNEL PTR PATTERN: offset=0x63 value=0xffffffffffffff00 ***
[1785312316.585]     *** KERNEL PTR PATTERN: offset=0x60 value=0xffffffff000000d3 ***
[1785312316.585]     *** KERNEL PTR PATTERN: offset=0x61 value=0xffffffffff000000 ***
[1785312316.585]     *** KERNEL PTR PATTERN: offset=0x62 value=0xffffffffffff0000 ***
[1785312316.585]     *** KERNEL PTR PATTERN: offset=0x59 value=0xffffff000000d300 ***
[1785312316.585]     *** KERNEL PTR PATTERN: offset=0x63 value=0xffffffffffffff00 ***
[1785312316.587]     ZONE FREE-PATTERN at +0x40: 0x7fffffffffffffff
[1785312316.587]   [iter 220] close=0x0 kernPtrs=10 freePatterns=1 changed=0 bytes
[1785312316.587]     *** KERNEL PTR PATTERN: offset=0x60 value=0xffffffff000000d3 ***
[1785312316.587]     *** KERNEL PTR PATTERN: offset=0x61 value=0xffffffffff000000 ***
[1785312316.587]     *** KERNEL PTR PATTERN: offset=0x62 value=0xffffffffffff0000 ***
[1785312316.587]     *** KERNEL PTR PATTERN: offset=0x59 value=0xffffff000000d300 ***
[1785312316.587]     *** KERNEL PTR PATTERN: offset=0x63 value=0xffffffffffffff00 ***
[1785312316.587]     *** KERNEL PTR PATTERN: offset=0x60 value=0xffffffff000000d3 ***
[1785312316.587]     *** KERNEL PTR PATTERN: offset=0x61 value=0xffffffffff000000 ***
[1785312316.587]     *** KERNEL PTR PATTERN: offset=0x62 value=0xffffffffffff0000 ***
[1785312316.587]     *** KERNEL PTR PATTERN: offset=0x59 value=0xffffff000000d300 ***
[1785312316.587]     *** KERNEL PTR PATTERN: offset=0x63 value=0xffffffffffffff00 ***
[1785312316.588]     ZONE FREE-PATTERN at +0x40: 0x7fffffffffffffff
[1785312316.588]   [iter 221] close=0x0 kernPtrs=10 freePatterns=1 changed=0 bytes
[1785312316.589]     *** KERNEL PTR PATTERN: offset=0x60 value=0xffffffff000000d3 ***
[1785312316.589]     *** KERNEL PTR PATTERN: offset=0x61 value=0xffffffffff000000 ***
[1785312316.589]     *** KERNEL PTR PATTERN: offset=0x62 value=0xffffffffffff0000 ***
[1785312316.589]     *** KERNEL PTR PATTERN: offset=0x59 value=0xffffff000000d300 ***
[1785312316.589]     *** KERNEL PTR PATTERN: offset=0x63 value=0xffffffffffffff00 ***
[1785312316.589]     *** KERNEL PTR PATTERN: offset=0x60 value=0xffffffff000000d3 ***
[1785312316.589]     *** KERNEL PTR PATTERN: offset=0x61 value=0xffffffffff000000 ***
[1785312316.589]     *** KERNEL PTR PATTERN: offset=0x62 value=0xffffffffffff0000 ***
[1785312316.589]     *** KERNEL PTR PATTERN: offset=0x59 value=0xffffff000000d300 ***
[1785312316.589]     *** KERNEL PTR PATTERN: offset=0x63 value=0xffffffffffffff00 ***
[1785312316.590]     ZONE FREE-PATTERN at +0x40: 0x7fffffffffffffff
[1785312316.590]   [iter 222] close=0x0 kernPtrs=10 freePatterns=1 changed=0 bytes
[1785312316.590]     *** KERNEL PTR PATTERN: offset=0x60 value=0xffffffff000000d3 ***
[1785312316.590]     *** KERNEL PTR PATTERN: offset=0x61 value=0xffffffffff000000 ***
[1785312316.590]     *** KERNEL PTR PATTERN: offset=0x62 value=0xffffffffffff0000 ***
[1785312316.591]     *** KERNEL PTR PATTERN: offset=0x59 value=0xffffff000000d300 ***
[1785312316.591]     *** KERNEL PTR PATTERN: offset=0x63 value=0xffffffffffffff00 ***
[1785312316.591]     *** KERNEL PTR PATTERN: offset=0x60 value=0xffffffff000000d3 ***
[1785312316.591]     *** KERNEL PTR PATTERN: offset=0x61 value=0xffffffffff000000 ***
[1785312316.591]     *** KERNEL PTR PATTERN: offset=0x62 value=0xffffffffffff0000 ***
[1785312316.591]     *** KERNEL PTR PATTERN: offset=0x59 value=0xffffff000000d300 ***
[1785312316.591]     *** KERNEL PTR PATTERN: offset=0x63 value=0xffffffffffffff00 ***
[1785312316.592]     ZONE FREE-PATTERN at +0x40: 0x7fffffffffffffff
[1785312316.592]   [iter 223] close=0x0 kernPtrs=10 freePatterns=1 changed=0 bytes
[1785312316.592]     *** KERNEL PTR PATTERN: offset=0x60 value=0xffffffff000000d3 ***
[1785312316.592]     *** KERNEL PTR PATTERN: offset=0x61 value=0xffffffffff000000 ***
[1785312316.592]     *** KERNEL PTR PATTERN: offset=0x62 value=0xffffffffffff0000 ***
[1785312316.592]     *** KERNEL PTR PATTERN: offset=0x59 value=0xffffff000000d300 ***
[1785312316.592]     *** KERNEL PTR PATTERN: offset=0x63 value=0xffffffffffffff00 ***
[1785312316.592]     *** KERNEL PTR PATTERN: offset=0x60 value=0xffffffff000000d3 ***
[1785312316.592]     *** KERNEL PTR PATTERN: offset=0x61 value=0xffffffffff000000 ***
[1785312316.592]     *** KERNEL PTR PATTERN: offset=0x62 value=0xffffffffffff0000 ***
[1785312316.592]     *** KERNEL PTR PATTERN: offset=0x59 value=0xffffff000000d300 ***
[1785312316.592]     *** KERNEL PTR PATTERN: offset=0x63 value=0xffffffffffffff00 ***
[1785312316.594]     ZONE FREE-PATTERN at +0x40: 0x7fffffffffffffff
[1785312316.594]   [iter 224] close=0x0 kernPtrs=10 freePatterns=1 changed=0 bytes
[1785312316.594]     *** KERNEL PTR PATTERN: offset=0x60 value=0xffffffff000000d3 ***
[1785312316.594]     *** KERNEL PTR PATTERN: offset=0x61 value=0xffffffffff000000 ***
[1785312316.594]     *** KERNEL PTR PATTERN: offset=0x62 value=0xffffffffffff0000 ***
[1785312316.594]     *** KERNEL PTR PATTERN: offset=0x59 value=0xffffff000000d300 ***
[1785312316.594]     *** KERNEL PTR PATTERN: offset=0x63 value=0xffffffffffffff00 ***
[1785312316.594]     *** KERNEL PTR PATTERN: offset=0x60 value=0xffffffff000000d3 ***
[1785312316.594]     *** KERNEL PTR PATTERN: offset=0x61 value=0xffffffffff000000 ***
[1785312316.594]     *** KERNEL PTR PATTERN: offset=0x62 value=0xffffffffffff0000 ***
[1785312316.594]     *** KERNEL PTR PATTERN: offset=0x59 value=0xffffff000000d300 ***
[1785312316.594]     *** KERNEL PTR PATTERN: offset=0x63 value=0xffffffffffffff00 ***
[1785312316.596]     ZONE FREE-PATTERN at +0x40: 0x7fffffffffffffff
[1785312316.596]   [iter 225] close=0x0 kernPtrs=10 freePatterns=1 changed=0 bytes
[1785312316.596]     *** KERNEL PTR PATTERN: offset=0x60 value=0xffffffff000000d3 ***
[1785312316.596]     *** KERNEL PTR PATTERN: offset=0x61 value=0xffffffffff000000 ***
[1785312316.596]     *** KERNEL PTR PATTERN: offset=0x62 value=0xffffffffffff0000 ***
[1785312316.596]     *** KERNEL PTR PATTERN: offset=0x59 value=0xffffff000000d300 ***
[1785312316.596]     *** KERNEL PTR PATTERN: offset=0x63 value=0xffffffffffffff00 ***
[1785312316.596]     *** KERNEL PTR PATTERN: offset=0x60 value=0xffffffff000000d3 ***
[1785312316.596]     *** KERNEL PTR PATTERN: offset=0x61 value=0xffffffffff000000 ***
[1785312316.596]     *** KERNEL PTR PATTERN: offset=0x62 value=0xffffffffffff0000 ***
[1785312316.596]     *** KERNEL PTR PATTERN: offset=0x59 value=0xffffff000000d300 ***
[1785312316.596]     *** KERNEL PTR PATTERN: offset=0x63 value=0xffffffffffffff00 ***
[1785312316.598]     ZONE FREE-PATTERN at +0x40: 0x7fffffffffffffff
[1785312316.598]   [iter 226] close=0x0 kernPtrs=10 freePatterns=1 changed=0 bytes
[1785312316.598]     *** KERNEL PTR PATTERN: offset=0x60 value=0xffffffff000000d3 ***
[1785312316.598]     *** KERNEL PTR PATTERN: offset=0x61 value=0xffffffffff000000 ***
[1785312316.598]     *** KERNEL PTR PATTERN: offset=0x62 value=0xffffffffffff0000 ***
[1785312316.598]     *** KERNEL PTR PATTERN: offset=0x59 value=0xffffff000000d300 ***
[1785312316.598]     *** KERNEL PTR PATTERN: offset=0x63 value=0xffffffffffffff00 ***
[1785312316.598]     *** KERNEL PTR PATTERN: offset=0x60 value=0xffffffff000000d3 ***
[1785312316.598]     *** KERNEL PTR PATTERN: offset=0x61 value=0xffffffffff000000 ***
[1785312316.598]     *** KERNEL PTR PATTERN: offset=0x62 value=0xffffffffffff0000 ***
[1785312316.598]     *** KERNEL PTR PATTERN: offset=0x59 value=0xffffff000000d300 ***
[1785312316.598]     *** KERNEL PTR PATTERN: offset=0x63 value=0xffffffffffffff00 ***
[1785312316.600]     ZONE FREE-PATTERN at +0x40: 0x7fffffffffffffff
[1785312316.600]   [iter 227] close=0x0 kernPtrs=10 freePatterns=1 changed=0 bytes
[1785312316.600]     *** KERNEL PTR PATTERN: offset=0x60 value=0xffffffff000000d3 ***
[1785312316.600]     *** KERNEL PTR PATTERN: offset=0x61 value=0xffffffffff000000 ***
[1785312316.600]     *** KERNEL PTR PATTERN: offset=0x62 value=0xffffffffffff0000 ***
[1785312316.600]     *** KERNEL PTR PATTERN: offset=0x59 value=0xffffff000000d300 ***
[1785312316.600]     *** KERNEL PTR PATTERN: offset=0x63 value=0xffffffffffffff00 ***
[1785312316.600]     *** KERNEL PTR PATTERN: offset=0x60 value=0xffffffff000000d3 ***
[1785312316.600]     *** KERNEL PTR PATTERN: offset=0x61 value=0xffffffffff000000 ***
[1785312316.600]     *** KERNEL PTR PATTERN: offset=0x62 value=0xffffffffffff0000 ***
[1785312316.600]     *** KERNEL PTR PATTERN: offset=0x59 value=0xffffff000000d300 ***
[1785312316.600]     *** KERNEL PTR PATTERN: offset=0x63 value=0xffffffffffffff00 ***
[1785312316.602]     ZONE FREE-PATTERN at +0x40: 0x7fffffffffffffff
[1785312316.602]   [iter 228] close=0x0 kernPtrs=10 freePatterns=1 changed=0 bytes
[1785312316.602]     *** KERNEL PTR PATTERN: offset=0x60 value=0xffffffff000000d3 ***
[1785312316.602]     *** KERNEL PTR PATTERN: offset=0x61 value=0xffffffffff000000 ***
[1785312316.602]     *** KERNEL PTR PATTERN: offset=0x62 value=0xffffffffffff0000 ***
[1785312316.602]     *** KERNEL PTR PATTERN: offset=0x59 value=0xffffff000000d300 ***
[1785312316.602]     *** KERNEL PTR PATTERN: offset=0x63 value=0xffffffffffffff00 ***
[1785312316.602]     *** KERNEL PTR PATTERN: offset=0x60 value=0xffffffff000000d3 ***
[1785312316.602]     *** KERNEL PTR PATTERN: offset=0x61 value=0xffffffffff000000 ***
[1785312316.602]     *** KERNEL PTR PATTERN: offset=0x62 value=0xffffffffffff0000 ***
[1785312316.602]     *** KERNEL PTR PATTERN: offset=0x59 value=0xffffff000000d300 ***
[1785312316.602]     *** KERNEL PTR PATTERN: offset=0x63 value=0xffffffffffffff00 ***
[1785312316.603]     ZONE FREE-PATTERN at +0x40: 0x7fffffffffffffff
[1785312316.604]   [iter 229] close=0x0 kernPtrs=10 freePatterns=1 changed=0 bytes
[1785312316.604]     *** KERNEL PTR PATTERN: offset=0x60 value=0xffffffff000000d3 ***
[1785312316.604]     *** KERNEL PTR PATTERN: offset=0x61 value=0xffffffffff000000 ***
[1785312316.604]     *** KERNEL PTR PATTERN: offset=0x62 value=0xffffffffffff0000 ***
[1785312316.604]     *** KERNEL PTR PATTERN: offset=0x59 value=0xffffff000000d300 ***
[1785312316.604]     *** KERNEL PTR PATTERN: offset=0x63 value=0xffffffffffffff00 ***
[1785312316.604]     *** KERNEL PTR PATTERN: offset=0x60 value=0xffffffff000000d3 ***
[1785312316.604]     *** KERNEL PTR PATTERN: offset=0x61 value=0xffffffffff000000 ***
[1785312316.604]     *** KERNEL PTR PATTERN: offset=0x62 value=0xffffffffffff0000 ***
[1785312316.604]     *** KERNEL PTR PATTERN: offset=0x59 value=0xffffff000000d300 ***
[1785312316.604]     *** KERNEL PTR PATTERN: offset=0x63 value=0xffffffffffffff00 ***
[1785312316.606]     ZONE FREE-PATTERN at +0x40: 0x7fffffffffffffff
[1785312316.606]   [iter 230] close=0x0 kernPtrs=10 freePatterns=1 changed=0 bytes
[1785312316.606]     *** KERNEL PTR PATTERN: offset=0x60 value=0xffffffff000000d3 ***
[1785312316.606]     *** KERNEL PTR PATTERN: offset=0x61 value=0xffffffffff000000 ***
[1785312316.606]     *** KERNEL PTR PATTERN: offset=0x62 value=0xffffffffffff0000 ***
[1785312316.606]     *** KERNEL PTR PATTERN: offset=0x59 value=0xffffff000000d300 ***
[1785312316.606]     *** KERNEL PTR PATTERN: offset=0x63 value=0xffffffffffffff00 ***
[1785312316.606]     *** KERNEL PTR PATTERN: offset=0x60 value=0xffffffff000000d3 ***
[1785312316.606]     *** KERNEL PTR PATTERN: offset=0x61 value=0xffffffffff000000 ***
[1785312316.606]     *** KERNEL PTR PATTERN: offset=0x62 value=0xffffffffffff0000 ***
[1785312316.606]     *** KERNEL PTR PATTERN: offset=0x59 value=0xffffff000000d300 ***
[1785312316.606]     *** KERNEL PTR PATTERN: offset=0x63 value=0xffffffffffffff00 ***
[1785312316.607]     ZONE FREE-PATTERN at +0x40: 0x7fffffffffffffff
[1785312316.608]   [iter 231] close=0x0 kernPtrs=10 freePatterns=1 changed=0 bytes
[1785312316.608]     *** KERNEL PTR PATTERN: offset=0x60 value=0xffffffff000000d3 ***
[1785312316.608]     *** KERNEL PTR PATTERN: offset=0x61 value=0xffffffffff000000 ***
[1785312316.608]     *** KERNEL PTR PATTERN: offset=0x62 value=0xffffffffffff0000 ***
[1785312316.608]     *** KERNEL PTR PATTERN: offset=0x59 value=0xffffff000000d300 ***
[1785312316.608]     *** KERNEL PTR PATTERN: offset=0x63 value=0xffffffffffffff00 ***
[1785312316.608]     *** KERNEL PTR PATTERN: offset=0x60 value=0xffffffff000000d3 ***
[1785312316.608]     *** KERNEL PTR PATTERN: offset=0x61 value=0xffffffffff000000 ***
[1785312316.608]     *** KERNEL PTR PATTERN: offset=0x62 value=0xffffffffffff0000 ***
[1785312316.608]     *** KERNEL PTR PATTERN: offset=0x59 value=0xffffff000000d300 ***
[1785312316.608]     *** KERNEL PTR PATTERN: offset=0x63 value=0xffffffffffffff00 ***
[1785312316.609]     ZONE FREE-PATTERN at +0x40: 0x7fffffffffffffff
[1785312316.609]   [iter 232] close=0x0 kernPtrs=10 freePatterns=1 changed=0 bytes
[1785312316.609]     *** KERNEL PTR PATTERN: offset=0x60 value=0xffffffff000000d3 ***
[1785312316.610]     *** KERNEL PTR PATTERN: offset=0x61 value=0xffffffffff000000 ***
[1785312316.610]     *** KERNEL PTR PATTERN: offset=0x62 value=0xffffffffffff0000 ***
[1785312316.610]     *** KERNEL PTR PATTERN: offset=0x59 value=0xffffff000000d300 ***
[1785312316.610]     *** KERNEL PTR PATTERN: offset=0x63 value=0xffffffffffffff00 ***
[1785312316.610]     *** KERNEL PTR PATTERN: offset=0x60 value=0xffffffff000000d3 ***
[1785312316.610]     *** KERNEL PTR PATTERN: offset=0x61 value=0xffffffffff000000 ***
[1785312316.610]     *** KERNEL PTR PATTERN: offset=0x62 value=0xffffffffffff0000 ***
[1785312316.610]     *** KERNEL PTR PATTERN: offset=0x59 value=0xffffff000000d300 ***
[1785312316.610]     *** KERNEL PTR PATTERN: offset=0x63 value=0xffffffffffffff00 ***
[1785312316.611]     ZONE FREE-PATTERN at +0x40: 0x7fffffffffffffff
[1785312316.612]   [iter 233] close=0x0 kernPtrs=10 freePatterns=1 changed=0 bytes
[1785312316.612]     *** KERNEL PTR PATTERN: offset=0x60 value=0xffffffff000000d3 ***
[1785312316.612]     *** KERNEL PTR PATTERN: offset=0x61 value=0xffffffffff000000 ***
[1785312316.612]     *** KERNEL PTR PATTERN: offset=0x62 value=0xffffffffffff0000 ***
[1785312316.612]     *** KERNEL PTR PATTERN: offset=0x59 value=0xffffff000000d300 ***
[1785312316.612]     *** KERNEL PTR PATTERN: offset=0x63 value=0xffffffffffffff00 ***
[1785312316.612]     *** KERNEL PTR PATTERN: offset=0x60 value=0xffffffff000000d3 ***
[1785312316.612]     *** KERNEL PTR PATTERN: offset=0x61 value=0xffffffffff000000 ***
[1785312316.612]     *** KERNEL PTR PATTERN: offset=0x62 value=0xffffffffffff0000 ***
[1785312316.612]     *** KERNEL PTR PATTERN: offset=0x59 value=0xffffff000000d300 ***
[1785312316.612]     *** KERNEL PTR PATTERN: offset=0x63 value=0xffffffffffffff00 ***
[1785312316.613]     ZONE FREE-PATTERN at +0x40: 0x7fffffffffffffff
[1785312316.613]   [iter 234] close=0x0 kernPtrs=10 freePatterns=1 changed=0 bytes
[1785312316.613]     *** KERNEL PTR PATTERN: offset=0x60 value=0xffffffff000000d3 ***
[1785312316.613]     *** KERNEL PTR PATTERN: offset=0x61 value=0xffffffffff000000 ***
[1785312316.613]     *** KERNEL PTR PATTERN: offset=0x62 value=0xffffffffffff0000 ***
[1785312316.613]     *** KERNEL PTR PATTERN: offset=0x59 value=0xffffff000000d300 ***
[1785312316.613]     *** KERNEL PTR PATTERN: offset=0x63 value=0xffffffffffffff00 ***
[1785312316.613]     *** KERNEL PTR PATTERN: offset=0x60 value=0xffffffff000000d3 ***
[1785312316.613]     *** KERNEL PTR PATTERN: offset=0x61 value=0xffffffffff000000 ***
[1785312316.613]     *** KERNEL PTR PATTERN: offset=0x62 value=0xffffffffffff0000 ***
[1785312316.613]     *** KERNEL PTR PATTERN: offset=0x59 value=0xffffff000000d300 ***
[1785312316.614]     *** KERNEL PTR PATTERN: offset=0x63 value=0xffffffffffffff00 ***
[1785312316.614]     ZONE FREE-PATTERN at +0x40: 0x7fffffffffffffff
[1785312316.614]   [iter 235] close=0x0 kernPtrs=10 freePatterns=1 changed=0 bytes
[1785312316.615]     *** KERNEL PTR PATTERN: offset=0x60 value=0xffffffff000000d3 ***
[1785312316.615]     *** KERNEL PTR PATTERN: offset=0x61 value=0xffffffffff000000 ***
[1785312316.615]     *** KERNEL PTR PATTERN: offset=0x62 value=0xffffffffffff0000 ***
[1785312316.615]     *** KERNEL PTR PATTERN: offset=0x59 value=0xffffff000000d300 ***
[1785312316.615]     *** KERNEL PTR PATTERN: offset=0x63 value=0xffffffffffffff00 ***
[1785312316.615]     *** KERNEL PTR PATTERN: offset=0x60 value=0xffffffff000000d3 ***
[1785312316.615]     *** KERNEL PTR PATTERN: offset=0x61 value=0xffffffffff000000 ***
[1785312316.615]     *** KERNEL PTR PATTERN: offset=0x62 value=0xffffffffffff0000 ***
[1785312316.615]     *** KERNEL PTR PATTERN: offset=0x59 value=0xffffff000000d300 ***
[1785312316.615]     *** KERNEL PTR PATTERN: offset=0x63 value=0xffffffffffffff00 ***
[1785312316.616]     ZONE FREE-PATTERN at +0x40: 0x7fffffffffffffff
[1785312316.616]   [iter 236] close=0x0 kernPtrs=10 freePatterns=1 changed=0 bytes
[1785312316.616]     *** KERNEL PTR PATTERN: offset=0x60 value=0xffffffff000000d3 ***
[1785312316.616]     *** KERNEL PTR PATTERN: offset=0x61 value=0xffffffffff000000 ***
[1785312316.616]     *** KERNEL PTR PATTERN: offset=0x62 value=0xffffffffffff0000 ***
[1785312316.616]     *** KERNEL PTR PATTERN: offset=0x59 value=0xffffff000000d300 ***
[1785312316.616]     *** KERNEL PTR PATTERN: offset=0x63 value=0xffffffffffffff00 ***
[1785312316.616]     *** KERNEL PTR PATTERN: offset=0x60 value=0xffffffff000000d3 ***
[1785312316.617]     *** KERNEL PTR PATTERN: offset=0x61 value=0xffffffffff000000 ***
[1785312316.617]     *** KERNEL PTR PATTERN: offset=0x62 value=0xffffffffffff0000 ***
[1785312316.617]     *** KERNEL PTR PATTERN: offset=0x59 value=0xffffff000000d300 ***
[1785312316.617]     *** KERNEL PTR PATTERN: offset=0x63 value=0xffffffffffffff00 ***
[1785312316.618]     ZONE FREE-PATTERN at +0x40: 0x7fffffffffffffff
[1785312316.618]   [iter 237] close=0x0 kernPtrs=10 freePatterns=1 changed=0 bytes
[1785312316.618]     *** KERNEL PTR PATTERN: offset=0x60 value=0xffffffff000000d3 ***
[1785312316.618]     *** KERNEL PTR PATTERN: offset=0x61 value=0xffffffffff000000 ***
[1785312316.618]     *** KERNEL PTR PATTERN: offset=0x62 value=0xffffffffffff0000 ***
[1785312316.618]     *** KERNEL PTR PATTERN: offset=0x59 value=0xffffff000000d300 ***
[1785312316.618]     *** KERNEL PTR PATTERN: offset=0x63 value=0xffffffffffffff00 ***
[1785312316.618]     *** KERNEL PTR PATTERN: offset=0x60 value=0xffffffff000000d3 ***
[1785312316.618]     *** KERNEL PTR PATTERN: offset=0x61 value=0xffffffffff000000 ***
[1785312316.618]     *** KERNEL PTR PATTERN: offset=0x62 value=0xffffffffffff0000 ***
[1785312316.618]     *** KERNEL PTR PATTERN: offset=0x59 value=0xffffff000000d300 ***
[1785312316.618]     *** KERNEL PTR PATTERN: offset=0x63 value=0xffffffffffffff00 ***
[1785312316.620]     ZONE FREE-PATTERN at +0x40: 0x7fffffffffffffff
[1785312316.620]   [iter 238] close=0x0 kernPtrs=10 freePatterns=1 changed=0 bytes
[1785312316.620]     *** KERNEL PTR PATTERN: offset=0x60 value=0xffffffff000000d3 ***
[1785312316.620]     *** KERNEL PTR PATTERN: offset=0x61 value=0xffffffffff000000 ***
[1785312316.620]     *** KERNEL PTR PATTERN: offset=0x62 value=0xffffffffffff0000 ***
[1785312316.620]     *** KERNEL PTR PATTERN: offset=0x59 value=0xffffff000000d300 ***
[1785312316.620]     *** KERNEL PTR PATTERN: offset=0x63 value=0xffffffffffffff00 ***
[1785312316.620]     *** KERNEL PTR PATTERN: offset=0x60 value=0xffffffff000000d3 ***
[1785312316.620]     *** KERNEL PTR PATTERN: offset=0x61 value=0xffffffffff000000 ***
[1785312316.620]     *** KERNEL PTR PATTERN: offset=0x62 value=0xffffffffffff0000 ***
[1785312316.620]     *** KERNEL PTR PATTERN: offset=0x59 value=0xffffff000000d300 ***
[1785312316.620]     *** KERNEL PTR PATTERN: offset=0x63 value=0xffffffffffffff00 ***
[1785312316.622]     ZONE FREE-PATTERN at +0x40: 0x7fffffffffffffff
[1785312316.622]   [iter 239] close=0x0 kernPtrs=10 freePatterns=1 changed=0 bytes
[1785312316.622]     *** KERNEL PTR PATTERN: offset=0x60 value=0xffffffff000000d3 ***
[1785312316.622]     *** KERNEL PTR PATTERN: offset=0x61 value=0xffffffffff000000 ***
[1785312316.622]     *** KERNEL PTR PATTERN: offset=0x62 value=0xffffffffffff0000 ***
[1785312316.622]     *** KERNEL PTR PATTERN: offset=0x59 value=0xffffff000000d300 ***
[1785312316.622]     *** KERNEL PTR PATTERN: offset=0x63 value=0xffffffffffffff00 ***
[1785312316.622]     *** KERNEL PTR PATTERN: offset=0x60 value=0xffffffff000000d3 ***
[1785312316.622]     *** KERNEL PTR PATTERN: offset=0x61 value=0xffffffffff000000 ***
[1785312316.622]     *** KERNEL PTR PATTERN: offset=0x62 value=0xffffffffffff0000 ***
[1785312316.622]     *** KERNEL PTR PATTERN: offset=0x59 value=0xffffff000000d300 ***
[1785312316.622]     *** KERNEL PTR PATTERN: offset=0x63 value=0xffffffffffffff00 ***
[1785312316.623]     ZONE FREE-PATTERN at +0x40: 0x7fffffffffffffff
[1785312316.624]   [iter 240] close=0x0 kernPtrs=10 freePatterns=1 changed=0 bytes
[1785312316.624]     *** KERNEL PTR PATTERN: offset=0x60 value=0xffffffff000000d3 ***
[1785312316.624]     *** KERNEL PTR PATTERN: offset=0x61 value=0xffffffffff000000 ***
[1785312316.624]     *** KERNEL PTR PATTERN: offset=0x62 value=0xffffffffffff0000 ***
[1785312316.624]     *** KERNEL PTR PATTERN: offset=0x59 value=0xffffff000000d300 ***
[1785312316.624]     *** KERNEL PTR PATTERN: offset=0x63 value=0xffffffffffffff00 ***
[1785312316.624]     *** KERNEL PTR PATTERN: offset=0x60 value=0xffffffff000000d3 ***
[1785312316.624]     *** KERNEL PTR PATTERN: offset=0x61 value=0xffffffffff000000 ***
[1785312316.624]     *** KERNEL PTR PATTERN: offset=0x62 value=0xffffffffffff0000 ***
[1785312316.624]     *** KERNEL PTR PATTERN: offset=0x59 value=0xffffff000000d300 ***
[1785312316.624]     *** KERNEL PTR PATTERN: offset=0x63 value=0xffffffffffffff00 ***
[1785312316.626]     ZONE FREE-PATTERN at +0x40: 0x7fffffffffffffff
[1785312316.626]   [iter 241] close=0x0 kernPtrs=10 freePatterns=1 changed=0 bytes
[1785312316.626]     *** KERNEL PTR PATTERN: offset=0x60 value=0xffffffff000000d3 ***
[1785312316.626]     *** KERNEL PTR PATTERN: offset=0x61 value=0xffffffffff000000 ***
[1785312316.626]     *** KERNEL PTR PATTERN: offset=0x62 value=0xffffffffffff0000 ***
[1785312316.626]     *** KERNEL PTR PATTERN: offset=0x59 value=0xffffff000000d300 ***
[1785312316.626]     *** KERNEL PTR PATTERN: offset=0x63 value=0xffffffffffffff00 ***
[1785312316.626]     *** KERNEL PTR PATTERN: offset=0x60 value=0xffffffff000000d3 ***
[1785312316.626]     *** KERNEL PTR PATTERN: offset=0x61 value=0xffffffffff000000 ***
[1785312316.626]     *** KERNEL PTR PATTERN: offset=0x62 value=0xffffffffffff0000 ***
[1785312316.626]     *** KERNEL PTR PATTERN: offset=0x59 value=0xffffff000000d300 ***
[1785312316.626]     *** KERNEL PTR PATTERN: offset=0x63 value=0xffffffffffffff00 ***
[1785312316.628]     ZONE FREE-PATTERN at +0x40: 0x7fffffffffffffff
[1785312316.628]   [iter 242] close=0x0 kernPtrs=10 freePatterns=1 changed=0 bytes
[1785312316.628]     *** KERNEL PTR PATTERN: offset=0x60 value=0xffffffff000000d3 ***
[1785312316.628]     *** KERNEL PTR PATTERN: offset=0x61 value=0xffffffffff000000 ***
[1785312316.628]     *** KERNEL PTR PATTERN: offset=0x62 value=0xffffffffffff0000 ***
[1785312316.628]     *** KERNEL PTR PATTERN: offset=0x59 value=0xffffff000000d300 ***
[1785312316.628]     *** KERNEL PTR PATTERN: offset=0x63 value=0xffffffffffffff00 ***
[1785312316.628]     *** KERNEL PTR PATTERN: offset=0x60 value=0xffffffff000000d3 ***
[1785312316.628]     *** KERNEL PTR PATTERN: offset=0x61 value=0xffffffffff000000 ***
[1785312316.628]     *** KERNEL PTR PATTERN: offset=0x62 value=0xffffffffffff0000 ***
[1785312316.628]     *** KERNEL PTR PATTERN: offset=0x59 value=0xffffff000000d300 ***
[1785312316.628]     *** KERNEL PTR PATTERN: offset=0x63 value=0xffffffffffffff00 ***
[1785312316.630]     ZONE FREE-PATTERN at +0x40: 0x7fffffffffffffff
[1785312316.630]   [iter 243] close=0x0 kernPtrs=10 freePatterns=1 changed=0 bytes
[1785312316.630]     *** KERNEL PTR PATTERN: offset=0x60 value=0xffffffff000000d3 ***
[1785312316.630]     *** KERNEL PTR PATTERN: offset=0x61 value=0xffffffffff000000 ***
[1785312316.630]     *** KERNEL PTR PATTERN: offset=0x62 value=0xffffffffffff0000 ***
[1785312316.630]     *** KERNEL PTR PATTERN: offset=0x59 value=0xffffff000000d300 ***
[1785312316.630]     *** KERNEL PTR PATTERN: offset=0x63 value=0xffffffffffffff00 ***
[1785312316.630]     *** KERNEL PTR PATTERN: offset=0x60 value=0xffffffff000000d3 ***
[1785312316.630]     *** KERNEL PTR PATTERN: offset=0x61 value=0xffffffffff000000 ***
[1785312316.630]     *** KERNEL PTR PATTERN: offset=0x62 value=0xffffffffffff0000 ***
[1785312316.630]     *** KERNEL PTR PATTERN: offset=0x59 value=0xffffff000000d300 ***
[1785312316.630]     *** KERNEL PTR PATTERN: offset=0x63 value=0xffffffffffffff00 ***
[1785312316.631]     ZONE FREE-PATTERN at +0x40: 0x7fffffffffffffff
[1785312316.632]   [iter 244] close=0x0 kernPtrs=10 freePatterns=1 changed=0 bytes
[1785312316.632]     *** KERNEL PTR PATTERN: offset=0x60 value=0xffffffff000000d3 ***
[1785312316.632]     *** KERNEL PTR PATTERN: offset=0x61 value=0xffffffffff000000 ***
[1785312316.632]     *** KERNEL PTR PATTERN: offset=0x62 value=0xffffffffffff0000 ***
[1785312316.632]     *** KERNEL PTR PATTERN: offset=0x59 value=0xffffff000000d300 ***
[1785312316.632]     *** KERNEL PTR PATTERN: offset=0x63 value=0xffffffffffffff00 ***
[1785312316.632]     *** KERNEL PTR PATTERN: offset=0x60 value=0xffffffff000000d3 ***
[1785312316.632]     *** KERNEL PTR PATTERN: offset=0x61 value=0xffffffffff000000 ***
[1785312316.632]     *** KERNEL PTR PATTERN: offset=0x62 value=0xffffffffffff0000 ***
[1785312316.632]     *** KERNEL PTR PATTERN: offset=0x59 value=0xffffff000000d300 ***
[1785312316.632]     *** KERNEL PTR PATTERN: offset=0x63 value=0xffffffffffffff00 ***
[1785312316.633]     ZONE FREE-PATTERN at +0x40: 0x7fffffffffffffff
[1785312316.633]   [iter 245] close=0x0 kernPtrs=10 freePatterns=1 changed=0 bytes
[1785312316.633]     *** KERNEL PTR PATTERN: offset=0x60 value=0xffffffff000000d3 ***
[1785312316.633]     *** KERNEL PTR PATTERN: offset=0x61 value=0xffffffffff000000 ***
[1785312316.633]     *** KERNEL PTR PATTERN: offset=0x62 value=0xffffffffffff0000 ***
[1785312316.633]     *** KERNEL PTR PATTERN: offset=0x59 value=0xffffff000000d300 ***
[1785312316.634]     *** KERNEL PTR PATTERN: offset=0x63 value=0xffffffffffffff00 ***
[1785312316.634]     *** KERNEL PTR PATTERN: offset=0x60 value=0xffffffff000000d3 ***
[1785312316.634]     *** KERNEL PTR PATTERN: offset=0x61 value=0xffffffffff000000 ***
[1785312316.634]     *** KERNEL PTR PATTERN: offset=0x62 value=0xffffffffffff0000 ***
[1785312316.634]     *** KERNEL PTR PATTERN: offset=0x59 value=0xffffff000000d300 ***
[1785312316.634]     *** KERNEL PTR PATTERN: offset=0x63 value=0xffffffffffffff00 ***
[1785312316.635]     ZONE FREE-PATTERN at +0x40: 0x7fffffffffffffff
[1785312316.635]   [iter 246] close=0x0 kernPtrs=10 freePatterns=1 changed=0 bytes
[1785312316.635]     *** KERNEL PTR PATTERN: offset=0x60 value=0xffffffff000000d3 ***
[1785312316.635]     *** KERNEL PTR PATTERN: offset=0x61 value=0xffffffffff000000 ***
[1785312316.635]     *** KERNEL PTR PATTERN: offset=0x62 value=0xffffffffffff0000 ***
[1785312316.635]     *** KERNEL PTR PATTERN: offset=0x59 value=0xffffff000000d300 ***
[1785312316.635]     *** KERNEL PTR PATTERN: offset=0x63 value=0xffffffffffffff00 ***
[1785312316.635]     *** KERNEL PTR PATTERN: offset=0x60 value=0xffffffff000000d3 ***
[1785312316.635]     *** KERNEL PTR PATTERN: offset=0x61 value=0xffffffffff000000 ***
[1785312316.635]     *** KERNEL PTR PATTERN: offset=0x62 value=0xffffffffffff0000 ***
[1785312316.635]     *** KERNEL PTR PATTERN: offset=0x59 value=0xffffff000000d300 ***
[1785312316.635]     *** KERNEL PTR PATTERN: offset=0x63 value=0xffffffffffffff00 ***
[1785312316.637]     ZONE FREE-PATTERN at +0x40: 0x7fffffffffffffff
[1785312316.637]   [iter 247] close=0x0 kernPtrs=10 freePatterns=1 changed=0 bytes
[1785312316.637]     *** KERNEL PTR PATTERN: offset=0x60 value=0xffffffff000000d3 ***
[1785312316.637]     *** KERNEL PTR PATTERN: offset=0x61 value=0xffffffffff000000 ***
[1785312316.637]     *** KERNEL PTR PATTERN: offset=0x62 value=0xffffffffffff0000 ***
[1785312316.637]     *** KERNEL PTR PATTERN: offset=0x59 value=0xffffff000000d300 ***
[1785312316.637]     *** KERNEL PTR PATTERN: offset=0x63 value=0xffffffffffffff00 ***
[1785312316.637]     *** KERNEL PTR PATTERN: offset=0x60 value=0xffffffff000000d3 ***
[1785312316.637]     *** KERNEL PTR PATTERN: offset=0x61 value=0xffffffffff000000 ***
[1785312316.637]     *** KERNEL PTR PATTERN: offset=0x62 value=0xffffffffffff0000 ***
[1785312316.637]     *** KERNEL PTR PATTERN: offset=0x59 value=0xffffff000000d300 ***
[1785312316.637]     *** KERNEL PTR PATTERN: offset=0x63 value=0xffffffffffffff00 ***
[1785312316.638]     ZONE FREE-PATTERN at +0x40: 0x7fffffffffffffff
[1785312316.638]   [iter 248] close=0x0 kernPtrs=10 freePatterns=1 changed=0 bytes
[1785312316.639]     *** KERNEL PTR PATTERN: offset=0x60 value=0xffffffff000000d3 ***
[1785312316.639]     *** KERNEL PTR PATTERN: offset=0x61 value=0xffffffffff000000 ***
[1785312316.639]     *** KERNEL PTR PATTERN: offset=0x62 value=0xffffffffffff0000 ***
[1785312316.639]     *** KERNEL PTR PATTERN: offset=0x59 value=0xffffff000000d300 ***
[1785312316.639]     *** KERNEL PTR PATTERN: offset=0x63 value=0xffffffffffffff00 ***
[1785312316.639]     *** KERNEL PTR PATTERN: offset=0x60 value=0xffffffff000000d3 ***
[1785312316.639]     *** KERNEL PTR PATTERN: offset=0x61 value=0xffffffffff000000 ***
[1785312316.639]     *** KERNEL PTR PATTERN: offset=0x62 value=0xffffffffffff0000 ***
[1785312316.639]     *** KERNEL PTR PATTERN: offset=0x59 value=0xffffff000000d300 ***
[1785312316.639]     *** KERNEL PTR PATTERN: offset=0x63 value=0xffffffffffffff00 ***
[1785312316.640]     ZONE FREE-PATTERN at +0x40: 0x7fffffffffffffff
[1785312316.640]   [iter 249] close=0x0 kernPtrs=10 freePatterns=1 changed=0 bytes
[1785312316.640]     *** KERNEL PTR PATTERN: offset=0x60 value=0xffffffff000000d3 ***
[1785312316.640]     *** KERNEL PTR PATTERN: offset=0x61 value=0xffffffffff000000 ***
[1785312316.640]     *** KERNEL PTR PATTERN: offset=0x62 value=0xffffffffffff0000 ***
[1785312316.641]     *** KERNEL PTR PATTERN: offset=0x59 value=0xffffff000000d300 ***
[1785312316.641]     *** KERNEL PTR PATTERN: offset=0x63 value=0xffffffffffffff00 ***
[1785312316.641]     *** KERNEL PTR PATTERN: offset=0x60 value=0xffffffff000000d3 ***
[1785312316.641]     *** KERNEL PTR PATTERN: offset=0x61 value=0xffffffffff000000 ***
[1785312316.641]     *** KERNEL PTR PATTERN: offset=0x62 value=0xffffffffffff0000 ***
[1785312316.641]     *** KERNEL PTR PATTERN: offset=0x59 value=0xffffff000000d300 ***
[1785312316.641]     *** KERNEL PTR PATTERN: offset=0x63 value=0xffffffffffffff00 ***
[1785312316.642]     ZONE FREE-PATTERN at +0x40: 0x7fffffffffffffff
[1785312316.642]   [iter 250] close=0x0 kernPtrs=10 freePatterns=1 changed=0 bytes
[1785312316.642]     *** KERNEL PTR PATTERN: offset=0x60 value=0xffffffff000000d3 ***
[1785312316.642]     *** KERNEL PTR PATTERN: offset=0x61 value=0xffffffffff000000 ***
[1785312316.642]     *** KERNEL PTR PATTERN: offset=0x62 value=0xffffffffffff0000 ***
[1785312316.642]     *** KERNEL PTR PATTERN: offset=0x59 value=0xffffff000000d300 ***
[1785312316.642]     *** KERNEL PTR PATTERN: offset=0x63 value=0xffffffffffffff00 ***
[1785312316.642]     *** KERNEL PTR PATTERN: offset=0x60 value=0xffffffff000000d3 ***
[1785312316.642]     *** KERNEL PTR PATTERN: offset=0x61 value=0xffffffffff000000 ***
[1785312316.642]     *** KERNEL PTR PATTERN: offset=0x62 value=0xffffffffffff0000 ***
[1785312316.642]     *** KERNEL PTR PATTERN: offset=0x59 value=0xffffff000000d300 ***
[1785312316.642]     *** KERNEL PTR PATTERN: offset=0x63 value=0xffffffffffffff00 ***
[1785312316.643]     ZONE FREE-PATTERN at +0x40: 0x7fffffffffffffff
[1785312316.643]   [iter 251] close=0x0 kernPtrs=10 freePatterns=1 changed=0 bytes
[1785312316.643]     *** KERNEL PTR PATTERN: offset=0x60 value=0xffffffff000000d3 ***
[1785312316.644]     *** KERNEL PTR PATTERN: offset=0x61 value=0xffffffffff000000 ***
[1785312316.644]     *** KERNEL PTR PATTERN: offset=0x62 value=0xffffffffffff0000 ***
[1785312316.644]     *** KERNEL PTR PATTERN: offset=0x59 value=0xffffff000000d300 ***
[1785312316.644]     *** KERNEL PTR PATTERN: offset=0x63 value=0xffffffffffffff00 ***
[1785312316.644]     *** KERNEL PTR PATTERN: offset=0x60 value=0xffffffff000000d3 ***
[1785312316.644]     *** KERNEL PTR PATTERN: offset=0x61 value=0xffffffffff000000 ***
[1785312316.644]     *** KERNEL PTR PATTERN: offset=0x62 value=0xffffffffffff0000 ***
[1785312316.644]     *** KERNEL PTR PATTERN: offset=0x59 value=0xffffff000000d300 ***
[1785312316.644]     *** KERNEL PTR PATTERN: offset=0x63 value=0xffffffffffffff00 ***
[1785312316.646]     ZONE FREE-PATTERN at +0x40: 0x7fffffffffffffff
[1785312316.646]   [iter 252] close=0x0 kernPtrs=10 freePatterns=1 changed=0 bytes
[1785312316.646]     *** KERNEL PTR PATTERN: offset=0x60 value=0xffffffff000000d3 ***
[1785312316.646]     *** KERNEL PTR PATTERN: offset=0x61 value=0xffffffffff000000 ***
[1785312316.646]     *** KERNEL PTR PATTERN: offset=0x62 value=0xffffffffffff0000 ***
[1785312316.646]     *** KERNEL PTR PATTERN: offset=0x59 value=0xffffff000000d300 ***
[1785312316.646]     *** KERNEL PTR PATTERN: offset=0x63 value=0xffffffffffffff00 ***
[1785312316.646]     *** KERNEL PTR PATTERN: offset=0x60 value=0xffffffff000000d3 ***
[1785312316.646]     *** KERNEL PTR PATTERN: offset=0x61 value=0xffffffffff000000 ***
[1785312316.646]     *** KERNEL PTR PATTERN: offset=0x62 value=0xffffffffffff0000 ***
[1785312316.646]     *** KERNEL PTR PATTERN: offset=0x59 value=0xffffff000000d300 ***
[1785312316.646]     *** KERNEL PTR PATTERN: offset=0x63 value=0xffffffffffffff00 ***
[1785312316.647]     ZONE FREE-PATTERN at +0x40: 0x7fffffffffffffff
[1785312316.647]   [iter 253] close=0x0 kernPtrs=10 freePatterns=1 changed=0 bytes
[1785312316.647]     *** KERNEL PTR PATTERN: offset=0x60 value=0xffffffff000000d3 ***
[1785312316.648]     *** KERNEL PTR PATTERN: offset=0x61 value=0xffffffffff000000 ***
[1785312316.648]     *** KERNEL PTR PATTERN: offset=0x62 value=0xffffffffffff0000 ***
[1785312316.648]     *** KERNEL PTR PATTERN: offset=0x59 value=0xffffff000000d300 ***
[1785312316.648]     *** KERNEL PTR PATTERN: offset=0x63 value=0xffffffffffffff00 ***
[1785312316.648]     *** KERNEL PTR PATTERN: offset=0x60 value=0xffffffff000000d3 ***
[1785312316.648]     *** KERNEL PTR PATTERN: offset=0x61 value=0xffffffffff000000 ***
[1785312316.648]     *** KERNEL PTR PATTERN: offset=0x62 value=0xffffffffffff0000 ***
[1785312316.648]     *** KERNEL PTR PATTERN: offset=0x59 value=0xffffff000000d300 ***
[1785312316.648]     *** KERNEL PTR PATTERN: offset=0x63 value=0xffffffffffffff00 ***
[1785312316.649]     ZONE FREE-PATTERN at +0x40: 0x7fffffffffffffff
[1785312316.649]   [iter 254] close=0x0 kernPtrs=10 freePatterns=1 changed=0 bytes
[1785312316.649]     *** KERNEL PTR PATTERN: offset=0x60 value=0xffffffff000000d3 ***
[1785312316.649]     *** KERNEL PTR PATTERN: offset=0x61 value=0xffffffffff000000 ***
[1785312316.649]     *** KERNEL PTR PATTERN: offset=0x62 value=0xffffffffffff0000 ***
[1785312316.649]     *** KERNEL PTR PATTERN: offset=0x59 value=0xffffff000000d300 ***
[1785312316.649]     *** KERNEL PTR PATTERN: offset=0x63 value=0xffffffffffffff00 ***
[1785312316.649]     *** KERNEL PTR PATTERN: offset=0x60 value=0xffffffff000000d3 ***
[1785312316.649]     *** KERNEL PTR PATTERN: offset=0x61 value=0xffffffffff000000 ***
[1785312316.649]     *** KERNEL PTR PATTERN: offset=0x62 value=0xffffffffffff0000 ***
[1785312316.649]     *** KERNEL PTR PATTERN: offset=0x59 value=0xffffff000000d300 ***
[1785312316.649]     *** KERNEL PTR PATTERN: offset=0x63 value=0xffffffffffffff00 ***
[1785312316.651]     ZONE FREE-PATTERN at +0x40: 0x7fffffffffffffff
[1785312316.651]   [iter 255] close=0x0 kernPtrs=10 freePatterns=1 changed=0 bytes
[1785312316.651]     *** KERNEL PTR PATTERN: offset=0x60 value=0xffffffff000000d3 ***
[1785312316.651]     *** KERNEL PTR PATTERN: offset=0x61 value=0xffffffffff000000 ***
[1785312316.651]     *** KERNEL PTR PATTERN: offset=0x62 value=0xffffffffffff0000 ***
[1785312316.651]     *** KERNEL PTR PATTERN: offset=0x59 value=0xffffff000000d300 ***
[1785312316.651]     *** KERNEL PTR PATTERN: offset=0x63 value=0xffffffffffffff00 ***
[1785312316.651]     *** KERNEL PTR PATTERN: offset=0x60 value=0xffffffff000000d3 ***
[1785312316.651]     *** KERNEL PTR PATTERN: offset=0x61 value=0xffffffffff000000 ***
[1785312316.651]     *** KERNEL PTR PATTERN: offset=0x62 value=0xffffffffffff0000 ***
[1785312316.651]     *** KERNEL PTR PATTERN: offset=0x59 value=0xffffff000000d300 ***
[1785312316.651]     *** KERNEL PTR PATTERN: offset=0x63 value=0xffffffffffffff00 ***
[1785312316.653]     ZONE FREE-PATTERN at +0x40: 0x7fffffffffffffff
[1785312316.653]   [iter 256] close=0x0 kernPtrs=10 freePatterns=1 changed=0 bytes
[1785312316.653]     *** KERNEL PTR PATTERN: offset=0x60 value=0xffffffff000000d3 ***
[1785312316.653]     *** KERNEL PTR PATTERN: offset=0x61 value=0xffffffffff000000 ***
[1785312316.653]     *** KERNEL PTR PATTERN: offset=0x62 value=0xffffffffffff0000 ***
[1785312316.653]     *** KERNEL PTR PATTERN: offset=0x59 value=0xffffff000000d300 ***
[1785312316.653]     *** KERNEL PTR PATTERN: offset=0x63 value=0xffffffffffffff00 ***
[1785312316.653]     *** KERNEL PTR PATTERN: offset=0x60 value=0xffffffff000000d3 ***
[1785312316.653]     *** KERNEL PTR PATTERN: offset=0x61 value=0xffffffffff000000 ***
[1785312316.653]     *** KERNEL PTR PATTERN: offset=0x62 value=0xffffffffffff0000 ***
[1785312316.653]     *** KERNEL PTR PATTERN: offset=0x59 value=0xffffff000000d300 ***
[1785312316.653]     *** KERNEL PTR PATTERN: offset=0x63 value=0xffffffffffffff00 ***
[1785312316.654]     ZONE FREE-PATTERN at +0x40: 0x7fffffffffffffff
[1785312316.654]   [iter 257] close=0x0 kernPtrs=10 freePatterns=1 changed=0 bytes
[1785312316.654]     *** KERNEL PTR PATTERN: offset=0x60 value=0xffffffff000000d3 ***
[1785312316.654]     *** KERNEL PTR PATTERN: offset=0x61 value=0xffffffffff000000 ***
[1785312316.654]     *** KERNEL PTR PATTERN: offset=0x62 value=0xffffffffffff0000 ***
[1785312316.654]     *** KERNEL PTR PATTERN: offset=0x59 value=0xffffff000000d300 ***
[1785312316.654]     *** KERNEL PTR PATTERN: offset=0x63 value=0xffffffffffffff00 ***
[1785312316.654]     *** KERNEL PTR PATTERN: offset=0x60 value=0xffffffff000000d3 ***
[1785312316.654]     *** KERNEL PTR PATTERN: offset=0x61 value=0xffffffffff000000 ***
[1785312316.655]     *** KERNEL PTR PATTERN: offset=0x62 value=0xffffffffffff0000 ***
[1785312316.655]     *** KERNEL PTR PATTERN: offset=0x59 value=0xffffff000000d300 ***
[1785312316.655]     *** KERNEL PTR PATTERN: offset=0x63 value=0xffffffffffffff00 ***
[1785312316.656]     ZONE FREE-PATTERN at +0x40: 0x7fffffffffffffff
[1785312316.656]   [iter 258] close=0x0 kernPtrs=10 freePatterns=1 changed=0 bytes
[1785312316.656]     *** KERNEL PTR PATTERN: offset=0x60 value=0xffffffff000000d3 ***
[1785312316.656]     *** KERNEL PTR PATTERN: offset=0x61 value=0xffffffffff000000 ***
[1785312316.656]     *** KERNEL PTR PATTERN: offset=0x62 value=0xffffffffffff0000 ***
[1785312316.656]     *** KERNEL PTR PATTERN: offset=0x59 value=0xffffff000000d300 ***
[1785312316.656]     *** KERNEL PTR PATTERN: offset=0x63 value=0xffffffffffffff00 ***
[1785312316.656]     *** KERNEL PTR PATTERN: offset=0x60 value=0xffffffff000000d3 ***
[1785312316.656]     *** KERNEL PTR PATTERN: offset=0x61 value=0xffffffffff000000 ***
[1785312316.657]     *** KERNEL PTR PATTERN: offset=0x62 value=0xffffffffffff0000 ***
[1785312316.657]     *** KERNEL PTR PATTERN: offset=0x59 value=0xffffff000000d300 ***
[1785312316.657]     *** KERNEL PTR PATTERN: offset=0x63 value=0xffffffffffffff00 ***
[1785312316.658]     ZONE FREE-PATTERN at +0x40: 0x7fffffffffffffff
[1785312316.658]   [iter 259] close=0x0 kernPtrs=10 freePatterns=1 changed=0 bytes
[1785312316.658]     *** KERNEL PTR PATTERN: offset=0x60 value=0xffffffff000000d3 ***
[1785312316.658]     *** KERNEL PTR PATTERN: offset=0x61 value=0xffffffffff000000 ***
[1785312316.658]     *** KERNEL PTR PATTERN: offset=0x62 value=0xffffffffffff0000 ***
[1785312316.658]     *** KERNEL PTR PATTERN: offset=0x59 value=0xffffff000000d300 ***
[1785312316.658]     *** KERNEL PTR PATTERN: offset=0x63 value=0xffffffffffffff00 ***
[1785312316.658]     *** KERNEL PTR PATTERN: offset=0x60 value=0xffffffff000000d3 ***
[1785312316.659]     *** KERNEL PTR PATTERN: offset=0x61 value=0xffffffffff000000 ***
[1785312316.659]     *** KERNEL PTR PATTERN: offset=0x62 value=0xffffffffffff0000 ***
[1785312316.659]     *** KERNEL PTR PATTERN: offset=0x59 value=0xffffff000000d300 ***
[1785312316.659]     *** KERNEL PTR PATTERN: offset=0x63 value=0xffffffffffffff00 ***
[1785312316.660]     ZONE FREE-PATTERN at +0x40: 0x7fffffffffffffff
[1785312316.660]   [iter 260] close=0x0 kernPtrs=10 freePatterns=1 changed=0 bytes
[1785312316.660]     *** KERNEL PTR PATTERN: offset=0x60 value=0xffffffff000000d3 ***
[1785312316.660]     *** KERNEL PTR PATTERN: offset=0x61 value=0xffffffffff000000 ***
[1785312316.660]     *** KERNEL PTR PATTERN: offset=0x62 value=0xffffffffffff0000 ***
[1785312316.660]     *** KERNEL PTR PATTERN: offset=0x59 value=0xffffff000000d300 ***
[1785312316.660]     *** KERNEL PTR PATTERN: offset=0x63 value=0xffffffffffffff00 ***
[1785312316.660]     *** KERNEL PTR PATTERN: offset=0x60 value=0xffffffff000000d3 ***
[1785312316.660]     *** KERNEL PTR PATTERN: offset=0x61 value=0xffffffffff000000 ***
[1785312316.661]     *** KERNEL PTR PATTERN: offset=0x62 value=0xffffffffffff0000 ***
[1785312316.661]     *** KERNEL PTR PATTERN: offset=0x59 value=0xffffff000000d300 ***
[1785312316.661]     *** KERNEL PTR PATTERN: offset=0x63 value=0xffffffffffffff00 ***
[1785312316.662]     ZONE FREE-PATTERN at +0x40: 0x7fffffffffffffff
[1785312316.662]   [iter 261] close=0x0 kernPtrs=10 freePatterns=1 changed=0 bytes
[1785312316.662]     *** KERNEL PTR PATTERN: offset=0x60 value=0xffffffff000000d3 ***
[1785312316.662]     *** KERNEL PTR PATTERN: offset=0x61 value=0xffffffffff000000 ***
[1785312316.662]     *** KERNEL PTR PATTERN: offset=0x62 value=0xffffffffffff0000 ***
[1785312316.662]     *** KERNEL PTR PATTERN: offset=0x59 value=0xffffff000000d300 ***
[1785312316.662]     *** KERNEL PTR PATTERN: offset=0x63 value=0xffffffffffffff00 ***
[1785312316.662]     *** KERNEL PTR PATTERN: offset=0x60 value=0xffffffff000000d3 ***
[1785312316.662]     *** KERNEL PTR PATTERN: offset=0x61 value=0xffffffffff000000 ***
[1785312316.662]     *** KERNEL PTR PATTERN: offset=0x62 value=0xffffffffffff0000 ***
[1785312316.662]     *** KERNEL PTR PATTERN: offset=0x59 value=0xffffff000000d300 ***
[1785312316.662]     *** KERNEL PTR PATTERN: offset=0x63 value=0xffffffffffffff00 ***
[1785312316.664]     ZONE FREE-PATTERN at +0x40: 0x7fffffffffffffff
[1785312316.664]   [iter 262] close=0x0 kernPtrs=10 freePatterns=1 changed=0 bytes
[1785312316.664]     *** KERNEL PTR PATTERN: offset=0x60 value=0xffffffff000000d3 ***
[1785312316.664]     *** KERNEL PTR PATTERN: offset=0x61 value=0xffffffffff000000 ***
[1785312316.664]     *** KERNEL PTR PATTERN: offset=0x62 value=0xffffffffffff0000 ***
[1785312316.664]     *** KERNEL PTR PATTERN: offset=0x59 value=0xffffff000000d300 ***
[1785312316.664]     *** KERNEL PTR PATTERN: offset=0x63 value=0xffffffffffffff00 ***
[1785312316.664]     *** KERNEL PTR PATTERN: offset=0x60 value=0xffffffff000000d3 ***
[1785312316.664]     *** KERNEL PTR PATTERN: offset=0x61 value=0xffffffffff000000 ***
[1785312316.664]     *** KERNEL PTR PATTERN: offset=0x62 value=0xffffffffffff0000 ***
[1785312316.664]     *** KERNEL PTR PATTERN: offset=0x59 value=0xffffff000000d300 ***
[1785312316.664]     *** KERNEL PTR PATTERN: offset=0x63 value=0xffffffffffffff00 ***
[1785312316.666]     ZONE FREE-PATTERN at +0x40: 0x7fffffffffffffff
[1785312316.666]   [iter 263] close=0x0 kernPtrs=10 freePatterns=1 changed=0 bytes
[1785312316.666]     *** KERNEL PTR PATTERN: offset=0x60 value=0xffffffff000000d3 ***
[1785312316.666]     *** KERNEL PTR PATTERN: offset=0x61 value=0xffffffffff000000 ***
[1785312316.666]     *** KERNEL PTR PATTERN: offset=0x62 value=0xffffffffffff0000 ***
[1785312316.666]     *** KERNEL PTR PATTERN: offset=0x59 value=0xffffff000000d300 ***
[1785312316.666]     *** KERNEL PTR PATTERN: offset=0x63 value=0xffffffffffffff00 ***
[1785312316.666]     *** KERNEL PTR PATTERN: offset=0x60 value=0xffffffff000000d3 ***
[1785312316.666]     *** KERNEL PTR PATTERN: offset=0x61 value=0xffffffffff000000 ***
[1785312316.666]     *** KERNEL PTR PATTERN: offset=0x62 value=0xffffffffffff0000 ***
[1785312316.666]     *** KERNEL PTR PATTERN: offset=0x59 value=0xffffff000000d300 ***
[1785312316.666]     *** KERNEL PTR PATTERN: offset=0x63 value=0xffffffffffffff00 ***
[1785312316.668]     ZONE FREE-PATTERN at +0x40: 0x7fffffffffffffff
[1785312316.668]   [iter 264] close=0x0 kernPtrs=10 freePatterns=1 changed=0 bytes
[1785312316.668]     *** KERNEL PTR PATTERN: offset=0x60 value=0xffffffff000000d3 ***
[1785312316.668]     *** KERNEL PTR PATTERN: offset=0x61 value=0xffffffffff000000 ***
[1785312316.668]     *** KERNEL PTR PATTERN: offset=0x62 value=0xffffffffffff0000 ***
[1785312316.668]     *** KERNEL PTR PATTERN: offset=0x59 value=0xffffff000000d300 ***
[1785312316.668]     *** KERNEL PTR PATTERN: offset=0x63 value=0xffffffffffffff00 ***
[1785312316.668]     *** KERNEL PTR PATTERN: offset=0x60 value=0xffffffff000000d3 ***
[1785312316.668]     *** KERNEL PTR PATTERN: offset=0x61 value=0xffffffffff000000 ***
[1785312316.668]     *** KERNEL PTR PATTERN: offset=0x62 value=0xffffffffffff0000 ***
[1785312316.668]     *** KERNEL PTR PATTERN: offset=0x59 value=0xffffff000000d300 ***
[1785312316.668]     *** KERNEL PTR PATTERN: offset=0x63 value=0xffffffffffffff00 ***
[1785312316.669]     ZONE FREE-PATTERN at +0x40: 0x7fffffffffffffff
[1785312316.669]   [iter 265] close=0x0 kernPtrs=10 freePatterns=1 changed=0 bytes
[1785312316.669]     *** KERNEL PTR PATTERN: offset=0x60 value=0xffffffff000000d3 ***
[1785312316.669]     *** KERNEL PTR PATTERN: offset=0x61 value=0xffffffffff000000 ***
[1785312316.669]     *** KERNEL PTR PATTERN: offset=0x62 value=0xffffffffffff0000 ***
[1785312316.669]     *** KERNEL PTR PATTERN: offset=0x59 value=0xffffff000000d300 ***
[1785312316.670]     *** KERNEL PTR PATTERN: offset=0x63 value=0xffffffffffffff00 ***
[1785312316.670]     *** KERNEL PTR PATTERN: offset=0x60 value=0xffffffff000000d3 ***
[1785312316.670]     *** KERNEL PTR PATTERN: offset=0x61 value=0xffffffffff000000 ***
[1785312316.670]     *** KERNEL PTR PATTERN: offset=0x62 value=0xffffffffffff0000 ***
[1785312316.670]     *** KERNEL PTR PATTERN: offset=0x59 value=0xffffff000000d300 ***
[1785312316.670]     *** KERNEL PTR PATTERN: offset=0x63 value=0xffffffffffffff00 ***
[1785312316.672]     ZONE FREE-PATTERN at +0x40: 0x7fffffffffffffff
[1785312316.672]   [iter 266] close=0x0 kernPtrs=10 freePatterns=1 changed=0 bytes
[1785312316.672]     *** KERNEL PTR PATTERN: offset=0x60 value=0xffffffff000000d3 ***
[1785312316.672]     *** KERNEL PTR PATTERN: offset=0x61 value=0xffffffffff000000 ***
[1785312316.672]     *** KERNEL PTR PATTERN: offset=0x62 value=0xffffffffffff0000 ***
[1785312316.672]     *** KERNEL PTR PATTERN: offset=0x59 value=0xffffff000000d300 ***
[1785312316.672]     *** KERNEL PTR PATTERN: offset=0x63 value=0xffffffffffffff00 ***
[1785312316.672]     *** KERNEL PTR PATTERN: offset=0x60 value=0xffffffff000000d3 ***
[1785312316.672]     *** KERNEL PTR PATTERN: offset=0x61 value=0xffffffffff000000 ***
[1785312316.672]     *** KERNEL PTR PATTERN: offset=0x62 value=0xffffffffffff0000 ***
[1785312316.672]     *** KERNEL PTR PATTERN: offset=0x59 value=0xffffff000000d300 ***
[1785312316.672]     *** KERNEL PTR PATTERN: offset=0x63 value=0xffffffffffffff00 ***
[1785312316.673]     ZONE FREE-PATTERN at +0x40: 0x7fffffffffffffff
[1785312316.673]   [iter 267] close=0x0 kernPtrs=10 freePatterns=1 changed=0 bytes
[1785312316.673]     *** KERNEL PTR PATTERN: offset=0x60 value=0xffffffff000000d3 ***
[1785312316.673]     *** KERNEL PTR PATTERN: offset=0x61 value=0xffffffffff000000 ***
[1785312316.673]     *** KERNEL PTR PATTERN: offset=0x62 value=0xffffffffffff0000 ***
[1785312316.673]     *** KERNEL PTR PATTERN: offset=0x59 value=0xffffff000000d300 ***
[1785312316.673]     *** KERNEL PTR PATTERN: offset=0x63 value=0xffffffffffffff00 ***
[1785312316.673]     *** KERNEL PTR PATTERN: offset=0x60 value=0xffffffff000000d3 ***
[1785312316.673]     *** KERNEL PTR PATTERN: offset=0x61 value=0xffffffffff000000 ***
[1785312316.674]     *** KERNEL PTR PATTERN: offset=0x62 value=0xffffffffffff0000 ***
[1785312316.674]     *** KERNEL PTR PATTERN: offset=0x59 value=0xffffff000000d300 ***
[1785312316.674]     *** KERNEL PTR PATTERN: offset=0x63 value=0xffffffffffffff00 ***
[1785312316.675]     ZONE FREE-PATTERN at +0x40: 0x7fffffffffffffff
[1785312316.675]   [iter 268] close=0x0 kernPtrs=10 freePatterns=1 changed=0 bytes
[1785312316.675]     *** KERNEL PTR PATTERN: offset=0x60 value=0xffffffff000000d3 ***
[1785312316.675]     *** KERNEL PTR PATTERN: offset=0x61 value=0xffffffffff000000 ***
[1785312316.675]     *** KERNEL PTR PATTERN: offset=0x62 value=0xffffffffffff0000 ***
[1785312316.675]     *** KERNEL PTR PATTERN: offset=0x59 value=0xffffff000000d300 ***
[1785312316.675]     *** KERNEL PTR PATTERN: offset=0x63 value=0xffffffffffffff00 ***
[1785312316.675]     *** KERNEL PTR PATTERN: offset=0x60 value=0xffffffff000000d3 ***
[1785312316.675]     *** KERNEL PTR PATTERN: offset=0x61 value=0xffffffffff000000 ***
[1785312316.675]     *** KERNEL PTR PATTERN: offset=0x62 value=0xffffffffffff0000 ***
[1785312316.675]     *** KERNEL PTR PATTERN: offset=0x59 value=0xffffff000000d300 ***
[1785312316.676]     *** KERNEL PTR PATTERN: offset=0x63 value=0xffffffffffffff00 ***
[1785312316.677]     ZONE FREE-PATTERN at +0x40: 0x7fffffffffffffff
[1785312316.677]   [iter 269] close=0x0 kernPtrs=10 freePatterns=1 changed=0 bytes
[1785312316.677]     *** KERNEL PTR PATTERN: offset=0x60 value=0xffffffff000000d3 ***
[1785312316.677]     *** KERNEL PTR PATTERN: offset=0x61 value=0xffffffffff000000 ***
[1785312316.677]     *** KERNEL PTR PATTERN: offset=0x62 value=0xffffffffffff0000 ***
[1785312316.677]     *** KERNEL PTR PATTERN: offset=0x59 value=0xffffff000000d300 ***
[1785312316.677]     *** KERNEL PTR PATTERN: offset=0x63 value=0xffffffffffffff00 ***
[1785312316.677]     *** KERNEL PTR PATTERN: offset=0x60 value=0xffffffff000000d3 ***
[1785312316.677]     *** KERNEL PTR PATTERN: offset=0x61 value=0xffffffffff000000 ***
[1785312316.677]     *** KERNEL PTR PATTERN: offset=0x62 value=0xffffffffffff0000 ***
[1785312316.677]     *** KERNEL PTR PATTERN: offset=0x59 value=0xffffff000000d300 ***
[1785312316.677]     *** KERNEL PTR PATTERN: offset=0x63 value=0xffffffffffffff00 ***
[1785312316.679]     ZONE FREE-PATTERN at +0x40: 0x7fffffffffffffff
[1785312316.679]   [iter 270] close=0x0 kernPtrs=10 freePatterns=1 changed=0 bytes
[1785312316.679]     *** KERNEL PTR PATTERN: offset=0x60 value=0xffffffff000000d3 ***
[1785312316.679]     *** KERNEL PTR PATTERN: offset=0x61 value=0xffffffffff000000 ***
[1785312316.679]     *** KERNEL PTR PATTERN: offset=0x62 value=0xffffffffffff0000 ***
[1785312316.679]     *** KERNEL PTR PATTERN: offset=0x59 value=0xffffff000000d300 ***
[1785312316.679]     *** KERNEL PTR PATTERN: offset=0x63 value=0xffffffffffffff00 ***
[1785312316.679]     *** KERNEL PTR PATTERN: offset=0x60 value=0xffffffff000000d3 ***
[1785312316.679]     *** KERNEL PTR PATTERN: offset=0x61 value=0xffffffffff000000 ***
[1785312316.679]     *** KERNEL PTR PATTERN: offset=0x62 value=0xffffffffffff0000 ***
[1785312316.679]     *** KERNEL PTR PATTERN: offset=0x59 value=0xffffff000000d300 ***
[1785312316.679]     *** KERNEL PTR PATTERN: offset=0x63 value=0xffffffffffffff00 ***
[1785312316.681]     ZONE FREE-PATTERN at +0x40: 0x7fffffffffffffff
[1785312316.681]   [iter 271] close=0x0 kernPtrs=10 freePatterns=1 changed=0 bytes
[1785312316.681]     *** KERNEL PTR PATTERN: offset=0x60 value=0xffffffff000000d3 ***
[1785312316.681]     *** KERNEL PTR PATTERN: offset=0x61 value=0xffffffffff000000 ***
[1785312316.681]     *** KERNEL PTR PATTERN: offset=0x62 value=0xffffffffffff0000 ***
[1785312316.681]     *** KERNEL PTR PATTERN: offset=0x59 value=0xffffff000000d300 ***
[1785312316.681]     *** KERNEL PTR PATTERN: offset=0x63 value=0xffffffffffffff00 ***
[1785312316.681]     *** KERNEL PTR PATTERN: offset=0x60 value=0xffffffff000000d3 ***
[1785312316.681]     *** KERNEL PTR PATTERN: offset=0x61 value=0xffffffffff000000 ***
[1785312316.681]     *** KERNEL PTR PATTERN: offset=0x62 value=0xffffffffffff0000 ***
[1785312316.681]     *** KERNEL PTR PATTERN: offset=0x59 value=0xffffff000000d300 ***
[1785312316.681]     *** KERNEL PTR PATTERN: offset=0x63 value=0xffffffffffffff00 ***
[1785312316.683]     ZONE FREE-PATTERN at +0x40: 0x7fffffffffffffff
[1785312316.683]   [iter 272] close=0x0 kernPtrs=10 freePatterns=1 changed=0 bytes
[1785312316.683]     *** KERNEL PTR PATTERN: offset=0x60 value=0xffffffff000000d3 ***
[1785312316.683]     *** KERNEL PTR PATTERN: offset=0x61 value=0xffffffffff000000 ***
[1785312316.683]     *** KERNEL PTR PATTERN: offset=0x62 value=0xffffffffffff0000 ***
[1785312316.683]     *** KERNEL PTR PATTERN: offset=0x59 value=0xffffff000000d300 ***
[1785312316.683]     *** KERNEL PTR PATTERN: offset=0x63 value=0xffffffffffffff00 ***
[1785312316.683]     *** KERNEL PTR PATTERN: offset=0x60 value=0xffffffff000000d3 ***
[1785312316.683]     *** KERNEL PTR PATTERN: offset=0x61 value=0xffffffffff000000 ***
[1785312316.683]     *** KERNEL PTR PATTERN: offset=0x62 value=0xffffffffffff0000 ***
[1785312316.683]     *** KERNEL PTR PATTERN: offset=0x59 value=0xffffff000000d300 ***
[1785312316.683]     *** KERNEL PTR PATTERN: offset=0x63 value=0xffffffffffffff00 ***
[1785312316.684]     ZONE FREE-PATTERN at +0x40: 0x7fffffffffffffff
[1785312316.684]   [iter 273] close=0x0 kernPtrs=10 freePatterns=1 changed=0 bytes
[1785312316.684]     *** KERNEL PTR PATTERN: offset=0x60 value=0xffffffff000000d3 ***
[1785312316.685]     *** KERNEL PTR PATTERN: offset=0x61 value=0xffffffffff000000 ***
[1785312316.685]     *** KERNEL PTR PATTERN: offset=0x62 value=0xffffffffffff0000 ***
[1785312316.685]     *** KERNEL PTR PATTERN: offset=0x59 value=0xffffff000000d300 ***
[1785312316.685]     *** KERNEL PTR PATTERN: offset=0x63 value=0xffffffffffffff00 ***
[1785312316.685]     *** KERNEL PTR PATTERN: offset=0x60 value=0xffffffff000000d3 ***
[1785312316.685]     *** KERNEL PTR PATTERN: offset=0x61 value=0xffffffffff000000 ***
[1785312316.685]     *** KERNEL PTR PATTERN: offset=0x62 value=0xffffffffffff0000 ***
[1785312316.685]     *** KERNEL PTR PATTERN: offset=0x59 value=0xffffff000000d300 ***
[1785312316.685]     *** KERNEL PTR PATTERN: offset=0x63 value=0xffffffffffffff00 ***
[1785312316.687]     ZONE FREE-PATTERN at +0x40: 0x7fffffffffffffff
[1785312316.687]   [iter 274] close=0x0 kernPtrs=10 freePatterns=1 changed=0 bytes
[1785312316.687]     *** KERNEL PTR PATTERN: offset=0x60 value=0xffffffff000000d3 ***
[1785312316.687]     *** KERNEL PTR PATTERN: offset=0x61 value=0xffffffffff000000 ***
[1785312316.687]     *** KERNEL PTR PATTERN: offset=0x62 value=0xffffffffffff0000 ***
[1785312316.687]     *** KERNEL PTR PATTERN: offset=0x59 value=0xffffff000000d300 ***
[1785312316.687]     *** KERNEL PTR PATTERN: offset=0x63 value=0xffffffffffffff00 ***
[1785312316.687]     *** KERNEL PTR PATTERN: offset=0x60 value=0xffffffff000000d3 ***
[1785312316.687]     *** KERNEL PTR PATTERN: offset=0x61 value=0xffffffffff000000 ***
[1785312316.687]     *** KERNEL PTR PATTERN: offset=0x62 value=0xffffffffffff0000 ***
[1785312316.687]     *** KERNEL PTR PATTERN: offset=0x59 value=0xffffff000000d300 ***
[1785312316.687]     *** KERNEL PTR PATTERN: offset=0x63 value=0xffffffffffffff00 ***
[1785312316.689]     ZONE FREE-PATTERN at +0x40: 0x7fffffffffffffff
[1785312316.689]   [iter 275] close=0x0 kernPtrs=10 freePatterns=1 changed=0 bytes
[1785312316.689]     *** KERNEL PTR PATTERN: offset=0x60 value=0xffffffff000000d3 ***
[1785312316.689]     *** KERNEL PTR PATTERN: offset=0x61 value=0xffffffffff000000 ***
[1785312316.689]     *** KERNEL PTR PATTERN: offset=0x62 value=0xffffffffffff0000 ***
[1785312316.689]     *** KERNEL PTR PATTERN: offset=0x59 value=0xffffff000000d300 ***
[1785312316.689]     *** KERNEL PTR PATTERN: offset=0x63 value=0xffffffffffffff00 ***
[1785312316.689]     *** KERNEL PTR PATTERN: offset=0x60 value=0xffffffff000000d3 ***
[1785312316.689]     *** KERNEL PTR PATTERN: offset=0x61 value=0xffffffffff000000 ***
[1785312316.689]     *** KERNEL PTR PATTERN: offset=0x62 value=0xffffffffffff0000 ***
[1785312316.689]     *** KERNEL PTR PATTERN: offset=0x59 value=0xffffff000000d300 ***
[1785312316.689]     *** KERNEL PTR PATTERN: offset=0x63 value=0xffffffffffffff00 ***
[1785312316.690]     ZONE FREE-PATTERN at +0x40: 0x7fffffffffffffff
[1785312316.690]   [iter 276] close=0x0 kernPtrs=10 freePatterns=1 changed=0 bytes
[1785312316.690]     *** KERNEL PTR PATTERN: offset=0x60 value=0xffffffff000000d3 ***
[1785312316.690]     *** KERNEL PTR PATTERN: offset=0x61 value=0xffffffffff000000 ***
[1785312316.690]     *** KERNEL PTR PATTERN: offset=0x62 value=0xffffffffffff0000 ***
[1785312316.691]     *** KERNEL PTR PATTERN: offset=0x59 value=0xffffff000000d300 ***
[1785312316.691]     *** KERNEL PTR PATTERN: offset=0x63 value=0xffffffffffffff00 ***
[1785312316.691]     *** KERNEL PTR PATTERN: offset=0x60 value=0xffffffff000000d3 ***
[1785312316.691]     *** KERNEL PTR PATTERN: offset=0x61 value=0xffffffffff000000 ***
[1785312316.691]     *** KERNEL PTR PATTERN: offset=0x62 value=0xffffffffffff0000 ***
[1785312316.691]     *** KERNEL PTR PATTERN: offset=0x59 value=0xffffff000000d300 ***
[1785312316.691]     *** KERNEL PTR PATTERN: offset=0x63 value=0xffffffffffffff00 ***
[1785312316.692]     ZONE FREE-PATTERN at +0x40: 0x7fffffffffffffff
[1785312316.692]   [iter 277] close=0x0 kernPtrs=10 freePatterns=1 changed=0 bytes
[1785312316.692]     *** KERNEL PTR PATTERN: offset=0x60 value=0xffffffff000000d3 ***
[1785312316.692]     *** KERNEL PTR PATTERN: offset=0x61 value=0xffffffffff000000 ***
[1785312316.692]     *** KERNEL PTR PATTERN: offset=0x62 value=0xffffffffffff0000 ***
[1785312316.692]     *** KERNEL PTR PATTERN: offset=0x59 value=0xffffff000000d300 ***
[1785312316.692]     *** KERNEL PTR PATTERN: offset=0x63 value=0xffffffffffffff00 ***
[1785312316.692]     *** KERNEL PTR PATTERN: offset=0x60 value=0xffffffff000000d3 ***
[1785312316.692]     *** KERNEL PTR PATTERN: offset=0x61 value=0xffffffffff000000 ***
[1785312316.692]     *** KERNEL PTR PATTERN: offset=0x62 value=0xffffffffffff0000 ***
[1785312316.692]     *** KERNEL PTR PATTERN: offset=0x59 value=0xffffff000000d300 ***
[1785312316.693]     *** KERNEL PTR PATTERN: offset=0x63 value=0xffffffffffffff00 ***
[1785312316.693]     ZONE FREE-PATTERN at +0x40: 0x7fffffffffffffff
[1785312316.693]   [iter 278] close=0x0 kernPtrs=10 freePatterns=1 changed=0 bytes
[1785312316.694]     *** KERNEL PTR PATTERN: offset=0x60 value=0xffffffff000000d3 ***
[1785312316.694]     *** KERNEL PTR PATTERN: offset=0x61 value=0xffffffffff000000 ***
[1785312316.694]     *** KERNEL PTR PATTERN: offset=0x62 value=0xffffffffffff0000 ***
[1785312316.694]     *** KERNEL PTR PATTERN: offset=0x59 value=0xffffff000000d300 ***
[1785312316.694]     *** KERNEL PTR PATTERN: offset=0x63 value=0xffffffffffffff00 ***
[1785312316.694]     *** KERNEL PTR PATTERN: offset=0x60 value=0xffffffff000000d3 ***
[1785312316.694]     *** KERNEL PTR PATTERN: offset=0x61 value=0xffffffffff000000 ***
[1785312316.694]     *** KERNEL PTR PATTERN: offset=0x62 value=0xffffffffffff0000 ***
[1785312316.694]     *** KERNEL PTR PATTERN: offset=0x59 value=0xffffff000000d300 ***
[1785312316.694]     *** KERNEL PTR PATTERN: offset=0x63 value=0xffffffffffffff00 ***
[1785312316.695]     ZONE FREE-PATTERN at +0x40: 0x7fffffffffffffff
[1785312316.695]   [iter 279] close=0x0 kernPtrs=10 freePatterns=1 changed=0 bytes
[1785312316.695]     *** KERNEL PTR PATTERN: offset=0x60 value=0xffffffff000000d3 ***
[1785312316.695]     *** KERNEL PTR PATTERN: offset=0x61 value=0xffffffffff000000 ***
[1785312316.695]     *** KERNEL PTR PATTERN: offset=0x62 value=0xffffffffffff0000 ***
[1785312316.695]     *** KERNEL PTR PATTERN: offset=0x59 value=0xffffff000000d300 ***
[1785312316.695]     *** KERNEL PTR PATTERN: offset=0x63 value=0xffffffffffffff00 ***
[1785312316.695]     *** KERNEL PTR PATTERN: offset=0x60 value=0xffffffff000000d3 ***
[1785312316.695]     *** KERNEL PTR PATTERN: offset=0x61 value=0xffffffffff000000 ***
[1785312316.695]     *** KERNEL PTR PATTERN: offset=0x62 value=0xffffffffffff0000 ***
[1785312316.695]     *** KERNEL PTR PATTERN: offset=0x59 value=0xffffff000000d300 ***
[1785312316.695]     *** KERNEL PTR PATTERN: offset=0x63 value=0xffffffffffffff00 ***
[1785312316.697]     ZONE FREE-PATTERN at +0x40: 0x7fffffffffffffff
[1785312316.697]   [iter 280] close=0x0 kernPtrs=10 freePatterns=1 changed=0 bytes
[1785312316.697]     *** KERNEL PTR PATTERN: offset=0x60 value=0xffffffff000000d3 ***
[1785312316.697]     *** KERNEL PTR PATTERN: offset=0x61 value=0xffffffffff000000 ***
[1785312316.697]     *** KERNEL PTR PATTERN: offset=0x62 value=0xffffffffffff0000 ***
[1785312316.697]     *** KERNEL PTR PATTERN: offset=0x59 value=0xffffff000000d300 ***
[1785312316.697]     *** KERNEL PTR PATTERN: offset=0x63 value=0xffffffffffffff00 ***
[1785312316.697]     *** KERNEL PTR PATTERN: offset=0x60 value=0xffffffff000000d3 ***
[1785312316.697]     *** KERNEL PTR PATTERN: offset=0x61 value=0xffffffffff000000 ***
[1785312316.697]     *** KERNEL PTR PATTERN: offset=0x62 value=0xffffffffffff0000 ***
[1785312316.697]     *** KERNEL PTR PATTERN: offset=0x59 value=0xffffff000000d300 ***
[1785312316.697]     *** KERNEL PTR PATTERN: offset=0x63 value=0xffffffffffffff00 ***
[1785312316.698]     ZONE FREE-PATTERN at +0x40: 0x7fffffffffffffff
[1785312316.698]   [iter 281] close=0x0 kernPtrs=10 freePatterns=1 changed=0 bytes
[1785312316.698]     *** KERNEL PTR PATTERN: offset=0x60 value=0xffffffff000000d3 ***
[1785312316.698]     *** KERNEL PTR PATTERN: offset=0x61 value=0xffffffffff000000 ***
[1785312316.698]     *** KERNEL PTR PATTERN: offset=0x62 value=0xffffffffffff0000 ***
[1785312316.698]     *** KERNEL PTR PATTERN: offset=0x59 value=0xffffff000000d300 ***
[1785312316.699]     *** KERNEL PTR PATTERN: offset=0x63 value=0xffffffffffffff00 ***
[1785312316.699]     *** KERNEL PTR PATTERN: offset=0x60 value=0xffffffff000000d3 ***
[1785312316.699]     *** KERNEL PTR PATTERN: offset=0x61 value=0xffffffffff000000 ***
[1785312316.699]     *** KERNEL PTR PATTERN: offset=0x62 value=0xffffffffffff0000 ***
[1785312316.699]     *** KERNEL PTR PATTERN: offset=0x59 value=0xffffff000000d300 ***
[1785312316.699]     *** KERNEL PTR PATTERN: offset=0x63 value=0xffffffffffffff00 ***
[1785312316.700]     ZONE FREE-PATTERN at +0x40: 0x7fffffffffffffff
[1785312316.700]   [iter 282] close=0x0 kernPtrs=10 freePatterns=1 changed=0 bytes
[1785312316.700]     *** KERNEL PTR PATTERN: offset=0x60 value=0xffffffff000000d3 ***
[1785312316.700]     *** KERNEL PTR PATTERN: offset=0x61 value=0xffffffffff000000 ***
[1785312316.700]     *** KERNEL PTR PATTERN: offset=0x62 value=0xffffffffffff0000 ***
[1785312316.700]     *** KERNEL PTR PATTERN: offset=0x59 value=0xffffff000000d300 ***
[1785312316.700]     *** KERNEL PTR PATTERN: offset=0x63 value=0xffffffffffffff00 ***
[1785312316.700]     *** KERNEL PTR PATTERN: offset=0x60 value=0xffffffff000000d3 ***
[1785312316.700]     *** KERNEL PTR PATTERN: offset=0x61 value=0xffffffffff000000 ***
[1785312316.700]     *** KERNEL PTR PATTERN: offset=0x62 value=0xffffffffffff0000 ***
[1785312316.700]     *** KERNEL PTR PATTERN: offset=0x59 value=0xffffff000000d300 ***
[1785312316.700]     *** KERNEL PTR PATTERN: offset=0x63 value=0xffffffffffffff00 ***
[1785312316.702]     ZONE FREE-PATTERN at +0x40: 0x7fffffffffffffff
[1785312316.702]   [iter 283] close=0x0 kernPtrs=10 freePatterns=1 changed=0 bytes
[1785312316.702]     *** KERNEL PTR PATTERN: offset=0x60 value=0xffffffff000000d3 ***
[1785312316.702]     *** KERNEL PTR PATTERN: offset=0x61 value=0xffffffffff000000 ***
[1785312316.702]     *** KERNEL PTR PATTERN: offset=0x62 value=0xffffffffffff0000 ***
[1785312316.702]     *** KERNEL PTR PATTERN: offset=0x59 value=0xffffff000000d300 ***
[1785312316.702]     *** KERNEL PTR PATTERN: offset=0x63 value=0xffffffffffffff00 ***
[1785312316.702]     *** KERNEL PTR PATTERN: offset=0x60 value=0xffffffff000000d3 ***
[1785312316.702]     *** KERNEL PTR PATTERN: offset=0x61 value=0xffffffffff000000 ***
[1785312316.702]     *** KERNEL PTR PATTERN: offset=0x62 value=0xffffffffffff0000 ***
[1785312316.702]     *** KERNEL PTR PATTERN: offset=0x59 value=0xffffff000000d300 ***
[1785312316.702]     *** KERNEL PTR PATTERN: offset=0x63 value=0xffffffffffffff00 ***
[1785312316.703]     ZONE FREE-PATTERN at +0x40: 0x7fffffffffffffff
[1785312316.703]   [iter 284] close=0x0 kernPtrs=10 freePatterns=1 changed=0 bytes
[1785312316.703]     *** KERNEL PTR PATTERN: offset=0x60 value=0xffffffff000000d3 ***
[1785312316.703]     *** KERNEL PTR PATTERN: offset=0x61 value=0xffffffffff000000 ***
[1785312316.703]     *** KERNEL PTR PATTERN: offset=0x62 value=0xffffffffffff0000 ***
[1785312316.704]     *** KERNEL PTR PATTERN: offset=0x59 value=0xffffff000000d300 ***
[1785312316.704]     *** KERNEL PTR PATTERN: offset=0x63 value=0xffffffffffffff00 ***
[1785312316.704]     *** KERNEL PTR PATTERN: offset=0x60 value=0xffffffff000000d3 ***
[1785312316.704]     *** KERNEL PTR PATTERN: offset=0x61 value=0xffffffffff000000 ***
[1785312316.704]     *** KERNEL PTR PATTERN: offset=0x62 value=0xffffffffffff0000 ***
[1785312316.704]     *** KERNEL PTR PATTERN: offset=0x59 value=0xffffff000000d300 ***
[1785312316.704]     *** KERNEL PTR PATTERN: offset=0x63 value=0xffffffffffffff00 ***
[1785312316.705]     ZONE FREE-PATTERN at +0x40: 0x7fffffffffffffff
[1785312316.705]   [iter 285] close=0x0 kernPtrs=10 freePatterns=1 changed=0 bytes
[1785312316.705]     *** KERNEL PTR PATTERN: offset=0x60 value=0xffffffff000000d3 ***
[1785312316.705]     *** KERNEL PTR PATTERN: offset=0x61 value=0xffffffffff000000 ***
[1785312316.705]     *** KERNEL PTR PATTERN: offset=0x62 value=0xffffffffffff0000 ***
[1785312316.705]     *** KERNEL PTR PATTERN: offset=0x59 value=0xffffff000000d300 ***
[1785312316.705]     *** KERNEL PTR PATTERN: offset=0x63 value=0xffffffffffffff00 ***
[1785312316.705]     *** KERNEL PTR PATTERN: offset=0x60 value=0xffffffff000000d3 ***
[1785312316.705]     *** KERNEL PTR PATTERN: offset=0x61 value=0xffffffffff000000 ***
[1785312316.705]     *** KERNEL PTR PATTERN: offset=0x62 value=0xffffffffffff0000 ***
[1785312316.706]     *** KERNEL PTR PATTERN: offset=0x59 value=0xffffff000000d300 ***
[1785312316.706]     *** KERNEL PTR PATTERN: offset=0x63 value=0xffffffffffffff00 ***
[1785312316.707]     ZONE FREE-PATTERN at +0x40: 0x7fffffffffffffff
[1785312316.707]   [iter 286] close=0x0 kernPtrs=10 freePatterns=1 changed=0 bytes
[1785312316.707]     *** KERNEL PTR PATTERN: offset=0x60 value=0xffffffff000000d3 ***
[1785312316.707]     *** KERNEL PTR PATTERN: offset=0x61 value=0xffffffffff000000 ***
[1785312316.707]     *** KERNEL PTR PATTERN: offset=0x62 value=0xffffffffffff0000 ***
[1785312316.707]     *** KERNEL PTR PATTERN: offset=0x59 value=0xffffff000000d300 ***
[1785312316.707]     *** KERNEL PTR PATTERN: offset=0x63 value=0xffffffffffffff00 ***
[1785312316.707]     *** KERNEL PTR PATTERN: offset=0x60 value=0xffffffff000000d3 ***
[1785312316.707]     *** KERNEL PTR PATTERN: offset=0x61 value=0xffffffffff000000 ***
[1785312316.707]     *** KERNEL PTR PATTERN: offset=0x62 value=0xffffffffffff0000 ***
[1785312316.707]     *** KERNEL PTR PATTERN: offset=0x59 value=0xffffff000000d300 ***
[1785312316.707]     *** KERNEL PTR PATTERN: offset=0x63 value=0xffffffffffffff00 ***
[1785312316.708]     ZONE FREE-PATTERN at +0x40: 0x7fffffffffffffff
[1785312316.708]   [iter 287] close=0x0 kernPtrs=10 freePatterns=1 changed=0 bytes
[1785312316.708]     *** KERNEL PTR PATTERN: offset=0x60 value=0xffffffff000000d3 ***
[1785312316.708]     *** KERNEL PTR PATTERN: offset=0x61 value=0xffffffffff000000 ***
[1785312316.709]     *** KERNEL PTR PATTERN: offset=0x62 value=0xffffffffffff0000 ***
[1785312316.709]     *** KERNEL PTR PATTERN: offset=0x59 value=0xffffff000000d300 ***
[1785312316.709]     *** KERNEL PTR PATTERN: offset=0x63 value=0xffffffffffffff00 ***
[1785312316.709]     *** KERNEL PTR PATTERN: offset=0x60 value=0xffffffff000000d3 ***
[1785312316.709]     *** KERNEL PTR PATTERN: offset=0x61 value=0xffffffffff000000 ***
[1785312316.709]     *** KERNEL PTR PATTERN: offset=0x62 value=0xffffffffffff0000 ***
[1785312316.709]     *** KERNEL PTR PATTERN: offset=0x59 value=0xffffff000000d300 ***
[1785312316.709]     *** KERNEL PTR PATTERN: offset=0x63 value=0xffffffffffffff00 ***
[1785312316.710]     ZONE FREE-PATTERN at +0x40: 0x7fffffffffffffff
[1785312316.710]   [iter 288] close=0x0 kernPtrs=10 freePatterns=1 changed=0 bytes
[1785312316.710]     *** KERNEL PTR PATTERN: offset=0x60 value=0xffffffff000000d3 ***
[1785312316.710]     *** KERNEL PTR PATTERN: offset=0x61 value=0xffffffffff000000 ***
[1785312316.710]     *** KERNEL PTR PATTERN: offset=0x62 value=0xffffffffffff0000 ***
[1785312316.710]     *** KERNEL PTR PATTERN: offset=0x59 value=0xffffff000000d300 ***
[1785312316.710]     *** KERNEL PTR PATTERN: offset=0x63 value=0xffffffffffffff00 ***
[1785312316.710]     *** KERNEL PTR PATTERN: offset=0x60 value=0xffffffff000000d3 ***
[1785312316.710]     *** KERNEL PTR PATTERN: offset=0x61 value=0xffffffffff000000 ***
[1785312316.710]     *** KERNEL PTR PATTERN: offset=0x62 value=0xffffffffffff0000 ***
[1785312316.710]     *** KERNEL PTR PATTERN: offset=0x59 value=0xffffff000000d300 ***
[1785312316.710]     *** KERNEL PTR PATTERN: offset=0x63 value=0xffffffffffffff00 ***
[1785312316.712]     ZONE FREE-PATTERN at +0x40: 0x7fffffffffffffff
[1785312316.712]   [iter 289] close=0x0 kernPtrs=10 freePatterns=1 changed=0 bytes
[1785312316.712]     *** KERNEL PTR PATTERN: offset=0x60 value=0xffffffff000000d3 ***
[1785312316.712]     *** KERNEL PTR PATTERN: offset=0x61 value=0xffffffffff000000 ***
[1785312316.712]     *** KERNEL PTR PATTERN: offset=0x62 value=0xffffffffffff0000 ***
[1785312316.712]     *** KERNEL PTR PATTERN: offset=0x59 value=0xffffff000000d300 ***
[1785312316.712]     *** KERNEL PTR PATTERN: offset=0x63 value=0xffffffffffffff00 ***
[1785312316.712]     *** KERNEL PTR PATTERN: offset=0x60 value=0xffffffff000000d3 ***
[1785312316.712]     *** KERNEL PTR PATTERN: offset=0x61 value=0xffffffffff000000 ***
[1785312316.712]     *** KERNEL PTR PATTERN: offset=0x62 value=0xffffffffffff0000 ***
[1785312316.712]     *** KERNEL PTR PATTERN: offset=0x59 value=0xffffff000000d300 ***
[1785312316.712]     *** KERNEL PTR PATTERN: offset=0x63 value=0xffffffffffffff00 ***
[1785312316.714]     ZONE FREE-PATTERN at +0x40: 0x7fffffffffffffff
[1785312316.714]   [iter 290] close=0x0 kernPtrs=10 freePatterns=1 changed=0 bytes
[1785312316.714]     *** KERNEL PTR PATTERN: offset=0x60 value=0xffffffff000000d3 ***
[1785312316.714]     *** KERNEL PTR PATTERN: offset=0x61 value=0xffffffffff000000 ***
[1785312316.714]     *** KERNEL PTR PATTERN: offset=0x62 value=0xffffffffffff0000 ***
[1785312316.714]     *** KERNEL PTR PATTERN: offset=0x59 value=0xffffff000000d300 ***
[1785312316.714]     *** KERNEL PTR PATTERN: offset=0x63 value=0xffffffffffffff00 ***
[1785312316.714]     *** KERNEL PTR PATTERN: offset=0x60 value=0xffffffff000000d3 ***
[1785312316.714]     *** KERNEL PTR PATTERN: offset=0x61 value=0xffffffffff000000 ***
[1785312316.714]     *** KERNEL PTR PATTERN: offset=0x62 value=0xffffffffffff0000 ***
[1785312316.714]     *** KERNEL PTR PATTERN: offset=0x59 value=0xffffff000000d300 ***
[1785312316.714]     *** KERNEL PTR PATTERN: offset=0x63 value=0xffffffffffffff00 ***
[1785312316.715]     ZONE FREE-PATTERN at +0x40: 0x7fffffffffffffff
[1785312316.715]   [iter 291] close=0x0 kernPtrs=10 freePatterns=1 changed=0 bytes
[1785312316.715]     *** KERNEL PTR PATTERN: offset=0x60 value=0xffffffff000000d3 ***
[1785312316.715]     *** KERNEL PTR PATTERN: offset=0x61 value=0xffffffffff000000 ***
[1785312316.715]     *** KERNEL PTR PATTERN: offset=0x62 value=0xffffffffffff0000 ***
[1785312316.715]     *** KERNEL PTR PATTERN: offset=0x59 value=0xffffff000000d300 ***
[1785312316.715]     *** KERNEL PTR PATTERN: offset=0x63 value=0xffffffffffffff00 ***
[1785312316.716]     *** KERNEL PTR PATTERN: offset=0x60 value=0xffffffff000000d3 ***
[1785312316.716]     *** KERNEL PTR PATTERN: offset=0x61 value=0xffffffffff000000 ***
[1785312316.716]     *** KERNEL PTR PATTERN: offset=0x62 value=0xffffffffffff0000 ***
[1785312316.716]     *** KERNEL PTR PATTERN: offset=0x59 value=0xffffff000000d300 ***
[1785312316.716]     *** KERNEL PTR PATTERN: offset=0x63 value=0xffffffffffffff00 ***
[1785312316.717]     ZONE FREE-PATTERN at +0x40: 0x7fffffffffffffff
[1785312316.717]   [iter 292] close=0x0 kernPtrs=10 freePatterns=1 changed=0 bytes
[1785312316.717]     *** KERNEL PTR PATTERN: offset=0x60 value=0xffffffff000000d3 ***
[1785312316.717]     *** KERNEL PTR PATTERN: offset=0x61 value=0xffffffffff000000 ***
[1785312316.717]     *** KERNEL PTR PATTERN: offset=0x62 value=0xffffffffffff0000 ***
[1785312316.718]     *** KERNEL PTR PATTERN: offset=0x59 value=0xffffff000000d300 ***
[1785312316.718]     *** KERNEL PTR PATTERN: offset=0x63 value=0xffffffffffffff00 ***
[1785312316.718]     *** KERNEL PTR PATTERN: offset=0x60 value=0xffffffff000000d3 ***
[1785312316.718]     *** KERNEL PTR PATTERN: offset=0x61 value=0xffffffffff000000 ***
[1785312316.718]     *** KERNEL PTR PATTERN: offset=0x62 value=0xffffffffffff0000 ***
[1785312316.718]     *** KERNEL PTR PATTERN: offset=0x59 value=0xffffff000000d300 ***
[1785312316.718]     *** KERNEL PTR PATTERN: offset=0x63 value=0xffffffffffffff00 ***
[1785312316.719]     ZONE FREE-PATTERN at +0x40: 0x7fffffffffffffff
[1785312316.719]   [iter 293] close=0x0 kernPtrs=10 freePatterns=1 changed=0 bytes
[1785312316.719]     *** KERNEL PTR PATTERN: offset=0x60 value=0xffffffff000000d3 ***
[1785312316.720]     *** KERNEL PTR PATTERN: offset=0x61 value=0xffffffffff000000 ***
[1785312316.720]     *** KERNEL PTR PATTERN: offset=0x62 value=0xffffffffffff0000 ***
[1785312316.720]     *** KERNEL PTR PATTERN: offset=0x59 value=0xffffff000000d300 ***
[1785312316.720]     *** KERNEL PTR PATTERN: offset=0x63 value=0xffffffffffffff00 ***
[1785312316.720]     *** KERNEL PTR PATTERN: offset=0x60 value=0xffffffff000000d3 ***
[1785312316.720]     *** KERNEL PTR PATTERN: offset=0x61 value=0xffffffffff000000 ***
[1785312316.720]     *** KERNEL PTR PATTERN: offset=0x62 value=0xffffffffffff0000 ***
[1785312316.720]     *** KERNEL PTR PATTERN: offset=0x59 value=0xffffff000000d300 ***
[1785312316.720]     *** KERNEL PTR PATTERN: offset=0x63 value=0xffffffffffffff00 ***
[1785312316.722]     ZONE FREE-PATTERN at +0x40: 0x7fffffffffffffff
[1785312316.722]   [iter 294] close=0x0 kernPtrs=10 freePatterns=1 changed=0 bytes
[1785312316.722]     *** KERNEL PTR PATTERN: offset=0x60 value=0xffffffff000000d3 ***
[1785312316.722]     *** KERNEL PTR PATTERN: offset=0x61 value=0xffffffffff000000 ***
[1785312316.722]     *** KERNEL PTR PATTERN: offset=0x62 value=0xffffffffffff0000 ***
[1785312316.722]     *** KERNEL PTR PATTERN: offset=0x59 value=0xffffff000000d300 ***
[1785312316.722]     *** KERNEL PTR PATTERN: offset=0x63 value=0xffffffffffffff00 ***
[1785312316.722]     *** KERNEL PTR PATTERN: offset=0x60 value=0xffffffff000000d3 ***
[1785312316.722]     *** KERNEL PTR PATTERN: offset=0x61 value=0xffffffffff000000 ***
[1785312316.722]     *** KERNEL PTR PATTERN: offset=0x62 value=0xffffffffffff0000 ***
[1785312316.722]     *** KERNEL PTR PATTERN: offset=0x59 value=0xffffff000000d300 ***
[1785312316.723]     *** KERNEL PTR PATTERN: offset=0x63 value=0xffffffffffffff00 ***
[1785312316.724]     ZONE FREE-PATTERN at +0x40: 0x7fffffffffffffff
[1785312316.724]   [iter 295] close=0x0 kernPtrs=10 freePatterns=1 changed=0 bytes
[1785312316.724]     *** KERNEL PTR PATTERN: offset=0x60 value=0xffffffff000000d3 ***
[1785312316.724]     *** KERNEL PTR PATTERN: offset=0x61 value=0xffffffffff000000 ***
[1785312316.724]     *** KERNEL PTR PATTERN: offset=0x62 value=0xffffffffffff0000 ***
[1785312316.724]     *** KERNEL PTR PATTERN: offset=0x59 value=0xffffff000000d300 ***
[1785312316.724]     *** KERNEL PTR PATTERN: offset=0x63 value=0xffffffffffffff00 ***
[1785312316.724]     *** KERNEL PTR PATTERN: offset=0x60 value=0xffffffff000000d3 ***
[1785312316.724]     *** KERNEL PTR PATTERN: offset=0x61 value=0xffffffffff000000 ***
[1785312316.724]     *** KERNEL PTR PATTERN: offset=0x62 value=0xffffffffffff0000 ***
[1785312316.724]     *** KERNEL PTR PATTERN: offset=0x59 value=0xffffff000000d300 ***
[1785312316.724]     *** KERNEL PTR PATTERN: offset=0x63 value=0xffffffffffffff00 ***
[1785312316.726]     ZONE FREE-PATTERN at +0x40: 0x7fffffffffffffff
[1785312316.726]   [iter 296] close=0x0 kernPtrs=10 freePatterns=1 changed=0 bytes
[1785312316.726]     *** KERNEL PTR PATTERN: offset=0x60 value=0xffffffff000000d3 ***
[1785312316.726]     *** KERNEL PTR PATTERN: offset=0x61 value=0xffffffffff000000 ***
[1785312316.726]     *** KERNEL PTR PATTERN: offset=0x62 value=0xffffffffffff0000 ***
[1785312316.726]     *** KERNEL PTR PATTERN: offset=0x59 value=0xffffff000000d300 ***
[1785312316.726]     *** KERNEL PTR PATTERN: offset=0x63 value=0xffffffffffffff00 ***
[1785312316.726]     *** KERNEL PTR PATTERN: offset=0x60 value=0xffffffff000000d3 ***
[1785312316.726]     *** KERNEL PTR PATTERN: offset=0x61 value=0xffffffffff000000 ***
[1785312316.726]     *** KERNEL PTR PATTERN: offset=0x62 value=0xffffffffffff0000 ***
[1785312316.726]     *** KERNEL PTR PATTERN: offset=0x59 value=0xffffff000000d300 ***
[1785312316.727]     *** KERNEL PTR PATTERN: offset=0x63 value=0xffffffffffffff00 ***
[1785312316.728]     ZONE FREE-PATTERN at +0x40: 0x7fffffffffffffff
[1785312316.728]   [iter 297] close=0x0 kernPtrs=10 freePatterns=1 changed=0 bytes
[1785312316.728]     *** KERNEL PTR PATTERN: offset=0x60 value=0xffffffff000000d3 ***
[1785312316.728]     *** KERNEL PTR PATTERN: offset=0x61 value=0xffffffffff000000 ***
[1785312316.728]     *** KERNEL PTR PATTERN: offset=0x62 value=0xffffffffffff0000 ***
[1785312316.728]     *** KERNEL PTR PATTERN: offset=0x59 value=0xffffff000000d300 ***
[1785312316.728]     *** KERNEL PTR PATTERN: offset=0x63 value=0xffffffffffffff00 ***
[1785312316.728]     *** KERNEL PTR PATTERN: offset=0x60 value=0xffffffff000000d3 ***
[1785312316.728]     *** KERNEL PTR PATTERN: offset=0x61 value=0xffffffffff000000 ***
[1785312316.728]     *** KERNEL PTR PATTERN: offset=0x62 value=0xffffffffffff0000 ***
[1785312316.728]     *** KERNEL PTR PATTERN: offset=0x59 value=0xffffff000000d300 ***
[1785312316.728]     *** KERNEL PTR PATTERN: offset=0x63 value=0xffffffffffffff00 ***
[1785312316.730]     ZONE FREE-PATTERN at +0x40: 0x7fffffffffffffff
[1785312316.730]   [iter 298] close=0x0 kernPtrs=10 freePatterns=1 changed=0 bytes
[1785312316.730]     *** KERNEL PTR PATTERN: offset=0x60 value=0xffffffff000000d3 ***
[1785312316.730]     *** KERNEL PTR PATTERN: offset=0x61 value=0xffffffffff000000 ***
[1785312316.730]     *** KERNEL PTR PATTERN: offset=0x62 value=0xffffffffffff0000 ***
[1785312316.730]     *** KERNEL PTR PATTERN: offset=0x59 value=0xffffff000000d300 ***
[1785312316.730]     *** KERNEL PTR PATTERN: offset=0x63 value=0xffffffffffffff00 ***
[1785312316.730]     *** KERNEL PTR PATTERN: offset=0x60 value=0xffffffff000000d3 ***
[1785312316.730]     *** KERNEL PTR PATTERN: offset=0x61 value=0xffffffffff000000 ***
[1785312316.730]     *** KERNEL PTR PATTERN: offset=0x62 value=0xffffffffffff0000 ***
[1785312316.730]     *** KERNEL PTR PATTERN: offset=0x59 value=0xffffff000000d300 ***
[1785312316.730]     *** KERNEL PTR PATTERN: offset=0x63 value=0xffffffffffffff00 ***
[1785312316.732]     ZONE FREE-PATTERN at +0x40: 0x7fffffffffffffff
[1785312316.732]   [iter 299] close=0x0 kernPtrs=10 freePatterns=1 changed=0 bytes
[1785312316.732]     *** KERNEL PTR PATTERN: offset=0x60 value=0xffffffff000000d3 ***
[1785312316.732]     *** KERNEL PTR PATTERN: offset=0x61 value=0xffffffffff000000 ***
[1785312316.732]     *** KERNEL PTR PATTERN: offset=0x62 value=0xffffffffffff0000 ***
[1785312316.732]     *** KERNEL PTR PATTERN: offset=0x59 value=0xffffff000000d300 ***
[1785312316.732]     *** KERNEL PTR PATTERN: offset=0x63 value=0xffffffffffffff00 ***
[1785312316.732]     *** KERNEL PTR PATTERN: offset=0x60 value=0xffffffff000000d3 ***
[1785312316.732]     *** KERNEL PTR PATTERN: offset=0x61 value=0xffffffffff000000 ***
[1785312316.732]     *** KERNEL PTR PATTERN: offset=0x62 value=0xffffffffffff0000 ***
[1785312316.732]     *** KERNEL PTR PATTERN: offset=0x59 value=0xffffff000000d300 ***
[1785312316.733]     *** KERNEL PTR PATTERN: offset=0x63 value=0xffffffffffffff00 ***
[1785312316.734]     ZONE FREE-PATTERN at +0x40: 0x7fffffffffffffff
[1785312316.734]   [iter 300] close=0x0 kernPtrs=10 freePatterns=1 changed=0 bytes
[1785312316.734]     *** KERNEL PTR PATTERN: offset=0x60 value=0xffffffff000000d3 ***
[1785312316.734]     *** KERNEL PTR PATTERN: offset=0x61 value=0xffffffffff000000 ***
[1785312316.734]     *** KERNEL PTR PATTERN: offset=0x62 value=0xffffffffffff0000 ***
[1785312316.734]     *** KERNEL PTR PATTERN: offset=0x59 value=0xffffff000000d300 ***
[1785312316.734]     *** KERNEL PTR PATTERN: offset=0x63 value=0xffffffffffffff00 ***
[1785312316.734]     *** KERNEL PTR PATTERN: offset=0x60 value=0xffffffff000000d3 ***
[1785312316.734]     *** KERNEL PTR PATTERN: offset=0x61 value=0xffffffffff000000 ***
[1785312316.734]     *** KERNEL PTR PATTERN: offset=0x62 value=0xffffffffffff0000 ***
[1785312316.734]     *** KERNEL PTR PATTERN: offset=0x59 value=0xffffff000000d300 ***
[1785312316.734]     *** KERNEL PTR PATTERN: offset=0x63 value=0xffffffffffffff00 ***
[1785312316.735]     ZONE FREE-PATTERN at +0x40: 0x7fffffffffffffff
[1785312316.735]   [iter 301] close=0x0 kernPtrs=10 freePatterns=1 changed=0 bytes
[1785312316.735]     *** KERNEL PTR PATTERN: offset=0x60 value=0xffffffff000000d3 ***
[1785312316.735]     *** KERNEL PTR PATTERN: offset=0x61 value=0xffffffffff000000 ***
[1785312316.735]     *** KERNEL PTR PATTERN: offset=0x62 value=0xffffffffffff0000 ***
[1785312316.736]     *** KERNEL PTR PATTERN: offset=0x59 value=0xffffff000000d300 ***
[1785312316.736]     *** KERNEL PTR PATTERN: offset=0x63 value=0xffffffffffffff00 ***
[1785312316.736]     *** KERNEL PTR PATTERN: offset=0x60 value=0xffffffff000000d3 ***
[1785312316.736]     *** KERNEL PTR PATTERN: offset=0x61 value=0xffffffffff000000 ***
[1785312316.736]     *** KERNEL PTR PATTERN: offset=0x62 value=0xffffffffffff0000 ***
[1785312316.736]     *** KERNEL PTR PATTERN: offset=0x59 value=0xffffff000000d300 ***
[1785312316.736]     *** KERNEL PTR PATTERN: offset=0x63 value=0xffffffffffffff00 ***
[1785312316.737]     ZONE FREE-PATTERN at +0x40: 0x7fffffffffffffff
[1785312316.737]   [iter 302] close=0x0 kernPtrs=10 freePatterns=1 changed=0 bytes
[1785312316.737]     *** KERNEL PTR PATTERN: offset=0x60 value=0xffffffff000000d3 ***
[1785312316.737]     *** KERNEL PTR PATTERN: offset=0x61 value=0xffffffffff000000 ***
[1785312316.737]     *** KERNEL PTR PATTERN: offset=0x62 value=0xffffffffffff0000 ***
[1785312316.737]     *** KERNEL PTR PATTERN: offset=0x59 value=0xffffff000000d300 ***
[1785312316.737]     *** KERNEL PTR PATTERN: offset=0x63 value=0xffffffffffffff00 ***
[1785312316.737]     *** KERNEL PTR PATTERN: offset=0x60 value=0xffffffff000000d3 ***
[1785312316.737]     *** KERNEL PTR PATTERN: offset=0x61 value=0xffffffffff000000 ***
[1785312316.738]     *** KERNEL PTR PATTERN: offset=0x62 value=0xffffffffffff0000 ***
[1785312316.738]     *** KERNEL PTR PATTERN: offset=0x59 value=0xffffff000000d300 ***
[1785312316.738]     *** KERNEL PTR PATTERN: offset=0x63 value=0xffffffffffffff00 ***
[1785312316.739]     ZONE FREE-PATTERN at +0x40: 0x7fffffffffffffff
[1785312316.739]   [iter 303] close=0x0 kernPtrs=10 freePatterns=1 changed=0 bytes
[1785312316.739]     *** KERNEL PTR PATTERN: offset=0x60 value=0xffffffff000000d3 ***
[1785312316.739]     *** KERNEL PTR PATTERN: offset=0x61 value=0xffffffffff000000 ***
[1785312316.739]     *** KERNEL PTR PATTERN: offset=0x62 value=0xffffffffffff0000 ***
[1785312316.739]     *** KERNEL PTR PATTERN: offset=0x59 value=0xffffff000000d300 ***
[1785312316.739]     *** KERNEL PTR PATTERN: offset=0x63 value=0xffffffffffffff00 ***
[1785312316.739]     *** KERNEL PTR PATTERN: offset=0x60 value=0xffffffff000000d3 ***
[1785312316.739]     *** KERNEL PTR PATTERN: offset=0x61 value=0xffffffffff000000 ***
[1785312316.739]     *** KERNEL PTR PATTERN: offset=0x62 value=0xffffffffffff0000 ***
[1785312316.739]     *** KERNEL PTR PATTERN: offset=0x59 value=0xffffff000000d300 ***
[1785312316.739]     *** KERNEL PTR PATTERN: offset=0x63 value=0xffffffffffffff00 ***
[1785312316.741]     ZONE FREE-PATTERN at +0x40: 0x7fffffffffffffff
[1785312316.741]   [iter 304] close=0x0 kernPtrs=10 freePatterns=1 changed=0 bytes
[1785312316.741]     *** KERNEL PTR PATTERN: offset=0x60 value=0xffffffff000000d3 ***
[1785312316.741]     *** KERNEL PTR PATTERN: offset=0x61 value=0xffffffffff000000 ***
[1785312316.741]     *** KERNEL PTR PATTERN: offset=0x62 value=0xffffffffffff0000 ***
[1785312316.741]     *** KERNEL PTR PATTERN: offset=0x59 value=0xffffff000000d300 ***
[1785312316.742]     *** KERNEL PTR PATTERN: offset=0x63 value=0xffffffffffffff00 ***
[1785312316.742]     *** KERNEL PTR PATTERN: offset=0x60 value=0xffffffff000000d3 ***
[1785312316.742]     *** KERNEL PTR PATTERN: offset=0x61 value=0xffffffffff000000 ***
[1785312316.742]     *** KERNEL PTR PATTERN: offset=0x62 value=0xffffffffffff0000 ***
[1785312316.742]     *** KERNEL PTR PATTERN: offset=0x59 value=0xffffff000000d300 ***
[1785312316.742]     *** KERNEL PTR PATTERN: offset=0x63 value=0xffffffffffffff00 ***
[1785312316.743]     ZONE FREE-PATTERN at +0x40: 0x7fffffffffffffff
[1785312316.743]   [iter 305] close=0x0 kernPtrs=10 freePatterns=1 changed=0 bytes
[1785312316.743]     *** KERNEL PTR PATTERN: offset=0x60 value=0xffffffff000000d3 ***
[1785312316.743]     *** KERNEL PTR PATTERN: offset=0x61 value=0xffffffffff000000 ***
[1785312316.743]     *** KERNEL PTR PATTERN: offset=0x62 value=0xffffffffffff0000 ***
[1785312316.743]     *** KERNEL PTR PATTERN: offset=0x59 value=0xffffff000000d300 ***
[1785312316.743]     *** KERNEL PTR PATTERN: offset=0x63 value=0xffffffffffffff00 ***
[1785312316.743]     *** KERNEL PTR PATTERN: offset=0x60 value=0xffffffff000000d3 ***
[1785312316.743]     *** KERNEL PTR PATTERN: offset=0x61 value=0xffffffffff000000 ***
[1785312316.743]     *** KERNEL PTR PATTERN: offset=0x62 value=0xffffffffffff0000 ***
[1785312316.743]     *** KERNEL PTR PATTERN: offset=0x59 value=0xffffff000000d300 ***
[1785312316.744]     *** KERNEL PTR PATTERN: offset=0x63 value=0xffffffffffffff00 ***
[1785312316.745]     ZONE FREE-PATTERN at +0x40: 0x7fffffffffffffff
[1785312316.745]   [iter 306] close=0x0 kernPtrs=10 freePatterns=1 changed=0 bytes
[1785312316.745]     *** KERNEL PTR PATTERN: offset=0x60 value=0xffffffff000000d3 ***
[1785312316.745]     *** KERNEL PTR PATTERN: offset=0x61 value=0xffffffffff000000 ***
[1785312316.745]     *** KERNEL PTR PATTERN: offset=0x62 value=0xffffffffffff0000 ***
[1785312316.745]     *** KERNEL PTR PATTERN: offset=0x59 value=0xffffff000000d300 ***
[1785312316.745]     *** KERNEL PTR PATTERN: offset=0x63 value=0xffffffffffffff00 ***
[1785312316.745]     *** KERNEL PTR PATTERN: offset=0x60 value=0xffffffff000000d3 ***
[1785312316.745]     *** KERNEL PTR PATTERN: offset=0x61 value=0xffffffffff000000 ***
[1785312316.745]     *** KERNEL PTR PATTERN: offset=0x62 value=0xffffffffffff0000 ***
[1785312316.745]     *** KERNEL PTR PATTERN: offset=0x59 value=0xffffff000000d300 ***
[1785312316.745]     *** KERNEL PTR PATTERN: offset=0x63 value=0xffffffffffffff00 ***
[1785312316.747]     ZONE FREE-PATTERN at +0x40: 0x7fffffffffffffff
[1785312316.747]   [iter 307] close=0x0 kernPtrs=10 freePatterns=1 changed=0 bytes
[1785312316.747]     *** KERNEL PTR PATTERN: offset=0x60 value=0xffffffff000000d3 ***
[1785312316.747]     *** KERNEL PTR PATTERN: offset=0x61 value=0xffffffffff000000 ***
[1785312316.747]     *** KERNEL PTR PATTERN: offset=0x62 value=0xffffffffffff0000 ***
[1785312316.747]     *** KERNEL PTR PATTERN: offset=0x59 value=0xffffff000000d300 ***
[1785312316.747]     *** KERNEL PTR PATTERN: offset=0x63 value=0xffffffffffffff00 ***
[1785312316.747]     *** KERNEL PTR PATTERN: offset=0x60 value=0xffffffff000000d3 ***
[1785312316.748]     *** KERNEL PTR PATTERN: offset=0x61 value=0xffffffffff000000 ***
[1785312316.748]     *** KERNEL PTR PATTERN: offset=0x62 value=0xffffffffffff0000 ***
[1785312316.748]     *** KERNEL PTR PATTERN: offset=0x59 value=0xffffff000000d300 ***
[1785312316.748]     *** KERNEL PTR PATTERN: offset=0x63 value=0xffffffffffffff00 ***
[1785312316.749]     ZONE FREE-PATTERN at +0x40: 0x7fffffffffffffff
[1785312316.749]   [iter 308] close=0x0 kernPtrs=10 freePatterns=1 changed=0 bytes
[1785312316.749]     *** KERNEL PTR PATTERN: offset=0x60 value=0xffffffff000000d3 ***
[1785312316.749]     *** KERNEL PTR PATTERN: offset=0x61 value=0xffffffffff000000 ***
[1785312316.749]     *** KERNEL PTR PATTERN: offset=0x62 value=0xffffffffffff0000 ***
[1785312316.749]     *** KERNEL PTR PATTERN: offset=0x59 value=0xffffff000000d300 ***
[1785312316.749]     *** KERNEL PTR PATTERN: offset=0x63 value=0xffffffffffffff00 ***
[1785312316.750]     *** KERNEL PTR PATTERN: offset=0x60 value=0xffffffff000000d3 ***
[1785312316.750]     *** KERNEL PTR PATTERN: offset=0x61 value=0xffffffffff000000 ***
[1785312316.750]     *** KERNEL PTR PATTERN: offset=0x62 value=0xffffffffffff0000 ***
[1785312316.750]     *** KERNEL PTR PATTERN: offset=0x59 value=0xffffff000000d300 ***
[1785312316.750]     *** KERNEL PTR PATTERN: offset=0x63 value=0xffffffffffffff00 ***
[1785312316.752]     ZONE FREE-PATTERN at +0x40: 0x7fffffffffffffff
[1785312316.752]   [iter 309] close=0x0 kernPtrs=10 freePatterns=1 changed=0 bytes
[1785312316.752]     *** KERNEL PTR PATTERN: offset=0x60 value=0xffffffff000000d3 ***
[1785312316.752]     *** KERNEL PTR PATTERN: offset=0x61 value=0xffffffffff000000 ***
[1785312316.752]     *** KERNEL PTR PATTERN: offset=0x62 value=0xffffffffffff0000 ***
[1785312316.752]     *** KERNEL PTR PATTERN: offset=0x59 value=0xffffff000000d300 ***
[1785312316.752]     *** KERNEL PTR PATTERN: offset=0x63 value=0xffffffffffffff00 ***
[1785312316.752]     *** KERNEL PTR PATTERN: offset=0x60 value=0xffffffff000000d3 ***
[1785312316.752]     *** KERNEL PTR PATTERN: offset=0x61 value=0xffffffffff000000 ***
[1785312316.752]     *** KERNEL PTR PATTERN: offset=0x62 value=0xffffffffffff0000 ***
[1785312316.752]     *** KERNEL PTR PATTERN: offset=0x59 value=0xffffff000000d300 ***
[1785312316.752]     *** KERNEL PTR PATTERN: offset=0x63 value=0xffffffffffffff00 ***
[1785312316.754]     ZONE FREE-PATTERN at +0x40: 0x7fffffffffffffff
[1785312316.754]   [iter 310] close=0x0 kernPtrs=10 freePatterns=1 changed=0 bytes
[1785312316.754]     *** KERNEL PTR PATTERN: offset=0x60 value=0xffffffff000000d3 ***
[1785312316.754]     *** KERNEL PTR PATTERN: offset=0x61 value=0xffffffffff000000 ***
[1785312316.754]     *** KERNEL PTR PATTERN: offset=0x62 value=0xffffffffffff0000 ***
[1785312316.754]     *** KERNEL PTR PATTERN: offset=0x59 value=0xffffff000000d300 ***
[1785312316.754]     *** KERNEL PTR PATTERN: offset=0x63 value=0xffffffffffffff00 ***
[1785312316.754]     *** KERNEL PTR PATTERN: offset=0x60 value=0xffffffff000000d3 ***
[1785312316.754]     *** KERNEL PTR PATTERN: offset=0x61 value=0xffffffffff000000 ***
[1785312316.754]     *** KERNEL PTR PATTERN: offset=0x62 value=0xffffffffffff0000 ***
[1785312316.754]     *** KERNEL PTR PATTERN: offset=0x59 value=0xffffff000000d300 ***
[1785312316.754]     *** KERNEL PTR PATTERN: offset=0x63 value=0xffffffffffffff00 ***
[1785312316.756]     ZONE FREE-PATTERN at +0x40: 0x7fffffffffffffff
[1785312316.756]   [iter 311] close=0x0 kernPtrs=10 freePatterns=1 changed=0 bytes
[1785312316.756]     *** KERNEL PTR PATTERN: offset=0x60 value=0xffffffff000000d3 ***
[1785312316.756]     *** KERNEL PTR PATTERN: offset=0x61 value=0xffffffffff000000 ***
[1785312316.756]     *** KERNEL PTR PATTERN: offset=0x62 value=0xffffffffffff0000 ***
[1785312316.756]     *** KERNEL PTR PATTERN: offset=0x59 value=0xffffff000000d300 ***
[1785312316.756]     *** KERNEL PTR PATTERN: offset=0x63 value=0xffffffffffffff00 ***
[1785312316.756]     *** KERNEL PTR PATTERN: offset=0x60 value=0xffffffff000000d3 ***
[1785312316.756]     *** KERNEL PTR PATTERN: offset=0x61 value=0xffffffffff000000 ***
[1785312316.756]     *** KERNEL PTR PATTERN: offset=0x62 value=0xffffffffffff0000 ***
[1785312316.756]     *** KERNEL PTR PATTERN: offset=0x59 value=0xffffff000000d300 ***
[1785312316.756]     *** KERNEL PTR PATTERN: offset=0x63 value=0xffffffffffffff00 ***
[1785312316.758]     ZONE FREE-PATTERN at +0x40: 0x7fffffffffffffff
[1785312316.758]   [iter 312] close=0x0 kernPtrs=10 freePatterns=1 changed=0 bytes
[1785312316.758]     *** KERNEL PTR PATTERN: offset=0x60 value=0xffffffff000000d3 ***
[1785312316.758]     *** KERNEL PTR PATTERN: offset=0x61 value=0xffffffffff000000 ***
[1785312316.758]     *** KERNEL PTR PATTERN: offset=0x62 value=0xffffffffffff0000 ***
[1785312316.758]     *** KERNEL PTR PATTERN: offset=0x59 value=0xffffff000000d300 ***
[1785312316.758]     *** KERNEL PTR PATTERN: offset=0x63 value=0xffffffffffffff00 ***
[1785312316.758]     *** KERNEL PTR PATTERN: offset=0x60 value=0xffffffff000000d3 ***
[1785312316.758]     *** KERNEL PTR PATTERN: offset=0x61 value=0xffffffffff000000 ***
[1785312316.758]     *** KERNEL PTR PATTERN: offset=0x62 value=0xffffffffffff0000 ***
[1785312316.758]     *** KERNEL PTR PATTERN: offset=0x59 value=0xffffff000000d300 ***
[1785312316.758]     *** KERNEL PTR PATTERN: offset=0x63 value=0xffffffffffffff00 ***
[1785312316.759]     ZONE FREE-PATTERN at +0x40: 0x7fffffffffffffff
[1785312316.759]   [iter 313] close=0x0 kernPtrs=10 freePatterns=1 changed=0 bytes
[1785312316.759]     *** KERNEL PTR PATTERN: offset=0x60 value=0xffffffff000000d3 ***
[1785312316.759]     *** KERNEL PTR PATTERN: offset=0x61 value=0xffffffffff000000 ***
[1785312316.759]     *** KERNEL PTR PATTERN: offset=0x62 value=0xffffffffffff0000 ***
[1785312316.760]     *** KERNEL PTR PATTERN: offset=0x59 value=0xffffff000000d300 ***
[1785312316.760]     *** KERNEL PTR PATTERN: offset=0x63 value=0xffffffffffffff00 ***
[1785312316.760]     *** KERNEL PTR PATTERN: offset=0x60 value=0xffffffff000000d3 ***
[1785312316.760]     *** KERNEL PTR PATTERN: offset=0x61 value=0xffffffffff000000 ***
[1785312316.760]     *** KERNEL PTR PATTERN: offset=0x62 value=0xffffffffffff0000 ***
[1785312316.760]     *** KERNEL PTR PATTERN: offset=0x59 value=0xffffff000000d300 ***
[1785312316.760]     *** KERNEL PTR PATTERN: offset=0x63 value=0xffffffffffffff00 ***
[1785312316.762]     ZONE FREE-PATTERN at +0x40: 0x7fffffffffffffff
[1785312316.762]   [iter 314] close=0x0 kernPtrs=10 freePatterns=1 changed=0 bytes
[1785312316.762]     *** KERNEL PTR PATTERN: offset=0x60 value=0xffffffff000000d3 ***
[1785312316.762]     *** KERNEL PTR PATTERN: offset=0x61 value=0xffffffffff000000 ***
[1785312316.762]     *** KERNEL PTR PATTERN: offset=0x62 value=0xffffffffffff0000 ***
[1785312316.762]     *** KERNEL PTR PATTERN: offset=0x59 value=0xffffff000000d300 ***
[1785312316.762]     *** KERNEL PTR PATTERN: offset=0x63 value=0xffffffffffffff00 ***
[1785312316.762]     *** KERNEL PTR PATTERN: offset=0x60 value=0xffffffff000000d3 ***
[1785312316.762]     *** KERNEL PTR PATTERN: offset=0x61 value=0xffffffffff000000 ***
[1785312316.762]     *** KERNEL PTR PATTERN: offset=0x62 value=0xffffffffffff0000 ***
[1785312316.762]     *** KERNEL PTR PATTERN: offset=0x59 value=0xffffff000000d300 ***
[1785312316.762]     *** KERNEL PTR PATTERN: offset=0x63 value=0xffffffffffffff00 ***
[1785312316.763]     ZONE FREE-PATTERN at +0x40: 0x7fffffffffffffff
[1785312316.763]   [iter 315] close=0x0 kernPtrs=10 freePatterns=1 changed=0 bytes
[1785312316.764]     *** KERNEL PTR PATTERN: offset=0x60 value=0xffffffff000000d3 ***
[1785312316.764]     *** KERNEL PTR PATTERN: offset=0x61 value=0xffffffffff000000 ***
[1785312316.764]     *** KERNEL PTR PATTERN: offset=0x62 value=0xffffffffffff0000 ***
[1785312316.764]     *** KERNEL PTR PATTERN: offset=0x59 value=0xffffff000000d300 ***
[1785312316.764]     *** KERNEL PTR PATTERN: offset=0x63 value=0xffffffffffffff00 ***
[1785312316.764]     *** KERNEL PTR PATTERN: offset=0x60 value=0xffffffff000000d3 ***
[1785312316.764]     *** KERNEL PTR PATTERN: offset=0x61 value=0xffffffffff000000 ***
[1785312316.764]     *** KERNEL PTR PATTERN: offset=0x62 value=0xffffffffffff0000 ***
[1785312316.764]     *** KERNEL PTR PATTERN: offset=0x59 value=0xffffff000000d300 ***
[1785312316.764]     *** KERNEL PTR PATTERN: offset=0x63 value=0xffffffffffffff00 ***
[1785312316.765]     ZONE FREE-PATTERN at +0x40: 0x7fffffffffffffff
[1785312316.765]   [iter 316] close=0x0 kernPtrs=10 freePatterns=1 changed=0 bytes
[1785312316.765]     *** KERNEL PTR PATTERN: offset=0x60 value=0xffffffff000000d3 ***
[1785312316.765]     *** KERNEL PTR PATTERN: offset=0x61 value=0xffffffffff000000 ***
[1785312316.765]     *** KERNEL PTR PATTERN: offset=0x62 value=0xffffffffffff0000 ***
[1785312316.765]     *** KERNEL PTR PATTERN: offset=0x59 value=0xffffff000000d300 ***
[1785312316.765]     *** KERNEL PTR PATTERN: offset=0x63 value=0xffffffffffffff00 ***
[1785312316.765]     *** KERNEL PTR PATTERN: offset=0x60 value=0xffffffff000000d3 ***
[1785312316.765]     *** KERNEL PTR PATTERN: offset=0x61 value=0xffffffffff000000 ***
[1785312316.765]     *** KERNEL PTR PATTERN: offset=0x62 value=0xffffffffffff0000 ***
[1785312316.766]     *** KERNEL PTR PATTERN: offset=0x59 value=0xffffff000000d300 ***
[1785312316.766]     *** KERNEL PTR PATTERN: offset=0x63 value=0xffffffffffffff00 ***
[1785312316.767]     ZONE FREE-PATTERN at +0x40: 0x7fffffffffffffff
[1785312316.767]   [iter 317] close=0x0 kernPtrs=10 freePatterns=1 changed=0 bytes
[1785312316.767]     *** KERNEL PTR PATTERN: offset=0x60 value=0xffffffff000000d3 ***
[1785312316.767]     *** KERNEL PTR PATTERN: offset=0x61 value=0xffffffffff000000 ***
[1785312316.767]     *** KERNEL PTR PATTERN: offset=0x62 value=0xffffffffffff0000 ***
[1785312316.768]     *** KERNEL PTR PATTERN: offset=0x59 value=0xffffff000000d300 ***
[1785312316.768]     *** KERNEL PTR PATTERN: offset=0x63 value=0xffffffffffffff00 ***
[1785312316.768]     *** KERNEL PTR PATTERN: offset=0x60 value=0xffffffff000000d3 ***
[1785312316.768]     *** KERNEL PTR PATTERN: offset=0x61 value=0xffffffffff000000 ***
[1785312316.768]     *** KERNEL PTR PATTERN: offset=0x62 value=0xffffffffffff0000 ***
[1785312316.768]     *** KERNEL PTR PATTERN: offset=0x59 value=0xffffff000000d300 ***
[1785312316.768]     *** KERNEL PTR PATTERN: offset=0x63 value=0xffffffffffffff00 ***
[1785312316.769]     ZONE FREE-PATTERN at +0x40: 0x7fffffffffffffff
[1785312316.769]   [iter 318] close=0x0 kernPtrs=10 freePatterns=1 changed=0 bytes
[1785312316.769]     *** KERNEL PTR PATTERN: offset=0x60 value=0xffffffff000000d3 ***
[1785312316.769]     *** KERNEL PTR PATTERN: offset=0x61 value=0xffffffffff000000 ***
[1785312316.769]     *** KERNEL PTR PATTERN: offset=0x62 value=0xffffffffffff0000 ***
[1785312316.769]     *** KERNEL PTR PATTERN: offset=0x59 value=0xffffff000000d300 ***
[1785312316.769]     *** KERNEL PTR PATTERN: offset=0x63 value=0xffffffffffffff00 ***
[1785312316.769]     *** KERNEL PTR PATTERN: offset=0x60 value=0xffffffff000000d3 ***
[1785312316.769]     *** KERNEL PTR PATTERN: offset=0x61 value=0xffffffffff000000 ***
[1785312316.769]     *** KERNEL PTR PATTERN: offset=0x62 value=0xffffffffffff0000 ***
[1785312316.769]     *** KERNEL PTR PATTERN: offset=0x59 value=0xffffff000000d300 ***
[1785312316.769]     *** KERNEL PTR PATTERN: offset=0x63 value=0xffffffffffffff00 ***
[1785312316.771]     ZONE FREE-PATTERN at +0x40: 0x7fffffffffffffff
[1785312316.771]   [iter 319] close=0x0 kernPtrs=10 freePatterns=1 changed=0 bytes
[1785312316.771]     *** KERNEL PTR PATTERN: offset=0x60 value=0xffffffff000000d3 ***
[1785312316.771]     *** KERNEL PTR PATTERN: offset=0x61 value=0xffffffffff000000 ***
[1785312316.771]     *** KERNEL PTR PATTERN: offset=0x62 value=0xffffffffffff0000 ***
[1785312316.771]     *** KERNEL PTR PATTERN: offset=0x59 value=0xffffff000000d300 ***
[1785312316.771]     *** KERNEL PTR PATTERN: offset=0x63 value=0xffffffffffffff00 ***
[1785312316.771]     *** KERNEL PTR PATTERN: offset=0x60 value=0xffffffff000000d3 ***
[1785312316.771]     *** KERNEL PTR PATTERN: offset=0x61 value=0xffffffffff000000 ***
[1785312316.771]     *** KERNEL PTR PATTERN: offset=0x62 value=0xffffffffffff0000 ***
[1785312316.771]     *** KERNEL PTR PATTERN: offset=0x59 value=0xffffff000000d300 ***
[1785312316.771]     *** KERNEL PTR PATTERN: offset=0x63 value=0xffffffffffffff00 ***
[1785312316.772]     ZONE FREE-PATTERN at +0x40: 0x7fffffffffffffff
[1785312316.772]   [iter 320] close=0x0 kernPtrs=10 freePatterns=1 changed=0 bytes
[1785312316.772]     *** KERNEL PTR PATTERN: offset=0x60 value=0xffffffff000000d3 ***
[1785312316.772]     *** KERNEL PTR PATTERN: offset=0x61 value=0xffffffffff000000 ***
[1785312316.772]     *** KERNEL PTR PATTERN: offset=0x62 value=0xffffffffffff0000 ***
[1785312316.772]     *** KERNEL PTR PATTERN: offset=0x59 value=0xffffff000000d300 ***
[1785312316.773]     *** KERNEL PTR PATTERN: offset=0x63 value=0xffffffffffffff00 ***
[1785312316.773]     *** KERNEL PTR PATTERN: offset=0x60 value=0xffffffff000000d3 ***
[1785312316.773]     *** KERNEL PTR PATTERN: offset=0x61 value=0xffffffffff000000 ***
[1785312316.773]     *** KERNEL PTR PATTERN: offset=0x62 value=0xffffffffffff0000 ***
[1785312316.773]     *** KERNEL PTR PATTERN: offset=0x59 value=0xffffff000000d300 ***
[1785312316.773]     *** KERNEL PTR PATTERN: offset=0x63 value=0xffffffffffffff00 ***
[1785312316.774]     ZONE FREE-PATTERN at +0x40: 0x7fffffffffffffff
[1785312316.774]   [iter 321] close=0x0 kernPtrs=10 freePatterns=1 changed=0 bytes
[1785312316.774]     *** KERNEL PTR PATTERN: offset=0x60 value=0xffffffff000000d3 ***
[1785312316.774]     *** KERNEL PTR PATTERN: offset=0x61 value=0xffffffffff000000 ***
[1785312316.774]     *** KERNEL PTR PATTERN: offset=0x62 value=0xffffffffffff0000 ***
[1785312316.774]     *** KERNEL PTR PATTERN: offset=0x59 value=0xffffff000000d300 ***
[1785312316.774]     *** KERNEL PTR PATTERN: offset=0x63 value=0xffffffffffffff00 ***
[1785312316.774]     *** KERNEL PTR PATTERN: offset=0x60 value=0xffffffff000000d3 ***
[1785312316.774]     *** KERNEL PTR PATTERN: offset=0x61 value=0xffffffffff000000 ***
[1785312316.774]     *** KERNEL PTR PATTERN: offset=0x62 value=0xffffffffffff0000 ***
[1785312316.774]     *** KERNEL PTR PATTERN: offset=0x59 value=0xffffff000000d300 ***
[1785312316.774]     *** KERNEL PTR PATTERN: offset=0x63 value=0xffffffffffffff00 ***
[1785312316.775]     ZONE FREE-PATTERN at +0x40: 0x7fffffffffffffff
[1785312316.775]   [iter 322] close=0x0 kernPtrs=10 freePatterns=1 changed=0 bytes
[1785312316.775]     *** KERNEL PTR PATTERN: offset=0x60 value=0xffffffff000000d3 ***
[1785312316.775]     *** KERNEL PTR PATTERN: offset=0x61 value=0xffffffffff000000 ***
[1785312316.775]     *** KERNEL PTR PATTERN: offset=0x62 value=0xffffffffffff0000 ***
[1785312316.775]     *** KERNEL PTR PATTERN: offset=0x59 value=0xffffff000000d300 ***
[1785312316.776]     *** KERNEL PTR PATTERN: offset=0x63 value=0xffffffffffffff00 ***
[1785312316.776]     *** KERNEL PTR PATTERN: offset=0x60 value=0xffffffff000000d3 ***
[1785312316.776]     *** KERNEL PTR PATTERN: offset=0x61 value=0xffffffffff000000 ***
[1785312316.776]     *** KERNEL PTR PATTERN: offset=0x62 value=0xffffffffffff0000 ***
[1785312316.776]     *** KERNEL PTR PATTERN: offset=0x59 value=0xffffff000000d300 ***
[1785312316.776]     *** KERNEL PTR PATTERN: offset=0x63 value=0xffffffffffffff00 ***
[1785312316.777]     ZONE FREE-PATTERN at +0x40: 0x7fffffffffffffff
[1785312316.777]   [iter 323] close=0x0 kernPtrs=10 freePatterns=1 changed=0 bytes
[1785312316.777]     *** KERNEL PTR PATTERN: offset=0x60 value=0xffffffff000000d3 ***
[1785312316.777]     *** KERNEL PTR PATTERN: offset=0x61 value=0xffffffffff000000 ***
[1785312316.777]     *** KERNEL PTR PATTERN: offset=0x62 value=0xffffffffffff0000 ***
[1785312316.777]     *** KERNEL PTR PATTERN: offset=0x59 value=0xffffff000000d300 ***
[1785312316.777]     *** KERNEL PTR PATTERN: offset=0x63 value=0xffffffffffffff00 ***
[1785312316.777]     *** KERNEL PTR PATTERN: offset=0x60 value=0xffffffff000000d3 ***
[1785312316.778]     *** KERNEL PTR PATTERN: offset=0x61 value=0xffffffffff000000 ***
[1785312316.778]     *** KERNEL PTR PATTERN: offset=0x62 value=0xffffffffffff0000 ***
[1785312316.778]     *** KERNEL PTR PATTERN: offset=0x59 value=0xffffff000000d300 ***
[1785312316.778]     *** KERNEL PTR PATTERN: offset=0x63 value=0xffffffffffffff00 ***
[1785312316.779]     ZONE FREE-PATTERN at +0x40: 0x7fffffffffffffff
[1785312316.779]   [iter 324] close=0x0 kernPtrs=10 freePatterns=1 changed=0 bytes
[1785312316.779]     *** KERNEL PTR PATTERN: offset=0x60 value=0xffffffff000000d3 ***
[1785312316.779]     *** KERNEL PTR PATTERN: offset=0x61 value=0xffffffffff000000 ***
[1785312316.779]     *** KERNEL PTR PATTERN: offset=0x62 value=0xffffffffffff0000 ***
[1785312316.779]     *** KERNEL PTR PATTERN: offset=0x59 value=0xffffff000000d300 ***
[1785312316.779]     *** KERNEL PTR PATTERN: offset=0x63 value=0xffffffffffffff00 ***
[1785312316.779]     *** KERNEL PTR PATTERN: offset=0x60 value=0xffffffff000000d3 ***
[1785312316.779]     *** KERNEL PTR PATTERN: offset=0x61 value=0xffffffffff000000 ***
[1785312316.779]     *** KERNEL PTR PATTERN: offset=0x62 value=0xffffffffffff0000 ***
[1785312316.779]     *** KERNEL PTR PATTERN: offset=0x59 value=0xffffff000000d300 ***
[1785312316.780]     *** KERNEL PTR PATTERN: offset=0x63 value=0xffffffffffffff00 ***
[1785312316.781]     ZONE FREE-PATTERN at +0x40: 0x7fffffffffffffff
[1785312316.781]   [iter 325] close=0x0 kernPtrs=10 freePatterns=1 changed=0 bytes
[1785312316.781]     *** KERNEL PTR PATTERN: offset=0x60 value=0xffffffff000000d3 ***
[1785312316.781]     *** KERNEL PTR PATTERN: offset=0x61 value=0xffffffffff000000 ***
[1785312316.781]     *** KERNEL PTR PATTERN: offset=0x62 value=0xffffffffffff0000 ***
[1785312316.781]     *** KERNEL PTR PATTERN: offset=0x59 value=0xffffff000000d300 ***
[1785312316.781]     *** KERNEL PTR PATTERN: offset=0x63 value=0xffffffffffffff00 ***
[1785312316.781]     *** KERNEL PTR PATTERN: offset=0x60 value=0xffffffff000000d3 ***
[1785312316.781]     *** KERNEL PTR PATTERN: offset=0x61 value=0xffffffffff000000 ***
[1785312316.781]     *** KERNEL PTR PATTERN: offset=0x62 value=0xffffffffffff0000 ***
[1785312316.781]     *** KERNEL PTR PATTERN: offset=0x59 value=0xffffff000000d300 ***
[1785312316.781]     *** KERNEL PTR PATTERN: offset=0x63 value=0xffffffffffffff00 ***
[1785312316.783]     ZONE FREE-PATTERN at +0x40: 0x7fffffffffffffff
[1785312316.783]   [iter 326] close=0x0 kernPtrs=10 freePatterns=1 changed=0 bytes
[1785312316.783]     *** KERNEL PTR PATTERN: offset=0x60 value=0xffffffff000000d3 ***
[1785312316.783]     *** KERNEL PTR PATTERN: offset=0x61 value=0xffffffffff000000 ***
[1785312316.783]     *** KERNEL PTR PATTERN: offset=0x62 value=0xffffffffffff0000 ***
[1785312316.783]     *** KERNEL PTR PATTERN: offset=0x59 value=0xffffff000000d300 ***
[1785312316.783]     *** KERNEL PTR PATTERN: offset=0x63 value=0xffffffffffffff00 ***
[1785312316.783]     *** KERNEL PTR PATTERN: offset=0x60 value=0xffffffff000000d3 ***
[1785312316.783]     *** KERNEL PTR PATTERN: offset=0x61 value=0xffffffffff000000 ***
[1785312316.783]     *** KERNEL PTR PATTERN: offset=0x62 value=0xffffffffffff0000 ***
[1785312316.783]     *** KERNEL PTR PATTERN: offset=0x59 value=0xffffff000000d300 ***
[1785312316.783]     *** KERNEL PTR PATTERN: offset=0x63 value=0xffffffffffffff00 ***
[1785312316.784]     ZONE FREE-PATTERN at +0x40: 0x7fffffffffffffff
[1785312316.784]   [iter 327] close=0x0 kernPtrs=10 freePatterns=1 changed=0 bytes
[1785312316.784]     *** KERNEL PTR PATTERN: offset=0x60 value=0xffffffff000000d3 ***
[1785312316.784]     *** KERNEL PTR PATTERN: offset=0x61 value=0xffffffffff000000 ***
[1785312316.785]     *** KERNEL PTR PATTERN: offset=0x62 value=0xffffffffffff0000 ***
[1785312316.785]     *** KERNEL PTR PATTERN: offset=0x59 value=0xffffff000000d300 ***
[1785312316.785]     *** KERNEL PTR PATTERN: offset=0x63 value=0xffffffffffffff00 ***
[1785312316.785]     *** KERNEL PTR PATTERN: offset=0x60 value=0xffffffff000000d3 ***
[1785312316.785]     *** KERNEL PTR PATTERN: offset=0x61 value=0xffffffffff000000 ***
[1785312316.785]     *** KERNEL PTR PATTERN: offset=0x62 value=0xffffffffffff0000 ***
[1785312316.785]     *** KERNEL PTR PATTERN: offset=0x59 value=0xffffff000000d300 ***
[1785312316.785]     *** KERNEL PTR PATTERN: offset=0x63 value=0xffffffffffffff00 ***
[1785312316.787]     ZONE FREE-PATTERN at +0x40: 0x7fffffffffffffff
[1785312316.787]   [iter 328] close=0x0 kernPtrs=10 freePatterns=1 changed=0 bytes
[1785312316.787]     *** KERNEL PTR PATTERN: offset=0x60 value=0xffffffff000000d3 ***
[1785312316.787]     *** KERNEL PTR PATTERN: offset=0x61 value=0xffffffffff000000 ***
[1785312316.787]     *** KERNEL PTR PATTERN: offset=0x62 value=0xffffffffffff0000 ***
[1785312316.787]     *** KERNEL PTR PATTERN: offset=0x59 value=0xffffff000000d300 ***
[1785312316.787]     *** KERNEL PTR PATTERN: offset=0x63 value=0xffffffffffffff00 ***
[1785312316.787]     *** KERNEL PTR PATTERN: offset=0x60 value=0xffffffff000000d3 ***
[1785312316.787]     *** KERNEL PTR PATTERN: offset=0x61 value=0xffffffffff000000 ***
[1785312316.787]     *** KERNEL PTR PATTERN: offset=0x62 value=0xffffffffffff0000 ***
[1785312316.787]     *** KERNEL PTR PATTERN: offset=0x59 value=0xffffff000000d300 ***
[1785312316.787]     *** KERNEL PTR PATTERN: offset=0x63 value=0xffffffffffffff00 ***
[1785312316.789]     ZONE FREE-PATTERN at +0x40: 0x7fffffffffffffff
[1785312316.789]   [iter 329] close=0x0 kernPtrs=10 freePatterns=1 changed=0 bytes
[1785312316.789]     *** KERNEL PTR PATTERN: offset=0x60 value=0xffffffff000000d3 ***
[1785312316.789]     *** KERNEL PTR PATTERN: offset=0x61 value=0xffffffffff000000 ***
[1785312316.789]     *** KERNEL PTR PATTERN: offset=0x62 value=0xffffffffffff0000 ***
[1785312316.789]     *** KERNEL PTR PATTERN: offset=0x59 value=0xffffff000000d300 ***
[1785312316.789]     *** KERNEL PTR PATTERN: offset=0x63 value=0xffffffffffffff00 ***
[1785312316.789]     *** KERNEL PTR PATTERN: offset=0x60 value=0xffffffff000000d3 ***
[1785312316.789]     *** KERNEL PTR PATTERN: offset=0x61 value=0xffffffffff000000 ***
[1785312316.789]     *** KERNEL PTR PATTERN: offset=0x62 value=0xffffffffffff0000 ***
[1785312316.789]     *** KERNEL PTR PATTERN: offset=0x59 value=0xffffff000000d300 ***
[1785312316.789]     *** KERNEL PTR PATTERN: offset=0x63 value=0xffffffffffffff00 ***
[1785312316.790]     ZONE FREE-PATTERN at +0x40: 0x7fffffffffffffff
[1785312316.790]   [iter 330] close=0x0 kernPtrs=10 freePatterns=1 changed=0 bytes
[1785312316.791]     *** KERNEL PTR PATTERN: offset=0x60 value=0xffffffff000000d3 ***
[1785312316.791]     *** KERNEL PTR PATTERN: offset=0x61 value=0xffffffffff000000 ***
[1785312316.791]     *** KERNEL PTR PATTERN: offset=0x62 value=0xffffffffffff0000 ***
[1785312316.791]     *** KERNEL PTR PATTERN: offset=0x59 value=0xffffff000000d300 ***
[1785312316.791]     *** KERNEL PTR PATTERN: offset=0x63 value=0xffffffffffffff00 ***
[1785312316.791]     *** KERNEL PTR PATTERN: offset=0x60 value=0xffffffff000000d3 ***
[1785312316.791]     *** KERNEL PTR PATTERN: offset=0x61 value=0xffffffffff000000 ***
[1785312316.791]     *** KERNEL PTR PATTERN: offset=0x62 value=0xffffffffffff0000 ***
[1785312316.791]     *** KERNEL PTR PATTERN: offset=0x59 value=0xffffff000000d300 ***
[1785312316.791]     *** KERNEL PTR PATTERN: offset=0x63 value=0xffffffffffffff00 ***
[1785312316.792]     ZONE FREE-PATTERN at +0x40: 0x7fffffffffffffff
[1785312316.793]   [iter 331] close=0x0 kernPtrs=10 freePatterns=1 changed=0 bytes
[1785312316.793]     *** KERNEL PTR PATTERN: offset=0x60 value=0xffffffff000000d3 ***
[1785312316.793]     *** KERNEL PTR PATTERN: offset=0x61 value=0xffffffffff000000 ***
[1785312316.793]     *** KERNEL PTR PATTERN: offset=0x62 value=0xffffffffffff0000 ***
[1785312316.793]     *** KERNEL PTR PATTERN: offset=0x59 value=0xffffff000000d300 ***
[1785312316.793]     *** KERNEL PTR PATTERN: offset=0x63 value=0xffffffffffffff00 ***
[1785312316.793]     *** KERNEL PTR PATTERN: offset=0x60 value=0xffffffff000000d3 ***
[1785312316.793]     *** KERNEL PTR PATTERN: offset=0x61 value=0xffffffffff000000 ***
[1785312316.793]     *** KERNEL PTR PATTERN: offset=0x62 value=0xffffffffffff0000 ***
[1785312316.793]     *** KERNEL PTR PATTERN: offset=0x59 value=0xffffff000000d300 ***
[1785312316.793]     *** KERNEL PTR PATTERN: offset=0x63 value=0xffffffffffffff00 ***
[1785312316.794]     ZONE FREE-PATTERN at +0x40: 0x7fffffffffffffff
[1785312316.794]   [iter 332] close=0x0 kernPtrs=10 freePatterns=1 changed=0 bytes
[1785312316.794]     *** KERNEL PTR PATTERN: offset=0x60 value=0xffffffff000000d3 ***
[1785312316.794]     *** KERNEL PTR PATTERN: offset=0x61 value=0xffffffffff000000 ***
[1785312316.795]     *** KERNEL PTR PATTERN: offset=0x62 value=0xffffffffffff0000 ***
[1785312316.795]     *** KERNEL PTR PATTERN: offset=0x59 value=0xffffff000000d300 ***
[1785312316.795]     *** KERNEL PTR PATTERN: offset=0x63 value=0xffffffffffffff00 ***
[1785312316.795]     *** KERNEL PTR PATTERN: offset=0x60 value=0xffffffff000000d3 ***
[1785312316.795]     *** KERNEL PTR PATTERN: offset=0x61 value=0xffffffffff000000 ***
[1785312316.795]     *** KERNEL PTR PATTERN: offset=0x62 value=0xffffffffffff0000 ***
[1785312316.795]     *** KERNEL PTR PATTERN: offset=0x59 value=0xffffff000000d300 ***
[1785312316.795]     *** KERNEL PTR PATTERN: offset=0x63 value=0xffffffffffffff00 ***
[1785312316.796]     ZONE FREE-PATTERN at +0x40: 0x7fffffffffffffff
[1785312316.796]   [iter 333] close=0x0 kernPtrs=10 freePatterns=1 changed=0 bytes
[1785312316.796]     *** KERNEL PTR PATTERN: offset=0x60 value=0xffffffff000000d3 ***
[1785312316.796]     *** KERNEL PTR PATTERN: offset=0x61 value=0xffffffffff000000 ***
[1785312316.796]     *** KERNEL PTR PATTERN: offset=0x62 value=0xffffffffffff0000 ***
[1785312316.797]     *** KERNEL PTR PATTERN: offset=0x59 value=0xffffff000000d300 ***
[1785312316.797]     *** KERNEL PTR PATTERN: offset=0x63 value=0xffffffffffffff00 ***
[1785312316.797]     *** KERNEL PTR PATTERN: offset=0x60 value=0xffffffff000000d3 ***
[1785312316.797]     *** KERNEL PTR PATTERN: offset=0x61 value=0xffffffffff000000 ***
[1785312316.797]     *** KERNEL PTR PATTERN: offset=0x62 value=0xffffffffffff0000 ***
[1785312316.797]     *** KERNEL PTR PATTERN: offset=0x59 value=0xffffff000000d300 ***
[1785312316.797]     *** KERNEL PTR PATTERN: offset=0x63 value=0xffffffffffffff00 ***
[1785312316.798]     ZONE FREE-PATTERN at +0x40: 0x7fffffffffffffff
[1785312316.798]   [iter 334] close=0x0 kernPtrs=10 freePatterns=1 changed=0 bytes
[1785312316.798]     *** KERNEL PTR PATTERN: offset=0x60 value=0xffffffff000000d3 ***
[1785312316.798]     *** KERNEL PTR PATTERN: offset=0x61 value=0xffffffffff000000 ***
[1785312316.798]     *** KERNEL PTR PATTERN: offset=0x62 value=0xffffffffffff0000 ***
[1785312316.798]     *** KERNEL PTR PATTERN: offset=0x59 value=0xffffff000000d300 ***
[1785312316.798]     *** KERNEL PTR PATTERN: offset=0x63 value=0xffffffffffffff00 ***
[1785312316.799]     *** KERNEL PTR PATTERN: offset=0x60 value=0xffffffff000000d3 ***
[1785312316.799]     *** KERNEL PTR PATTERN: offset=0x61 value=0xffffffffff000000 ***
[1785312316.799]     *** KERNEL PTR PATTERN: offset=0x62 value=0xffffffffffff0000 ***
[1785312316.799]     *** KERNEL PTR PATTERN: offset=0x59 value=0xffffff000000d300 ***
[1785312316.799]     *** KERNEL PTR PATTERN: offset=0x63 value=0xffffffffffffff00 ***
[1785312316.800]     ZONE FREE-PATTERN at +0x40: 0x7fffffffffffffff
[1785312316.800]   [iter 335] close=0x0 kernPtrs=10 freePatterns=1 changed=0 bytes
[1785312316.800]     *** KERNEL PTR PATTERN: offset=0x60 value=0xffffffff000000d3 ***
[1785312316.800]     *** KERNEL PTR PATTERN: offset=0x61 value=0xffffffffff000000 ***
[1785312316.800]     *** KERNEL PTR PATTERN: offset=0x62 value=0xffffffffffff0000 ***
[1785312316.800]     *** KERNEL PTR PATTERN: offset=0x59 value=0xffffff000000d300 ***
[1785312316.801]     *** KERNEL PTR PATTERN: offset=0x63 value=0xffffffffffffff00 ***
[1785312316.801]     *** KERNEL PTR PATTERN: offset=0x60 value=0xffffffff000000d3 ***
[1785312316.801]     *** KERNEL PTR PATTERN: offset=0x61 value=0xffffffffff000000 ***
[1785312316.801]     *** KERNEL PTR PATTERN: offset=0x62 value=0xffffffffffff0000 ***
[1785312316.801]     *** KERNEL PTR PATTERN: offset=0x59 value=0xffffff000000d300 ***
[1785312316.801]     *** KERNEL PTR PATTERN: offset=0x63 value=0xffffffffffffff00 ***
[1785312316.803]     ZONE FREE-PATTERN at +0x40: 0x7fffffffffffffff
[1785312316.803]   [iter 336] close=0x0 kernPtrs=10 freePatterns=1 changed=0 bytes
[1785312316.803]     *** KERNEL PTR PATTERN: offset=0x60 value=0xffffffff000000d3 ***
[1785312316.803]     *** KERNEL PTR PATTERN: offset=0x61 value=0xffffffffff000000 ***
[1785312316.803]     *** KERNEL PTR PATTERN: offset=0x62 value=0xffffffffffff0000 ***
[1785312316.803]     *** KERNEL PTR PATTERN: offset=0x59 value=0xffffff000000d300 ***
[1785312316.803]     *** KERNEL PTR PATTERN: offset=0x63 value=0xffffffffffffff00 ***
[1785312316.803]     *** KERNEL PTR PATTERN: offset=0x60 value=0xffffffff000000d3 ***
[1785312316.803]     *** KERNEL PTR PATTERN: offset=0x61 value=0xffffffffff000000 ***
[1785312316.803]     *** KERNEL PTR PATTERN: offset=0x62 value=0xffffffffffff0000 ***
[1785312316.803]     *** KERNEL PTR PATTERN: offset=0x59 value=0xffffff000000d300 ***
[1785312316.803]     *** KERNEL PTR PATTERN: offset=0x63 value=0xffffffffffffff00 ***
[1785312316.804]     ZONE FREE-PATTERN at +0x40: 0x7fffffffffffffff
[1785312316.804]   [iter 337] close=0x0 kernPtrs=10 freePatterns=1 changed=0 bytes
[1785312316.804]     *** KERNEL PTR PATTERN: offset=0x60 value=0xffffffff000000d3 ***
[1785312316.804]     *** KERNEL PTR PATTERN: offset=0x61 value=0xffffffffff000000 ***
[1785312316.804]     *** KERNEL PTR PATTERN: offset=0x62 value=0xffffffffffff0000 ***
[1785312316.804]     *** KERNEL PTR PATTERN: offset=0x59 value=0xffffff000000d300 ***
[1785312316.805]     *** KERNEL PTR PATTERN: offset=0x63 value=0xffffffffffffff00 ***
[1785312316.805]     *** KERNEL PTR PATTERN: offset=0x60 value=0xffffffff000000d3 ***
[1785312316.805]     *** KERNEL PTR PATTERN: offset=0x61 value=0xffffffffff000000 ***
[1785312316.805]     *** KERNEL PTR PATTERN: offset=0x62 value=0xffffffffffff0000 ***
[1785312316.805]     *** KERNEL PTR PATTERN: offset=0x59 value=0xffffff000000d300 ***
[1785312316.805]     *** KERNEL PTR PATTERN: offset=0x63 value=0xffffffffffffff00 ***
[1785312316.806]     ZONE FREE-PATTERN at +0x40: 0x7fffffffffffffff
[1785312316.806]   [iter 338] close=0x0 kernPtrs=10 freePatterns=1 changed=0 bytes
[1785312316.806]     *** KERNEL PTR PATTERN: offset=0x60 value=0xffffffff000000d3 ***
[1785312316.807]     *** KERNEL PTR PATTERN: offset=0x61 value=0xffffffffff000000 ***
[1785312316.807]     *** KERNEL PTR PATTERN: offset=0x62 value=0xffffffffffff0000 ***
[1785312316.807]     *** KERNEL PTR PATTERN: offset=0x59 value=0xffffff000000d300 ***
[1785312316.807]     *** KERNEL PTR PATTERN: offset=0x63 value=0xffffffffffffff00 ***
[1785312316.807]     *** KERNEL PTR PATTERN: offset=0x60 value=0xffffffff000000d3 ***
[1785312316.807]     *** KERNEL PTR PATTERN: offset=0x61 value=0xffffffffff000000 ***
[1785312316.807]     *** KERNEL PTR PATTERN: offset=0x62 value=0xffffffffffff0000 ***
[1785312316.807]     *** KERNEL PTR PATTERN: offset=0x59 value=0xffffff000000d300 ***
[1785312316.807]     *** KERNEL PTR PATTERN: offset=0x63 value=0xffffffffffffff00 ***
[1785312316.808]     ZONE FREE-PATTERN at +0x40: 0x7fffffffffffffff
[1785312316.808]   [iter 339] close=0x0 kernPtrs=10 freePatterns=1 changed=0 bytes
[1785312316.808]     *** KERNEL PTR PATTERN: offset=0x60 value=0xffffffff000000d3 ***
[1785312316.808]     *** KERNEL PTR PATTERN: offset=0x61 value=0xffffffffff000000 ***
[1785312316.808]     *** KERNEL PTR PATTERN: offset=0x62 value=0xffffffffffff0000 ***
[1785312316.808]     *** KERNEL PTR PATTERN: offset=0x59 value=0xffffff000000d300 ***
[1785312316.808]     *** KERNEL PTR PATTERN: offset=0x63 value=0xffffffffffffff00 ***
[1785312316.808]     *** KERNEL PTR PATTERN: offset=0x60 value=0xffffffff000000d3 ***
[1785312316.808]     *** KERNEL PTR PATTERN: offset=0x61 value=0xffffffffff000000 ***
[1785312316.809]     *** KERNEL PTR PATTERN: offset=0x62 value=0xffffffffffff0000 ***
[1785312316.809]     *** KERNEL PTR PATTERN: offset=0x59 value=0xffffff000000d300 ***
[1785312316.809]     *** KERNEL PTR PATTERN: offset=0x63 value=0xffffffffffffff00 ***
[1785312316.810]     ZONE FREE-PATTERN at +0x40: 0x7fffffffffffffff
[1785312316.810]   [iter 340] close=0x0 kernPtrs=10 freePatterns=1 changed=0 bytes
[1785312316.810]     *** KERNEL PTR PATTERN: offset=0x60 value=0xffffffff000000d3 ***
[1785312316.810]     *** KERNEL PTR PATTERN: offset=0x61 value=0xffffffffff000000 ***
[1785312316.810]     *** KERNEL PTR PATTERN: offset=0x62 value=0xffffffffffff0000 ***
[1785312316.810]     *** KERNEL PTR PATTERN: offset=0x59 value=0xffffff000000d300 ***
[1785312316.810]     *** KERNEL PTR PATTERN: offset=0x63 value=0xffffffffffffff00 ***
[1785312316.810]     *** KERNEL PTR PATTERN: offset=0x60 value=0xffffffff000000d3 ***
[1785312316.810]     *** KERNEL PTR PATTERN: offset=0x61 value=0xffffffffff000000 ***
[1785312316.810]     *** KERNEL PTR PATTERN: offset=0x62 value=0xffffffffffff0000 ***
[1785312316.810]     *** KERNEL PTR PATTERN: offset=0x59 value=0xffffff000000d300 ***
[1785312316.810]     *** KERNEL PTR PATTERN: offset=0x63 value=0xffffffffffffff00 ***
[1785312316.812]     ZONE FREE-PATTERN at +0x40: 0x7fffffffffffffff
[1785312316.812]   [iter 341] close=0x0 kernPtrs=10 freePatterns=1 changed=0 bytes
[1785312316.812]     *** KERNEL PTR PATTERN: offset=0x60 value=0xffffffff000000d3 ***
[1785312316.812]     *** KERNEL PTR PATTERN: offset=0x61 value=0xffffffffff000000 ***
[1785312316.812]     *** KERNEL PTR PATTERN: offset=0x62 value=0xffffffffffff0000 ***
[1785312316.812]     *** KERNEL PTR PATTERN: offset=0x59 value=0xffffff000000d300 ***
[1785312316.813]     *** KERNEL PTR PATTERN: offset=0x63 value=0xffffffffffffff00 ***
[1785312316.813]     *** KERNEL PTR PATTERN: offset=0x60 value=0xffffffff000000d3 ***
[1785312316.813]     *** KERNEL PTR PATTERN: offset=0x61 value=0xffffffffff000000 ***
[1785312316.813]     *** KERNEL PTR PATTERN: offset=0x62 value=0xffffffffffff0000 ***
[1785312316.813]     *** KERNEL PTR PATTERN: offset=0x59 value=0xffffff000000d300 ***
[1785312316.813]     *** KERNEL PTR PATTERN: offset=0x63 value=0xffffffffffffff00 ***
[1785312316.814]     ZONE FREE-PATTERN at +0x40: 0x7fffffffffffffff
[1785312316.814]   [iter 342] close=0x0 kernPtrs=10 freePatterns=1 changed=0 bytes
[1785312316.814]     *** KERNEL PTR PATTERN: offset=0x60 value=0xffffffff000000d3 ***
[1785312316.814]     *** KERNEL PTR PATTERN: offset=0x61 value=0xffffffffff000000 ***
[1785312316.814]     *** KERNEL PTR PATTERN: offset=0x62 value=0xffffffffffff0000 ***
[1785312316.814]     *** KERNEL PTR PATTERN: offset=0x59 value=0xffffff000000d300 ***
[1785312316.814]     *** KERNEL PTR PATTERN: offset=0x63 value=0xffffffffffffff00 ***
[1785312316.814]     *** KERNEL PTR PATTERN: offset=0x60 value=0xffffffff000000d3 ***
[1785312316.815]     *** KERNEL PTR PATTERN: offset=0x61 value=0xffffffffff000000 ***
[1785312316.815]     *** KERNEL PTR PATTERN: offset=0x62 value=0xffffffffffff0000 ***
[1785312316.815]     *** KERNEL PTR PATTERN: offset=0x59 value=0xffffff000000d300 ***
[1785312316.815]     *** KERNEL PTR PATTERN: offset=0x63 value=0xffffffffffffff00 ***
[1785312316.816]     ZONE FREE-PATTERN at +0x40: 0x7fffffffffffffff
[1785312316.816]   [iter 343] close=0x0 kernPtrs=10 freePatterns=1 changed=0 bytes
[1785312316.816]     *** KERNEL PTR PATTERN: offset=0x60 value=0xffffffff000000d3 ***
[1785312316.816]     *** KERNEL PTR PATTERN: offset=0x61 value=0xffffffffff000000 ***
[1785312316.816]     *** KERNEL PTR PATTERN: offset=0x62 value=0xffffffffffff0000 ***
[1785312316.816]     *** KERNEL PTR PATTERN: offset=0x59 value=0xffffff000000d300 ***
[1785312316.816]     *** KERNEL PTR PATTERN: offset=0x63 value=0xffffffffffffff00 ***
[1785312316.816]     *** KERNEL PTR PATTERN: offset=0x60 value=0xffffffff000000d3 ***
[1785312316.816]     *** KERNEL PTR PATTERN: offset=0x61 value=0xffffffffff000000 ***
[1785312316.816]     *** KERNEL PTR PATTERN: offset=0x62 value=0xffffffffffff0000 ***
[1785312316.816]     *** KERNEL PTR PATTERN: offset=0x59 value=0xffffff000000d300 ***
[1785312316.817]     *** KERNEL PTR PATTERN: offset=0x63 value=0xffffffffffffff00 ***
[1785312316.818]     ZONE FREE-PATTERN at +0x40: 0x7fffffffffffffff
[1785312316.818]   [iter 344] close=0x0 kernPtrs=10 freePatterns=1 changed=0 bytes
[1785312316.818]     *** KERNEL PTR PATTERN: offset=0x60 value=0xffffffff000000d3 ***
[1785312316.818]     *** KERNEL PTR PATTERN: offset=0x61 value=0xffffffffff000000 ***
[1785312316.818]     *** KERNEL PTR PATTERN: offset=0x62 value=0xffffffffffff0000 ***
[1785312316.818]     *** KERNEL PTR PATTERN: offset=0x59 value=0xffffff000000d300 ***
[1785312316.818]     *** KERNEL PTR PATTERN: offset=0x63 value=0xffffffffffffff00 ***
[1785312316.818]     *** KERNEL PTR PATTERN: offset=0x60 value=0xffffffff000000d3 ***
[1785312316.818]     *** KERNEL PTR PATTERN: offset=0x61 value=0xffffffffff000000 ***
[1785312316.818]     *** KERNEL PTR PATTERN: offset=0x62 value=0xffffffffffff0000 ***
[1785312316.818]     *** KERNEL PTR PATTERN: offset=0x59 value=0xffffff000000d300 ***
[1785312316.818]     *** KERNEL PTR PATTERN: offset=0x63 value=0xffffffffffffff00 ***
[1785312316.820]     ZONE FREE-PATTERN at +0x40: 0x7fffffffffffffff
[1785312316.820]   [iter 345] close=0x0 kernPtrs=10 freePatterns=1 changed=0 bytes
[1785312316.820]     *** KERNEL PTR PATTERN: offset=0x60 value=0xffffffff000000d3 ***
[1785312316.820]     *** KERNEL PTR PATTERN: offset=0x61 value=0xffffffffff000000 ***
[1785312316.820]     *** KERNEL PTR PATTERN: offset=0x62 value=0xffffffffffff0000 ***
[1785312316.820]     *** KERNEL PTR PATTERN: offset=0x59 value=0xffffff000000d300 ***
[1785312316.820]     *** KERNEL PTR PATTERN: offset=0x63 value=0xffffffffffffff00 ***
[1785312316.820]     *** KERNEL PTR PATTERN: offset=0x60 value=0xffffffff000000d3 ***
[1785312316.820]     *** KERNEL PTR PATTERN: offset=0x61 value=0xffffffffff000000 ***
[1785312316.820]     *** KERNEL PTR PATTERN: offset=0x62 value=0xffffffffffff0000 ***
[1785312316.820]     *** KERNEL PTR PATTERN: offset=0x59 value=0xffffff000000d300 ***
[1785312316.820]     *** KERNEL PTR PATTERN: offset=0x63 value=0xffffffffffffff00 ***
[1785312316.822]     ZONE FREE-PATTERN at +0x40: 0x7fffffffffffffff
[1785312316.822]   [iter 346] close=0x0 kernPtrs=10 freePatterns=1 changed=0 bytes
[1785312316.822]     *** KERNEL PTR PATTERN: offset=0x60 value=0xffffffff000000d3 ***
[1785312316.822]     *** KERNEL PTR PATTERN: offset=0x61 value=0xffffffffff000000 ***
[1785312316.822]     *** KERNEL PTR PATTERN: offset=0x62 value=0xffffffffffff0000 ***
[1785312316.822]     *** KERNEL PTR PATTERN: offset=0x59 value=0xffffff000000d300 ***
[1785312316.822]     *** KERNEL PTR PATTERN: offset=0x63 value=0xffffffffffffff00 ***
[1785312316.822]     *** KERNEL PTR PATTERN: offset=0x60 value=0xffffffff000000d3 ***
[1785312316.822]     *** KERNEL PTR PATTERN: offset=0x61 value=0xffffffffff000000 ***
[1785312316.822]     *** KERNEL PTR PATTERN: offset=0x62 value=0xffffffffffff0000 ***
[1785312316.822]     *** KERNEL PTR PATTERN: offset=0x59 value=0xffffff000000d300 ***
[1785312316.822]     *** KERNEL PTR PATTERN: offset=0x63 value=0xffffffffffffff00 ***
[1785312316.823]     ZONE FREE-PATTERN at +0x40: 0x7fffffffffffffff
[1785312316.823]   [iter 347] close=0x0 kernPtrs=10 freePatterns=1 changed=0 bytes
[1785312316.823]     *** KERNEL PTR PATTERN: offset=0x60 value=0xffffffff000000d3 ***
[1785312316.823]     *** KERNEL PTR PATTERN: offset=0x61 value=0xffffffffff000000 ***
[1785312316.824]     *** KERNEL PTR PATTERN: offset=0x62 value=0xffffffffffff0000 ***
[1785312316.824]     *** KERNEL PTR PATTERN: offset=0x59 value=0xffffff000000d300 ***
[1785312316.824]     *** KERNEL PTR PATTERN: offset=0x63 value=0xffffffffffffff00 ***
[1785312316.824]     *** KERNEL PTR PATTERN: offset=0x60 value=0xffffffff000000d3 ***
[1785312316.824]     *** KERNEL PTR PATTERN: offset=0x61 value=0xffffffffff000000 ***
[1785312316.824]     *** KERNEL PTR PATTERN: offset=0x62 value=0xffffffffffff0000 ***
[1785312316.824]     *** KERNEL PTR PATTERN: offset=0x59 value=0xffffff000000d300 ***
[1785312316.824]     *** KERNEL PTR PATTERN: offset=0x63 value=0xffffffffffffff00 ***
[1785312316.825]     ZONE FREE-PATTERN at +0x40: 0x7fffffffffffffff
[1785312316.825]   [iter 348] close=0x0 kernPtrs=10 freePatterns=1 changed=0 bytes
[1785312316.825]     *** KERNEL PTR PATTERN: offset=0x60 value=0xffffffff000000d3 ***
[1785312316.825]     *** KERNEL PTR PATTERN: offset=0x61 value=0xffffffffff000000 ***
[1785312316.825]     *** KERNEL PTR PATTERN: offset=0x62 value=0xffffffffffff0000 ***
[1785312316.825]     *** KERNEL PTR PATTERN: offset=0x59 value=0xffffff000000d300 ***
[1785312316.825]     *** KERNEL PTR PATTERN: offset=0x63 value=0xffffffffffffff00 ***
[1785312316.825]     *** KERNEL PTR PATTERN: offset=0x60 value=0xffffffff000000d3 ***
[1785312316.825]     *** KERNEL PTR PATTERN: offset=0x61 value=0xffffffffff000000 ***
[1785312316.826]     *** KERNEL PTR PATTERN: offset=0x62 value=0xffffffffffff0000 ***
[1785312316.826]     *** KERNEL PTR PATTERN: offset=0x59 value=0xffffff000000d300 ***
[1785312316.826]     *** KERNEL PTR PATTERN: offset=0x63 value=0xffffffffffffff00 ***
[1785312316.827]     ZONE FREE-PATTERN at +0x40: 0x7fffffffffffffff
[1785312316.827]   [iter 349] close=0x0 kernPtrs=10 freePatterns=1 changed=0 bytes
[1785312316.827]     *** KERNEL PTR PATTERN: offset=0x60 value=0xffffffff000000d3 ***
[1785312316.827]     *** KERNEL PTR PATTERN: offset=0x61 value=0xffffffffff000000 ***
[1785312316.827]     *** KERNEL PTR PATTERN: offset=0x62 value=0xffffffffffff0000 ***
[1785312316.827]     *** KERNEL PTR PATTERN: offset=0x59 value=0xffffff000000d300 ***
[1785312316.827]     *** KERNEL PTR PATTERN: offset=0x63 value=0xffffffffffffff00 ***
[1785312316.827]     *** KERNEL PTR PATTERN: offset=0x60 value=0xffffffff000000d3 ***
[1785312316.827]     *** KERNEL PTR PATTERN: offset=0x61 value=0xffffffffff000000 ***
[1785312316.827]     *** KERNEL PTR PATTERN: offset=0x62 value=0xffffffffffff0000 ***
[1785312316.828]     *** KERNEL PTR PATTERN: offset=0x59 value=0xffffff000000d300 ***
[1785312316.828]     *** KERNEL PTR PATTERN: offset=0x63 value=0xffffffffffffff00 ***
[1785312316.829]     ZONE FREE-PATTERN at +0x40: 0x7fffffffffffffff
[1785312316.829]   [iter 350] close=0x0 kernPtrs=10 freePatterns=1 changed=0 bytes
[1785312316.829]     *** KERNEL PTR PATTERN: offset=0x60 value=0xffffffff000000d3 ***
[1785312316.829]     *** KERNEL PTR PATTERN: offset=0x61 value=0xffffffffff000000 ***
[1785312316.829]     *** KERNEL PTR PATTERN: offset=0x62 value=0xffffffffffff0000 ***
[1785312316.829]     *** KERNEL PTR PATTERN: offset=0x59 value=0xffffff000000d300 ***
[1785312316.829]     *** KERNEL PTR PATTERN: offset=0x63 value=0xffffffffffffff00 ***
[1785312316.829]     *** KERNEL PTR PATTERN: offset=0x60 value=0xffffffff000000d3 ***
[1785312316.829]     *** KERNEL PTR PATTERN: offset=0x61 value=0xffffffffff000000 ***
[1785312316.829]     *** KERNEL PTR PATTERN: offset=0x62 value=0xffffffffffff0000 ***
[1785312316.829]     *** KERNEL PTR PATTERN: offset=0x59 value=0xffffff000000d300 ***
[1785312316.829]     *** KERNEL PTR PATTERN: offset=0x63 value=0xffffffffffffff00 ***
[1785312316.831]     ZONE FREE-PATTERN at +0x40: 0x7fffffffffffffff
[1785312316.831]   [iter 351] close=0x0 kernPtrs=10 freePatterns=1 changed=0 bytes
[1785312316.831]     *** KERNEL PTR PATTERN: offset=0x60 value=0xffffffff000000d3 ***
[1785312316.831]     *** KERNEL PTR PATTERN: offset=0x61 value=0xffffffffff000000 ***
[1785312316.831]     *** KERNEL PTR PATTERN: offset=0x62 value=0xffffffffffff0000 ***
[1785312316.831]     *** KERNEL PTR PATTERN: offset=0x59 value=0xffffff000000d300 ***
[1785312316.831]     *** KERNEL PTR PATTERN: offset=0x63 value=0xffffffffffffff00 ***
[1785312316.831]     *** KERNEL PTR PATTERN: offset=0x60 value=0xffffffff000000d3 ***
[1785312316.831]     *** KERNEL PTR PATTERN: offset=0x61 value=0xffffffffff000000 ***
[1785312316.831]     *** KERNEL PTR PATTERN: offset=0x62 value=0xffffffffffff0000 ***
[1785312316.831]     *** KERNEL PTR PATTERN: offset=0x59 value=0xffffff000000d300 ***
[1785312316.831]     *** KERNEL PTR PATTERN: offset=0x63 value=0xffffffffffffff00 ***
[1785312316.833]     ZONE FREE-PATTERN at +0x40: 0x7fffffffffffffff
[1785312316.833]   [iter 352] close=0x0 kernPtrs=10 freePatterns=1 changed=0 bytes
[1785312316.833]     *** KERNEL PTR PATTERN: offset=0x60 value=0xffffffff000000d3 ***
[1785312316.833]     *** KERNEL PTR PATTERN: offset=0x61 value=0xffffffffff000000 ***
[1785312316.833]     *** KERNEL PTR PATTERN: offset=0x62 value=0xffffffffffff0000 ***
[1785312316.833]     *** KERNEL PTR PATTERN: offset=0x59 value=0xffffff000000d300 ***
[1785312316.833]     *** KERNEL PTR PATTERN: offset=0x63 value=0xffffffffffffff00 ***
[1785312316.833]     *** KERNEL PTR PATTERN: offset=0x60 value=0xffffffff000000d3 ***
[1785312316.833]     *** KERNEL PTR PATTERN: offset=0x61 value=0xffffffffff000000 ***
[1785312316.833]     *** KERNEL PTR PATTERN: offset=0x62 value=0xffffffffffff0000 ***
[1785312316.833]     *** KERNEL PTR PATTERN: offset=0x59 value=0xffffff000000d300 ***
[1785312316.833]     *** KERNEL PTR PATTERN: offset=0x63 value=0xffffffffffffff00 ***
[1785312316.834]     ZONE FREE-PATTERN at +0x40: 0x7fffffffffffffff
[1785312316.834]   [iter 353] close=0x0 kernPtrs=10 freePatterns=1 changed=0 bytes
[1785312316.834]     *** KERNEL PTR PATTERN: offset=0x60 value=0xffffffff000000d3 ***
[1785312316.834]     *** KERNEL PTR PATTERN: offset=0x61 value=0xffffffffff000000 ***
[1785312316.835]     *** KERNEL PTR PATTERN: offset=0x62 value=0xffffffffffff0000 ***
[1785312316.835]     *** KERNEL PTR PATTERN: offset=0x59 value=0xffffff000000d300 ***
[1785312316.835]     *** KERNEL PTR PATTERN: offset=0x63 value=0xffffffffffffff00 ***
[1785312316.835]     *** KERNEL PTR PATTERN: offset=0x60 value=0xffffffff000000d3 ***
[1785312316.835]     *** KERNEL PTR PATTERN: offset=0x61 value=0xffffffffff000000 ***
[1785312316.835]     *** KERNEL PTR PATTERN: offset=0x62 value=0xffffffffffff0000 ***
[1785312316.835]     *** KERNEL PTR PATTERN: offset=0x59 value=0xffffff000000d300 ***
[1785312316.835]     *** KERNEL PTR PATTERN: offset=0x63 value=0xffffffffffffff00 ***
[1785312316.836]     ZONE FREE-PATTERN at +0x40: 0x7fffffffffffffff
[1785312316.836]   [iter 354] close=0x0 kernPtrs=10 freePatterns=1 changed=0 bytes
[1785312316.836]     *** KERNEL PTR PATTERN: offset=0x60 value=0xffffffff000000d3 ***
[1785312316.836]     *** KERNEL PTR PATTERN: offset=0x61 value=0xffffffffff000000 ***
[1785312316.836]     *** KERNEL PTR PATTERN: offset=0x62 value=0xffffffffffff0000 ***
[1785312316.836]     *** KERNEL PTR PATTERN: offset=0x59 value=0xffffff000000d300 ***
[1785312316.836]     *** KERNEL PTR PATTERN: offset=0x63 value=0xffffffffffffff00 ***
[1785312316.836]     *** KERNEL PTR PATTERN: offset=0x60 value=0xffffffff000000d3 ***
[1785312316.836]     *** KERNEL PTR PATTERN: offset=0x61 value=0xffffffffff000000 ***
[1785312316.836]     *** KERNEL PTR PATTERN: offset=0x62 value=0xffffffffffff0000 ***
[1785312316.836]     *** KERNEL PTR PATTERN: offset=0x59 value=0xffffff000000d300 ***
[1785312316.836]     *** KERNEL PTR PATTERN: offset=0x63 value=0xffffffffffffff00 ***
[1785312316.838]     ZONE FREE-PATTERN at +0x40: 0x7fffffffffffffff
[1785312316.838]   [iter 355] close=0x0 kernPtrs=10 freePatterns=1 changed=0 bytes
[1785312316.838]     *** KERNEL PTR PATTERN: offset=0x60 value=0xffffffff000000d3 ***
[1785312316.838]     *** KERNEL PTR PATTERN: offset=0x61 value=0xffffffffff000000 ***
[1785312316.838]     *** KERNEL PTR PATTERN: offset=0x62 value=0xffffffffffff0000 ***
[1785312316.838]     *** KERNEL PTR PATTERN: offset=0x59 value=0xffffff000000d300 ***
[1785312316.838]     *** KERNEL PTR PATTERN: offset=0x63 value=0xffffffffffffff00 ***
[1785312316.838]     *** KERNEL PTR PATTERN: offset=0x60 value=0xffffffff000000d3 ***
[1785312316.838]     *** KERNEL PTR PATTERN: offset=0x61 value=0xffffffffff000000 ***
[1785312316.838]     *** KERNEL PTR PATTERN: offset=0x62 value=0xffffffffffff0000 ***
[1785312316.838]     *** KERNEL PTR PATTERN: offset=0x59 value=0xffffff000000d300 ***
[1785312316.838]     *** KERNEL PTR PATTERN: offset=0x63 value=0xffffffffffffff00 ***
[1785312316.840]     ZONE FREE-PATTERN at +0x40: 0x7fffffffffffffff
[1785312316.840]   [iter 356] close=0x0 kernPtrs=10 freePatterns=1 changed=0 bytes
[1785312316.840]     *** KERNEL PTR PATTERN: offset=0x60 value=0xffffffff000000d3 ***
[1785312316.840]     *** KERNEL PTR PATTERN: offset=0x61 value=0xffffffffff000000 ***
[1785312316.840]     *** KERNEL PTR PATTERN: offset=0x62 value=0xffffffffffff0000 ***
[1785312316.840]     *** KERNEL PTR PATTERN: offset=0x59 value=0xffffff000000d300 ***
[1785312316.840]     *** KERNEL PTR PATTERN: offset=0x63 value=0xffffffffffffff00 ***
[1785312316.840]     *** KERNEL PTR PATTERN: offset=0x60 value=0xffffffff000000d3 ***
[1785312316.840]     *** KERNEL PTR PATTERN: offset=0x61 value=0xffffffffff000000 ***
[1785312316.840]     *** KERNEL PTR PATTERN: offset=0x62 value=0xffffffffffff0000 ***
[1785312316.840]     *** KERNEL PTR PATTERN: offset=0x59 value=0xffffff000000d300 ***
[1785312316.840]     *** KERNEL PTR PATTERN: offset=0x63 value=0xffffffffffffff00 ***
[1785312316.842]     ZONE FREE-PATTERN at +0x40: 0x7fffffffffffffff
[1785312316.842]   [iter 357] close=0x0 kernPtrs=10 freePatterns=1 changed=0 bytes
[1785312316.842]     *** KERNEL PTR PATTERN: offset=0x60 value=0xffffffff000000d3 ***
[1785312316.842]     *** KERNEL PTR PATTERN: offset=0x61 value=0xffffffffff000000 ***
[1785312316.842]     *** KERNEL PTR PATTERN: offset=0x62 value=0xffffffffffff0000 ***
[1785312316.842]     *** KERNEL PTR PATTERN: offset=0x59 value=0xffffff000000d300 ***
[1785312316.842]     *** KERNEL PTR PATTERN: offset=0x63 value=0xffffffffffffff00 ***
[1785312316.842]     *** KERNEL PTR PATTERN: offset=0x60 value=0xffffffff000000d3 ***
[1785312316.842]     *** KERNEL PTR PATTERN: offset=0x61 value=0xffffffffff000000 ***
[1785312316.842]     *** KERNEL PTR PATTERN: offset=0x62 value=0xffffffffffff0000 ***
[1785312316.842]     *** KERNEL PTR PATTERN: offset=0x59 value=0xffffff000000d300 ***
[1785312316.842]     *** KERNEL PTR PATTERN: offset=0x63 value=0xffffffffffffff00 ***
[1785312316.844]     ZONE FREE-PATTERN at +0x40: 0x7fffffffffffffff
[1785312316.844]   [iter 358] close=0x0 kernPtrs=10 freePatterns=1 changed=0 bytes
[1785312316.844]     *** KERNEL PTR PATTERN: offset=0x60 value=0xffffffff000000d3 ***
[1785312316.844]     *** KERNEL PTR PATTERN: offset=0x61 value=0xffffffffff000000 ***
[1785312316.844]     *** KERNEL PTR PATTERN: offset=0x62 value=0xffffffffffff0000 ***
[1785312316.844]     *** KERNEL PTR PATTERN: offset=0x59 value=0xffffff000000d300 ***
[1785312316.844]     *** KERNEL PTR PATTERN: offset=0x63 value=0xffffffffffffff00 ***
[1785312316.844]     *** KERNEL PTR PATTERN: offset=0x60 value=0xffffffff000000d3 ***
[1785312316.844]     *** KERNEL PTR PATTERN: offset=0x61 value=0xffffffffff000000 ***
[1785312316.844]     *** KERNEL PTR PATTERN: offset=0x62 value=0xffffffffffff0000 ***
[1785312316.844]     *** KERNEL PTR PATTERN: offset=0x59 value=0xffffff000000d300 ***
[1785312316.844]     *** KERNEL PTR PATTERN: offset=0x63 value=0xffffffffffffff00 ***
[1785312316.845]     ZONE FREE-PATTERN at +0x40: 0x7fffffffffffffff
[1785312316.845]   [iter 359] close=0x0 kernPtrs=10 freePatterns=1 changed=0 bytes
[1785312316.845]     *** KERNEL PTR PATTERN: offset=0x60 value=0xffffffff000000d3 ***
[1785312316.846]     *** KERNEL PTR PATTERN: offset=0x61 value=0xffffffffff000000 ***
[1785312316.846]     *** KERNEL PTR PATTERN: offset=0x62 value=0xffffffffffff0000 ***
[1785312316.846]     *** KERNEL PTR PATTERN: offset=0x59 value=0xffffff000000d300 ***
[1785312316.846]     *** KERNEL PTR PATTERN: offset=0x63 value=0xffffffffffffff00 ***
[1785312316.846]     *** KERNEL PTR PATTERN: offset=0x60 value=0xffffffff000000d3 ***
[1785312316.846]     *** KERNEL PTR PATTERN: offset=0x61 value=0xffffffffff000000 ***
[1785312316.846]     *** KERNEL PTR PATTERN: offset=0x62 value=0xffffffffffff0000 ***
[1785312316.846]     *** KERNEL PTR PATTERN: offset=0x59 value=0xffffff000000d300 ***
[1785312316.846]     *** KERNEL PTR PATTERN: offset=0x63 value=0xffffffffffffff00 ***
[1785312316.848]     ZONE FREE-PATTERN at +0x40: 0x7fffffffffffffff
[1785312316.848]   [iter 360] close=0x0 kernPtrs=10 freePatterns=1 changed=0 bytes
[1785312316.848]     *** KERNEL PTR PATTERN: offset=0x60 value=0xffffffff000000d3 ***
[1785312316.848]     *** KERNEL PTR PATTERN: offset=0x61 value=0xffffffffff000000 ***
[1785312316.848]     *** KERNEL PTR PATTERN: offset=0x62 value=0xffffffffffff0000 ***
[1785312316.848]     *** KERNEL PTR PATTERN: offset=0x59 value=0xffffff000000d300 ***
[1785312316.848]     *** KERNEL PTR PATTERN: offset=0x63 value=0xffffffffffffff00 ***
[1785312316.848]     *** KERNEL PTR PATTERN: offset=0x60 value=0xffffffff000000d3 ***
[1785312316.848]     *** KERNEL PTR PATTERN: offset=0x61 value=0xffffffffff000000 ***
[1785312316.848]     *** KERNEL PTR PATTERN: offset=0x62 value=0xffffffffffff0000 ***
[1785312316.848]     *** KERNEL PTR PATTERN: offset=0x59 value=0xffffff000000d300 ***
[1785312316.848]     *** KERNEL PTR PATTERN: offset=0x63 value=0xffffffffffffff00 ***
[1785312316.850]     ZONE FREE-PATTERN at +0x40: 0x7fffffffffffffff
[1785312316.850]   [iter 361] close=0x0 kernPtrs=10 freePatterns=1 changed=0 bytes
[1785312316.850]     *** KERNEL PTR PATTERN: offset=0x60 value=0xffffffff000000d3 ***
[1785312316.850]     *** KERNEL PTR PATTERN: offset=0x61 value=0xffffffffff000000 ***
[1785312316.850]     *** KERNEL PTR PATTERN: offset=0x62 value=0xffffffffffff0000 ***
[1785312316.850]     *** KERNEL PTR PATTERN: offset=0x59 value=0xffffff000000d300 ***
[1785312316.850]     *** KERNEL PTR PATTERN: offset=0x63 value=0xffffffffffffff00 ***
[1785312316.850]     *** KERNEL PTR PATTERN: offset=0x60 value=0xffffffff000000d3 ***
[1785312316.850]     *** KERNEL PTR PATTERN: offset=0x61 value=0xffffffffff000000 ***
[1785312316.850]     *** KERNEL PTR PATTERN: offset=0x62 value=0xffffffffffff0000 ***
[1785312316.850]     *** KERNEL PTR PATTERN: offset=0x59 value=0xffffff000000d300 ***
[1785312316.850]     *** KERNEL PTR PATTERN: offset=0x63 value=0xffffffffffffff00 ***
[1785312316.851]     ZONE FREE-PATTERN at +0x40: 0x7fffffffffffffff
[1785312316.851]   [iter 362] close=0x0 kernPtrs=10 freePatterns=1 changed=0 bytes
[1785312316.851]     *** KERNEL PTR PATTERN: offset=0x60 value=0xffffffff000000d3 ***
[1785312316.852]     *** KERNEL PTR PATTERN: offset=0x61 value=0xffffffffff000000 ***
[1785312316.852]     *** KERNEL PTR PATTERN: offset=0x62 value=0xffffffffffff0000 ***
[1785312316.852]     *** KERNEL PTR PATTERN: offset=0x59 value=0xffffff000000d300 ***
[1785312316.852]     *** KERNEL PTR PATTERN: offset=0x63 value=0xffffffffffffff00 ***
[1785312316.852]     *** KERNEL PTR PATTERN: offset=0x60 value=0xffffffff000000d3 ***
[1785312316.852]     *** KERNEL PTR PATTERN: offset=0x61 value=0xffffffffff000000 ***
[1785312316.852]     *** KERNEL PTR PATTERN: offset=0x62 value=0xffffffffffff0000 ***
[1785312316.852]     *** KERNEL PTR PATTERN: offset=0x59 value=0xffffff000000d300 ***
[1785312316.852]     *** KERNEL PTR PATTERN: offset=0x63 value=0xffffffffffffff00 ***
[1785312316.853]     ZONE FREE-PATTERN at +0x40: 0x7fffffffffffffff
[1785312316.853]   [iter 363] close=0x0 kernPtrs=10 freePatterns=1 changed=0 bytes
[1785312316.853]     *** KERNEL PTR PATTERN: offset=0x60 value=0xffffffff000000d3 ***
[1785312316.853]     *** KERNEL PTR PATTERN: offset=0x61 value=0xffffffffff000000 ***
[1785312316.853]     *** KERNEL PTR PATTERN: offset=0x62 value=0xffffffffffff0000 ***
[1785312316.853]     *** KERNEL PTR PATTERN: offset=0x59 value=0xffffff000000d300 ***
[1785312316.853]     *** KERNEL PTR PATTERN: offset=0x63 value=0xffffffffffffff00 ***
[1785312316.853]     *** KERNEL PTR PATTERN: offset=0x60 value=0xffffffff000000d3 ***
[1785312316.853]     *** KERNEL PTR PATTERN: offset=0x61 value=0xffffffffff000000 ***
[1785312316.853]     *** KERNEL PTR PATTERN: offset=0x62 value=0xffffffffffff0000 ***
[1785312316.853]     *** KERNEL PTR PATTERN: offset=0x59 value=0xffffff000000d300 ***
[1785312316.853]     *** KERNEL PTR PATTERN: offset=0x63 value=0xffffffffffffff00 ***
[1785312316.854]     ZONE FREE-PATTERN at +0x40: 0x7fffffffffffffff
[1785312316.854]   [iter 364] close=0x0 kernPtrs=10 freePatterns=1 changed=0 bytes
[1785312316.854]     *** KERNEL PTR PATTERN: offset=0x60 value=0xffffffff000000d3 ***
[1785312316.855]     *** KERNEL PTR PATTERN: offset=0x61 value=0xffffffffff000000 ***
[1785312316.855]     *** KERNEL PTR PATTERN: offset=0x62 value=0xffffffffffff0000 ***
[1785312316.855]     *** KERNEL PTR PATTERN: offset=0x59 value=0xffffff000000d300 ***
[1785312316.855]     *** KERNEL PTR PATTERN: offset=0x63 value=0xffffffffffffff00 ***
[1785312316.855]     *** KERNEL PTR PATTERN: offset=0x60 value=0xffffffff000000d3 ***
[1785312316.855]     *** KERNEL PTR PATTERN: offset=0x61 value=0xffffffffff000000 ***
[1785312316.855]     *** KERNEL PTR PATTERN: offset=0x62 value=0xffffffffffff0000 ***
[1785312316.855]     *** KERNEL PTR PATTERN: offset=0x59 value=0xffffff000000d300 ***
[1785312316.855]     *** KERNEL PTR PATTERN: offset=0x63 value=0xffffffffffffff00 ***
[1785312316.856]     ZONE FREE-PATTERN at +0x40: 0x7fffffffffffffff
[1785312316.856]   [iter 365] close=0x0 kernPtrs=10 freePatterns=1 changed=0 bytes
[1785312316.856]     *** KERNEL PTR PATTERN: offset=0x60 value=0xffffffff000000d3 ***
[1785312316.856]     *** KERNEL PTR PATTERN: offset=0x61 value=0xffffffffff000000 ***
[1785312316.856]     *** KERNEL PTR PATTERN: offset=0x62 value=0xffffffffffff0000 ***
[1785312316.856]     *** KERNEL PTR PATTERN: offset=0x59 value=0xffffff000000d300 ***
[1785312316.856]     *** KERNEL PTR PATTERN: offset=0x63 value=0xffffffffffffff00 ***
[1785312316.856]     *** KERNEL PTR PATTERN: offset=0x60 value=0xffffffff000000d3 ***
[1785312316.856]     *** KERNEL PTR PATTERN: offset=0x61 value=0xffffffffff000000 ***
[1785312316.856]     *** KERNEL PTR PATTERN: offset=0x62 value=0xffffffffffff0000 ***
[1785312316.856]     *** KERNEL PTR PATTERN: offset=0x59 value=0xffffff000000d300 ***
[1785312316.857]     *** KERNEL PTR PATTERN: offset=0x63 value=0xffffffffffffff00 ***
[1785312316.858]     ZONE FREE-PATTERN at +0x40: 0x7fffffffffffffff
[1785312316.858]   [iter 366] close=0x0 kernPtrs=10 freePatterns=1 changed=0 bytes
[1785312316.858]     *** KERNEL PTR PATTERN: offset=0x60 value=0xffffffff000000d3 ***
[1785312316.858]     *** KERNEL PTR PATTERN: offset=0x61 value=0xffffffffff000000 ***
[1785312316.858]     *** KERNEL PTR PATTERN: offset=0x62 value=0xffffffffffff0000 ***
[1785312316.858]     *** KERNEL PTR PATTERN: offset=0x59 value=0xffffff000000d300 ***
[1785312316.858]     *** KERNEL PTR PATTERN: offset=0x63 value=0xffffffffffffff00 ***
[1785312316.858]     *** KERNEL PTR PATTERN: offset=0x60 value=0xffffffff000000d3 ***
[1785312316.858]     *** KERNEL PTR PATTERN: offset=0x61 value=0xffffffffff000000 ***
[1785312316.858]     *** KERNEL PTR PATTERN: offset=0x62 value=0xffffffffffff0000 ***
[1785312316.858]     *** KERNEL PTR PATTERN: offset=0x59 value=0xffffff000000d300 ***
[1785312316.858]     *** KERNEL PTR PATTERN: offset=0x63 value=0xffffffffffffff00 ***
[1785312316.860]     ZONE FREE-PATTERN at +0x40: 0x7fffffffffffffff
[1785312316.860]   [iter 367] close=0x0 kernPtrs=10 freePatterns=1 changed=0 bytes
[1785312316.860]     *** KERNEL PTR PATTERN: offset=0x60 value=0xffffffff000000d3 ***
[1785312316.860]     *** KERNEL PTR PATTERN: offset=0x61 value=0xffffffffff000000 ***
[1785312316.860]     *** KERNEL PTR PATTERN: offset=0x62 value=0xffffffffffff0000 ***
[1785312316.860]     *** KERNEL PTR PATTERN: offset=0x59 value=0xffffff000000d300 ***
[1785312316.860]     *** KERNEL PTR PATTERN: offset=0x63 value=0xffffffffffffff00 ***
[1785312316.860]     *** KERNEL PTR PATTERN: offset=0x60 value=0xffffffff000000d3 ***
[1785312316.860]     *** KERNEL PTR PATTERN: offset=0x61 value=0xffffffffff000000 ***
[1785312316.860]     *** KERNEL PTR PATTERN: offset=0x62 value=0xffffffffffff0000 ***
[1785312316.860]     *** KERNEL PTR PATTERN: offset=0x59 value=0xffffff000000d300 ***
[1785312316.860]     *** KERNEL PTR PATTERN: offset=0x63 value=0xffffffffffffff00 ***
[1785312316.861]     ZONE FREE-PATTERN at +0x40: 0x7fffffffffffffff
[1785312316.861]   [iter 368] close=0x0 kernPtrs=10 freePatterns=1 changed=0 bytes
[1785312316.861]     *** KERNEL PTR PATTERN: offset=0x60 value=0xffffffff000000d3 ***
[1785312316.862]     *** KERNEL PTR PATTERN: offset=0x61 value=0xffffffffff000000 ***
[1785312316.862]     *** KERNEL PTR PATTERN: offset=0x62 value=0xffffffffffff0000 ***
[1785312316.862]     *** KERNEL PTR PATTERN: offset=0x59 value=0xffffff000000d300 ***
[1785312316.862]     *** KERNEL PTR PATTERN: offset=0x63 value=0xffffffffffffff00 ***
[1785312316.862]     *** KERNEL PTR PATTERN: offset=0x60 value=0xffffffff000000d3 ***
[1785312316.862]     *** KERNEL PTR PATTERN: offset=0x61 value=0xffffffffff000000 ***
[1785312316.862]     *** KERNEL PTR PATTERN: offset=0x62 value=0xffffffffffff0000 ***
[1785312316.862]     *** KERNEL PTR PATTERN: offset=0x59 value=0xffffff000000d300 ***
[1785312316.862]     *** KERNEL PTR PATTERN: offset=0x63 value=0xffffffffffffff00 ***
[1785312316.863]     ZONE FREE-PATTERN at +0x40: 0x7fffffffffffffff
[1785312316.863]   [iter 369] close=0x0 kernPtrs=10 freePatterns=1 changed=0 bytes
[1785312316.863]     *** KERNEL PTR PATTERN: offset=0x60 value=0xffffffff000000d3 ***
[1785312316.863]     *** KERNEL PTR PATTERN: offset=0x61 value=0xffffffffff000000 ***
[1785312316.863]     *** KERNEL PTR PATTERN: offset=0x62 value=0xffffffffffff0000 ***
[1785312316.863]     *** KERNEL PTR PATTERN: offset=0x59 value=0xffffff000000d300 ***
[1785312316.863]     *** KERNEL PTR PATTERN: offset=0x63 value=0xffffffffffffff00 ***
[1785312316.863]     *** KERNEL PTR PATTERN: offset=0x60 value=0xffffffff000000d3 ***
[1785312316.864]     *** KERNEL PTR PATTERN: offset=0x61 value=0xffffffffff000000 ***
[1785312316.864]     *** KERNEL PTR PATTERN: offset=0x62 value=0xffffffffffff0000 ***
[1785312316.864]     *** KERNEL PTR PATTERN: offset=0x59 value=0xffffff000000d300 ***
[1785312316.864]     *** KERNEL PTR PATTERN: offset=0x63 value=0xffffffffffffff00 ***
[1785312316.865]     ZONE FREE-PATTERN at +0x40: 0x7fffffffffffffff
[1785312316.865]   [iter 370] close=0x0 kernPtrs=10 freePatterns=1 changed=0 bytes
[1785312316.865]     *** KERNEL PTR PATTERN: offset=0x60 value=0xffffffff000000d3 ***
[1785312316.865]     *** KERNEL PTR PATTERN: offset=0x61 value=0xffffffffff000000 ***
[1785312316.865]     *** KERNEL PTR PATTERN: offset=0x62 value=0xffffffffffff0000 ***
[1785312316.865]     *** KERNEL PTR PATTERN: offset=0x59 value=0xffffff000000d300 ***
[1785312316.865]     *** KERNEL PTR PATTERN: offset=0x63 value=0xffffffffffffff00 ***
[1785312316.865]     *** KERNEL PTR PATTERN: offset=0x60 value=0xffffffff000000d3 ***
[1785312316.865]     *** KERNEL PTR PATTERN: offset=0x61 value=0xffffffffff000000 ***
[1785312316.865]     *** KERNEL PTR PATTERN: offset=0x62 value=0xffffffffffff0000 ***
[1785312316.865]     *** KERNEL PTR PATTERN: offset=0x59 value=0xffffff000000d300 ***
[1785312316.865]     *** KERNEL PTR PATTERN: offset=0x63 value=0xffffffffffffff00 ***
[1785312316.866]     ZONE FREE-PATTERN at +0x40: 0x7fffffffffffffff
[1785312316.866]   [iter 371] close=0x0 kernPtrs=10 freePatterns=1 changed=0 bytes
[1785312316.866]     *** KERNEL PTR PATTERN: offset=0x60 value=0xffffffff000000d3 ***
[1785312316.866]     *** KERNEL PTR PATTERN: offset=0x61 value=0xffffffffff000000 ***
[1785312316.867]     *** KERNEL PTR PATTERN: offset=0x62 value=0xffffffffffff0000 ***
[1785312316.867]     *** KERNEL PTR PATTERN: offset=0x59 value=0xffffff000000d300 ***
[1785312316.867]     *** KERNEL PTR PATTERN: offset=0x63 value=0xffffffffffffff00 ***
[1785312316.867]     *** KERNEL PTR PATTERN: offset=0x60 value=0xffffffff000000d3 ***
[1785312316.867]     *** KERNEL PTR PATTERN: offset=0x61 value=0xffffffffff000000 ***
[1785312316.867]     *** KERNEL PTR PATTERN: offset=0x62 value=0xffffffffffff0000 ***
[1785312316.867]     *** KERNEL PTR PATTERN: offset=0x59 value=0xffffff000000d300 ***
[1785312316.867]     *** KERNEL PTR PATTERN: offset=0x63 value=0xffffffffffffff00 ***
[1785312316.868]     ZONE FREE-PATTERN at +0x40: 0x7fffffffffffffff
[1785312316.868]   [iter 372] close=0x0 kernPtrs=10 freePatterns=1 changed=0 bytes
[1785312316.868]     *** KERNEL PTR PATTERN: offset=0x60 value=0xffffffff000000d3 ***
[1785312316.868]     *** KERNEL PTR PATTERN: offset=0x61 value=0xffffffffff000000 ***
[1785312316.868]     *** KERNEL PTR PATTERN: offset=0x62 value=0xffffffffffff0000 ***
[1785312316.868]     *** KERNEL PTR PATTERN: offset=0x59 value=0xffffff000000d300 ***
[1785312316.868]     *** KERNEL PTR PATTERN: offset=0x63 value=0xffffffffffffff00 ***
[1785312316.868]     *** KERNEL PTR PATTERN: offset=0x60 value=0xffffffff000000d3 ***
[1785312316.868]     *** KERNEL PTR PATTERN: offset=0x61 value=0xffffffffff000000 ***
[1785312316.868]     *** KERNEL PTR PATTERN: offset=0x62 value=0xffffffffffff0000 ***
[1785312316.868]     *** KERNEL PTR PATTERN: offset=0x59 value=0xffffff000000d300 ***
[1785312316.868]     *** KERNEL PTR PATTERN: offset=0x63 value=0xffffffffffffff00 ***
[1785312316.870]     ZONE FREE-PATTERN at +0x40: 0x7fffffffffffffff
[1785312316.870]   [iter 373] close=0x0 kernPtrs=10 freePatterns=1 changed=0 bytes
[1785312316.870]     *** KERNEL PTR PATTERN: offset=0x60 value=0xffffffff000000d3 ***
[1785312316.870]     *** KERNEL PTR PATTERN: offset=0x61 value=0xffffffffff000000 ***
[1785312316.870]     *** KERNEL PTR PATTERN: offset=0x62 value=0xffffffffffff0000 ***
[1785312316.870]     *** KERNEL PTR PATTERN: offset=0x59 value=0xffffff000000d300 ***
[1785312316.870]     *** KERNEL PTR PATTERN: offset=0x63 value=0xffffffffffffff00 ***
[1785312316.870]     *** KERNEL PTR PATTERN: offset=0x60 value=0xffffffff000000d3 ***
[1785312316.870]     *** KERNEL PTR PATTERN: offset=0x61 value=0xffffffffff000000 ***
[1785312316.870]     *** KERNEL PTR PATTERN: offset=0x62 value=0xffffffffffff0000 ***
[1785312316.870]     *** KERNEL PTR PATTERN: offset=0x59 value=0xffffff000000d300 ***
[1785312316.870]     *** KERNEL PTR PATTERN: offset=0x63 value=0xffffffffffffff00 ***
[1785312316.872]     ZONE FREE-PATTERN at +0x40: 0x7fffffffffffffff
[1785312316.872]   [iter 374] close=0x0 kernPtrs=10 freePatterns=1 changed=0 bytes
[1785312316.872]     *** KERNEL PTR PATTERN: offset=0x60 value=0xffffffff000000d3 ***
[1785312316.872]     *** KERNEL PTR PATTERN: offset=0x61 value=0xffffffffff000000 ***
[1785312316.872]     *** KERNEL PTR PATTERN: offset=0x62 value=0xffffffffffff0000 ***
[1785312316.872]     *** KERNEL PTR PATTERN: offset=0x59 value=0xffffff000000d300 ***
[1785312316.872]     *** KERNEL PTR PATTERN: offset=0x63 value=0xffffffffffffff00 ***
[1785312316.872]     *** KERNEL PTR PATTERN: offset=0x60 value=0xffffffff000000d3 ***
[1785312316.872]     *** KERNEL PTR PATTERN: offset=0x61 value=0xffffffffff000000 ***
[1785312316.872]     *** KERNEL PTR PATTERN: offset=0x62 value=0xffffffffffff0000 ***
[1785312316.872]     *** KERNEL PTR PATTERN: offset=0x59 value=0xffffff000000d300 ***
[1785312316.872]     *** KERNEL PTR PATTERN: offset=0x63 value=0xffffffffffffff00 ***
[1785312316.873]     ZONE FREE-PATTERN at +0x40: 0x7fffffffffffffff
[1785312316.874]   [iter 375] close=0x0 kernPtrs=10 freePatterns=1 changed=0 bytes
[1785312316.874]     *** KERNEL PTR PATTERN: offset=0x60 value=0xffffffff000000d3 ***
[1785312316.874]     *** KERNEL PTR PATTERN: offset=0x61 value=0xffffffffff000000 ***
[1785312316.874]     *** KERNEL PTR PATTERN: offset=0x62 value=0xffffffffffff0000 ***
[1785312316.874]     *** KERNEL PTR PATTERN: offset=0x59 value=0xffffff000000d300 ***
[1785312316.874]     *** KERNEL PTR PATTERN: offset=0x63 value=0xffffffffffffff00 ***
[1785312316.874]     *** KERNEL PTR PATTERN: offset=0x60 value=0xffffffff000000d3 ***
[1785312316.874]     *** KERNEL PTR PATTERN: offset=0x61 value=0xffffffffff000000 ***
[1785312316.874]     *** KERNEL PTR PATTERN: offset=0x62 value=0xffffffffffff0000 ***
[1785312316.874]     *** KERNEL PTR PATTERN: offset=0x59 value=0xffffff000000d300 ***
[1785312316.874]     *** KERNEL PTR PATTERN: offset=0x63 value=0xffffffffffffff00 ***
[1785312316.875]     ZONE FREE-PATTERN at +0x40: 0x7fffffffffffffff
[1785312316.875]   [iter 376] close=0x0 kernPtrs=10 freePatterns=1 changed=0 bytes
[1785312316.875]     *** KERNEL PTR PATTERN: offset=0x60 value=0xffffffff000000d3 ***
[1785312316.875]     *** KERNEL PTR PATTERN: offset=0x61 value=0xffffffffff000000 ***
[1785312316.875]     *** KERNEL PTR PATTERN: offset=0x62 value=0xffffffffffff0000 ***
[1785312316.876]     *** KERNEL PTR PATTERN: offset=0x59 value=0xffffff000000d300 ***
[1785312316.876]     *** KERNEL PTR PATTERN: offset=0x63 value=0xffffffffffffff00 ***
[1785312316.876]     *** KERNEL PTR PATTERN: offset=0x60 value=0xffffffff000000d3 ***
[1785312316.876]     *** KERNEL PTR PATTERN: offset=0x61 value=0xffffffffff000000 ***
[1785312316.876]     *** KERNEL PTR PATTERN: offset=0x62 value=0xffffffffffff0000 ***
[1785312316.876]     *** KERNEL PTR PATTERN: offset=0x59 value=0xffffff000000d300 ***
[1785312316.876]     *** KERNEL PTR PATTERN: offset=0x63 value=0xffffffffffffff00 ***
[1785312316.878]     ZONE FREE-PATTERN at +0x40: 0x7fffffffffffffff
[1785312316.878]   [iter 377] close=0x0 kernPtrs=10 freePatterns=1 changed=0 bytes
[1785312316.878]     *** KERNEL PTR PATTERN: offset=0x60 value=0xffffffff000000d3 ***
[1785312316.878]     *** KERNEL PTR PATTERN: offset=0x61 value=0xffffffffff000000 ***
[1785312316.878]     *** KERNEL PTR PATTERN: offset=0x62 value=0xffffffffffff0000 ***
[1785312316.878]     *** KERNEL PTR PATTERN: offset=0x59 value=0xffffff000000d300 ***
[1785312316.878]     *** KERNEL PTR PATTERN: offset=0x63 value=0xffffffffffffff00 ***
[1785312316.878]     *** KERNEL PTR PATTERN: offset=0x60 value=0xffffffff000000d3 ***
[1785312316.878]     *** KERNEL PTR PATTERN: offset=0x61 value=0xffffffffff000000 ***
[1785312316.878]     *** KERNEL PTR PATTERN: offset=0x62 value=0xffffffffffff0000 ***
[1785312316.878]     *** KERNEL PTR PATTERN: offset=0x59 value=0xffffff000000d300 ***
[1785312316.878]     *** KERNEL PTR PATTERN: offset=0x63 value=0xffffffffffffff00 ***
[1785312316.879]     ZONE FREE-PATTERN at +0x40: 0x7fffffffffffffff
[1785312316.879]   [iter 378] close=0x0 kernPtrs=10 freePatterns=1 changed=0 bytes
[1785312316.879]     *** KERNEL PTR PATTERN: offset=0x60 value=0xffffffff000000d3 ***
[1785312316.879]     *** KERNEL PTR PATTERN: offset=0x61 value=0xffffffffff000000 ***
[1785312316.879]     *** KERNEL PTR PATTERN: offset=0x62 value=0xffffffffffff0000 ***
[1785312316.880]     *** KERNEL PTR PATTERN: offset=0x59 value=0xffffff000000d300 ***
[1785312316.880]     *** KERNEL PTR PATTERN: offset=0x63 value=0xffffffffffffff00 ***
[1785312316.880]     *** KERNEL PTR PATTERN: offset=0x60 value=0xffffffff000000d3 ***
[1785312316.880]     *** KERNEL PTR PATTERN: offset=0x61 value=0xffffffffff000000 ***
[1785312316.880]     *** KERNEL PTR PATTERN: offset=0x62 value=0xffffffffffff0000 ***
[1785312316.880]     *** KERNEL PTR PATTERN: offset=0x59 value=0xffffff000000d300 ***
[1785312316.880]     *** KERNEL PTR PATTERN: offset=0x63 value=0xffffffffffffff00 ***
[1785312316.881]     ZONE FREE-PATTERN at +0x40: 0x7fffffffffffffff
[1785312316.881]   [iter 379] close=0x0 kernPtrs=10 freePatterns=1 changed=0 bytes
[1785312316.881]     *** KERNEL PTR PATTERN: offset=0x60 value=0xffffffff000000d3 ***
[1785312316.881]     *** KERNEL PTR PATTERN: offset=0x61 value=0xffffffffff000000 ***
[1785312316.881]     *** KERNEL PTR PATTERN: offset=0x62 value=0xffffffffffff0000 ***
[1785312316.881]     *** KERNEL PTR PATTERN: offset=0x59 value=0xffffff000000d300 ***
[1785312316.881]     *** KERNEL PTR PATTERN: offset=0x63 value=0xffffffffffffff00 ***
[1785312316.881]     *** KERNEL PTR PATTERN: offset=0x60 value=0xffffffff000000d3 ***
[1785312316.881]     *** KERNEL PTR PATTERN: offset=0x61 value=0xffffffffff000000 ***
[1785312316.881]     *** KERNEL PTR PATTERN: offset=0x62 value=0xffffffffffff0000 ***
[1785312316.882]     *** KERNEL PTR PATTERN: offset=0x59 value=0xffffff000000d300 ***
[1785312316.882]     *** KERNEL PTR PATTERN: offset=0x63 value=0xffffffffffffff00 ***
[1785312316.883]     ZONE FREE-PATTERN at +0x40: 0x7fffffffffffffff
[1785312316.883]   [iter 380] close=0x0 kernPtrs=10 freePatterns=1 changed=0 bytes
[1785312316.883]     *** KERNEL PTR PATTERN: offset=0x60 value=0xffffffff000000d3 ***
[1785312316.883]     *** KERNEL PTR PATTERN: offset=0x61 value=0xffffffffff000000 ***
[1785312316.883]     *** KERNEL PTR PATTERN: offset=0x62 value=0xffffffffffff0000 ***
[1785312316.883]     *** KERNEL PTR PATTERN: offset=0x59 value=0xffffff000000d300 ***
[1785312316.883]     *** KERNEL PTR PATTERN: offset=0x63 value=0xffffffffffffff00 ***
[1785312316.883]     *** KERNEL PTR PATTERN: offset=0x60 value=0xffffffff000000d3 ***
[1785312316.883]     *** KERNEL PTR PATTERN: offset=0x61 value=0xffffffffff000000 ***
[1785312316.883]     *** KERNEL PTR PATTERN: offset=0x62 value=0xffffffffffff0000 ***
[1785312316.883]     *** KERNEL PTR PATTERN: offset=0x59 value=0xffffff000000d300 ***
[1785312316.883]     *** KERNEL PTR PATTERN: offset=0x63 value=0xffffffffffffff00 ***
[1785312316.884]     ZONE FREE-PATTERN at +0x40: 0x7fffffffffffffff
[1785312316.885]   [iter 381] close=0x0 kernPtrs=10 freePatterns=1 changed=0 bytes
[1785312316.885]     *** KERNEL PTR PATTERN: offset=0x60 value=0xffffffff000000d3 ***
[1785312316.885]     *** KERNEL PTR PATTERN: offset=0x61 value=0xffffffffff000000 ***
[1785312316.885]     *** KERNEL PTR PATTERN: offset=0x62 value=0xffffffffffff0000 ***
[1785312316.885]     *** KERNEL PTR PATTERN: offset=0x59 value=0xffffff000000d300 ***
[1785312316.885]     *** KERNEL PTR PATTERN: offset=0x63 value=0xffffffffffffff00 ***
[1785312316.885]     *** KERNEL PTR PATTERN: offset=0x60 value=0xffffffff000000d3 ***
[1785312316.885]     *** KERNEL PTR PATTERN: offset=0x61 value=0xffffffffff000000 ***
[1785312316.885]     *** KERNEL PTR PATTERN: offset=0x62 value=0xffffffffffff0000 ***
[1785312316.885]     *** KERNEL PTR PATTERN: offset=0x59 value=0xffffff000000d300 ***
[1785312316.885]     *** KERNEL PTR PATTERN: offset=0x63 value=0xffffffffffffff00 ***
[1785312316.886]     ZONE FREE-PATTERN at +0x40: 0x7fffffffffffffff
[1785312316.886]   [iter 382] close=0x0 kernPtrs=10 freePatterns=1 changed=0 bytes
[1785312316.886]     *** KERNEL PTR PATTERN: offset=0x60 value=0xffffffff000000d3 ***
[1785312316.886]     *** KERNEL PTR PATTERN: offset=0x61 value=0xffffffffff000000 ***
[1785312316.886]     *** KERNEL PTR PATTERN: offset=0x62 value=0xffffffffffff0000 ***
[1785312316.886]     *** KERNEL PTR PATTERN: offset=0x59 value=0xffffff000000d300 ***
[1785312316.886]     *** KERNEL PTR PATTERN: offset=0x63 value=0xffffffffffffff00 ***
[1785312316.886]     *** KERNEL PTR PATTERN: offset=0x60 value=0xffffffff000000d3 ***
[1785312316.886]     *** KERNEL PTR PATTERN: offset=0x61 value=0xffffffffff000000 ***
[1785312316.886]     *** KERNEL PTR PATTERN: offset=0x62 value=0xffffffffffff0000 ***
[1785312316.886]     *** KERNEL PTR PATTERN: offset=0x59 value=0xffffff000000d300 ***
[1785312316.887]     *** KERNEL PTR PATTERN: offset=0x63 value=0xffffffffffffff00 ***
[1785312316.888]     ZONE FREE-PATTERN at +0x40: 0x7fffffffffffffff
[1785312316.888]   [iter 383] close=0x0 kernPtrs=10 freePatterns=1 changed=0 bytes
[1785312316.888]     *** KERNEL PTR PATTERN: offset=0x60 value=0xffffffff000000d3 ***
[1785312316.888]     *** KERNEL PTR PATTERN: offset=0x61 value=0xffffffffff000000 ***
[1785312316.888]     *** KERNEL PTR PATTERN: offset=0x62 value=0xffffffffffff0000 ***
[1785312316.888]     *** KERNEL PTR PATTERN: offset=0x59 value=0xffffff000000d300 ***
[1785312316.888]     *** KERNEL PTR PATTERN: offset=0x63 value=0xffffffffffffff00 ***
[1785312316.888]     *** KERNEL PTR PATTERN: offset=0x60 value=0xffffffff000000d3 ***
[1785312316.888]     *** KERNEL PTR PATTERN: offset=0x61 value=0xffffffffff000000 ***
[1785312316.888]     *** KERNEL PTR PATTERN: offset=0x62 value=0xffffffffffff0000 ***
[1785312316.888]     *** KERNEL PTR PATTERN: offset=0x59 value=0xffffff000000d300 ***
[1785312316.888]     *** KERNEL PTR PATTERN: offset=0x63 value=0xffffffffffffff00 ***
[1785312316.889]     ZONE FREE-PATTERN at +0x40: 0x7fffffffffffffff
[1785312316.889]   [iter 384] close=0x0 kernPtrs=10 freePatterns=1 changed=0 bytes
[1785312316.889]     *** KERNEL PTR PATTERN: offset=0x60 value=0xffffffff000000d3 ***
[1785312316.889]     *** KERNEL PTR PATTERN: offset=0x61 value=0xffffffffff000000 ***
[1785312316.889]     *** KERNEL PTR PATTERN: offset=0x62 value=0xffffffffffff0000 ***
[1785312316.890]     *** KERNEL PTR PATTERN: offset=0x59 value=0xffffff000000d300 ***
[1785312316.890]     *** KERNEL PTR PATTERN: offset=0x63 value=0xffffffffffffff00 ***
[1785312316.890]     *** KERNEL PTR PATTERN: offset=0x60 value=0xffffffff000000d3 ***
[1785312316.890]     *** KERNEL PTR PATTERN: offset=0x61 value=0xffffffffff000000 ***
[1785312316.890]     *** KERNEL PTR PATTERN: offset=0x62 value=0xffffffffffff0000 ***
[1785312316.890]     *** KERNEL PTR PATTERN: offset=0x59 value=0xffffff000000d300 ***
[1785312316.890]     *** KERNEL PTR PATTERN: offset=0x63 value=0xffffffffffffff00 ***
[1785312316.891]     ZONE FREE-PATTERN at +0x40: 0x7fffffffffffffff
[1785312316.891]   [iter 385] close=0x0 kernPtrs=10 freePatterns=1 changed=0 bytes
[1785312316.891]     *** KERNEL PTR PATTERN: offset=0x60 value=0xffffffff000000d3 ***
[1785312316.891]     *** KERNEL PTR PATTERN: offset=0x61 value=0xffffffffff000000 ***
[1785312316.891]     *** KERNEL PTR PATTERN: offset=0x62 value=0xffffffffffff0000 ***
[1785312316.891]     *** KERNEL PTR PATTERN: offset=0x59 value=0xffffff000000d300 ***
[1785312316.891]     *** KERNEL PTR PATTERN: offset=0x63 value=0xffffffffffffff00 ***
[1785312316.891]     *** KERNEL PTR PATTERN: offset=0x60 value=0xffffffff000000d3 ***
[1785312316.891]     *** KERNEL PTR PATTERN: offset=0x61 value=0xffffffffff000000 ***
[1785312316.891]     *** KERNEL PTR PATTERN: offset=0x62 value=0xffffffffffff0000 ***
[1785312316.891]     *** KERNEL PTR PATTERN: offset=0x59 value=0xffffff000000d300 ***
[1785312316.892]     *** KERNEL PTR PATTERN: offset=0x63 value=0xffffffffffffff00 ***
[1785312316.893]     ZONE FREE-PATTERN at +0x40: 0x7fffffffffffffff
[1785312316.893]   [iter 386] close=0x0 kernPtrs=10 freePatterns=1 changed=0 bytes
[1785312316.893]     *** KERNEL PTR PATTERN: offset=0x60 value=0xffffffff000000d3 ***
[1785312316.893]     *** KERNEL PTR PATTERN: offset=0x61 value=0xffffffffff000000 ***
[1785312316.894]     *** KERNEL PTR PATTERN: offset=0x62 value=0xffffffffffff0000 ***
[1785312316.894]     *** KERNEL PTR PATTERN: offset=0x59 value=0xffffff000000d300 ***
[1785312316.894]     *** KERNEL PTR PATTERN: offset=0x63 value=0xffffffffffffff00 ***
[1785312316.894]     *** KERNEL PTR PATTERN: offset=0x60 value=0xffffffff000000d3 ***
[1785312316.894]     *** KERNEL PTR PATTERN: offset=0x61 value=0xffffffffff000000 ***
[1785312316.894]     *** KERNEL PTR PATTERN: offset=0x62 value=0xffffffffffff0000 ***
[1785312316.894]     *** KERNEL PTR PATTERN: offset=0x59 value=0xffffff000000d300 ***
[1785312316.894]     *** KERNEL PTR PATTERN: offset=0x63 value=0xffffffffffffff00 ***
[1785312316.895]     ZONE FREE-PATTERN at +0x40: 0x7fffffffffffffff
[1785312316.895]   [iter 387] close=0x0 kernPtrs=10 freePatterns=1 changed=0 bytes
[1785312316.895]     *** KERNEL PTR PATTERN: offset=0x60 value=0xffffffff000000d3 ***
[1785312316.895]     *** KERNEL PTR PATTERN: offset=0x61 value=0xffffffffff000000 ***
[1785312316.895]     *** KERNEL PTR PATTERN: offset=0x62 value=0xffffffffffff0000 ***
[1785312316.895]     *** KERNEL PTR PATTERN: offset=0x59 value=0xffffff000000d300 ***
[1785312316.896]     *** KERNEL PTR PATTERN: offset=0x63 value=0xffffffffffffff00 ***
[1785312316.896]     *** KERNEL PTR PATTERN: offset=0x60 value=0xffffffff000000d3 ***
[1785312316.896]     *** KERNEL PTR PATTERN: offset=0x61 value=0xffffffffff000000 ***
[1785312316.896]     *** KERNEL PTR PATTERN: offset=0x62 value=0xffffffffffff0000 ***
[1785312316.896]     *** KERNEL PTR PATTERN: offset=0x59 value=0xffffff000000d300 ***
[1785312316.896]     *** KERNEL PTR PATTERN: offset=0x63 value=0xffffffffffffff00 ***
[1785312316.898]     ZONE FREE-PATTERN at +0x40: 0x7fffffffffffffff
[1785312316.898]   [iter 388] close=0x0 kernPtrs=10 freePatterns=1 changed=0 bytes
[1785312316.898]     *** KERNEL PTR PATTERN: offset=0x60 value=0xffffffff000000d3 ***
[1785312316.898]     *** KERNEL PTR PATTERN: offset=0x61 value=0xffffffffff000000 ***
[1785312316.898]     *** KERNEL PTR PATTERN: offset=0x62 value=0xffffffffffff0000 ***
[1785312316.898]     *** KERNEL PTR PATTERN: offset=0x59 value=0xffffff000000d300 ***
[1785312316.898]     *** KERNEL PTR PATTERN: offset=0x63 value=0xffffffffffffff00 ***
[1785312316.898]     *** KERNEL PTR PATTERN: offset=0x60 value=0xffffffff000000d3 ***
[1785312316.898]     *** KERNEL PTR PATTERN: offset=0x61 value=0xffffffffff000000 ***
[1785312316.898]     *** KERNEL PTR PATTERN: offset=0x62 value=0xffffffffffff0000 ***
[1785312316.898]     *** KERNEL PTR PATTERN: offset=0x59 value=0xffffff000000d300 ***
[1785312316.898]     *** KERNEL PTR PATTERN: offset=0x63 value=0xffffffffffffff00 ***
[1785312316.900]     ZONE FREE-PATTERN at +0x40: 0x7fffffffffffffff
[1785312316.900]   [iter 389] close=0x0 kernPtrs=10 freePatterns=1 changed=0 bytes
[1785312316.900]     *** KERNEL PTR PATTERN: offset=0x60 value=0xffffffff000000d3 ***
[1785312316.900]     *** KERNEL PTR PATTERN: offset=0x61 value=0xffffffffff000000 ***
[1785312316.900]     *** KERNEL PTR PATTERN: offset=0x62 value=0xffffffffffff0000 ***
[1785312316.900]     *** KERNEL PTR PATTERN: offset=0x59 value=0xffffff000000d300 ***
[1785312316.900]     *** KERNEL PTR PATTERN: offset=0x63 value=0xffffffffffffff00 ***
[1785312316.900]     *** KERNEL PTR PATTERN: offset=0x60 value=0xffffffff000000d3 ***
[1785312316.900]     *** KERNEL PTR PATTERN: offset=0x61 value=0xffffffffff000000 ***
[1785312316.900]     *** KERNEL PTR PATTERN: offset=0x62 value=0xffffffffffff0000 ***
[1785312316.900]     *** KERNEL PTR PATTERN: offset=0x59 value=0xffffff000000d300 ***
[1785312316.900]     *** KERNEL PTR PATTERN: offset=0x63 value=0xffffffffffffff00 ***
[1785312316.902]     ZONE FREE-PATTERN at +0x40: 0x7fffffffffffffff
[1785312316.902]   [iter 390] close=0x0 kernPtrs=10 freePatterns=1 changed=0 bytes
[1785312316.902]     *** KERNEL PTR PATTERN: offset=0x60 value=0xffffffff000000d3 ***
[1785312316.902]     *** KERNEL PTR PATTERN: offset=0x61 value=0xffffffffff000000 ***
[1785312316.902]     *** KERNEL PTR PATTERN: offset=0x62 value=0xffffffffffff0000 ***
[1785312316.902]     *** KERNEL PTR PATTERN: offset=0x59 value=0xffffff000000d300 ***
[1785312316.902]     *** KERNEL PTR PATTERN: offset=0x63 value=0xffffffffffffff00 ***
[1785312316.902]     *** KERNEL PTR PATTERN: offset=0x60 value=0xffffffff000000d3 ***
[1785312316.902]     *** KERNEL PTR PATTERN: offset=0x61 value=0xffffffffff000000 ***
[1785312316.902]     *** KERNEL PTR PATTERN: offset=0x62 value=0xffffffffffff0000 ***
[1785312316.902]     *** KERNEL PTR PATTERN: offset=0x59 value=0xffffff000000d300 ***
[1785312316.902]     *** KERNEL PTR PATTERN: offset=0x63 value=0xffffffffffffff00 ***
[1785312316.904]     ZONE FREE-PATTERN at +0x40: 0x7fffffffffffffff
[1785312316.904]   [iter 391] close=0x0 kernPtrs=10 freePatterns=1 changed=0 bytes
[1785312316.904]     *** KERNEL PTR PATTERN: offset=0x60 value=0xffffffff000000d3 ***
[1785312316.904]     *** KERNEL PTR PATTERN: offset=0x61 value=0xffffffffff000000 ***
[1785312316.904]     *** KERNEL PTR PATTERN: offset=0x62 value=0xffffffffffff0000 ***
[1785312316.904]     *** KERNEL PTR PATTERN: offset=0x59 value=0xffffff000000d300 ***
[1785312316.904]     *** KERNEL PTR PATTERN: offset=0x63 value=0xffffffffffffff00 ***
[1785312316.904]     *** KERNEL PTR PATTERN: offset=0x60 value=0xffffffff000000d3 ***
[1785312316.904]     *** KERNEL PTR PATTERN: offset=0x61 value=0xffffffffff000000 ***
[1785312316.904]     *** KERNEL PTR PATTERN: offset=0x62 value=0xffffffffffff0000 ***
[1785312316.904]     *** KERNEL PTR PATTERN: offset=0x59 value=0xffffff000000d300 ***
[1785312316.904]     *** KERNEL PTR PATTERN: offset=0x63 value=0xffffffffffffff00 ***
[1785312316.906]     ZONE FREE-PATTERN at +0x40: 0x7fffffffffffffff
[1785312316.906]   [iter 392] close=0x0 kernPtrs=10 freePatterns=1 changed=0 bytes
[1785312316.906]     *** KERNEL PTR PATTERN: offset=0x60 value=0xffffffff000000d3 ***
[1785312316.906]     *** KERNEL PTR PATTERN: offset=0x61 value=0xffffffffff000000 ***
[1785312316.906]     *** KERNEL PTR PATTERN: offset=0x62 value=0xffffffffffff0000 ***
[1785312316.906]     *** KERNEL PTR PATTERN: offset=0x59 value=0xffffff000000d300 ***
[1785312316.906]     *** KERNEL PTR PATTERN: offset=0x63 value=0xffffffffffffff00 ***
[1785312316.906]     *** KERNEL PTR PATTERN: offset=0x60 value=0xffffffff000000d3 ***
[1785312316.906]     *** KERNEL PTR PATTERN: offset=0x61 value=0xffffffffff000000 ***
[1785312316.906]     *** KERNEL PTR PATTERN: offset=0x62 value=0xffffffffffff0000 ***
[1785312316.906]     *** KERNEL PTR PATTERN: offset=0x59 value=0xffffff000000d300 ***
[1785312316.906]     *** KERNEL PTR PATTERN: offset=0x63 value=0xffffffffffffff00 ***
[1785312316.908]     ZONE FREE-PATTERN at +0x40: 0x7fffffffffffffff
[1785312316.908]   [iter 393] close=0x0 kernPtrs=10 freePatterns=1 changed=0 bytes
[1785312316.908]     *** KERNEL PTR PATTERN: offset=0x60 value=0xffffffff000000d3 ***
[1785312316.908]     *** KERNEL PTR PATTERN: offset=0x61 value=0xffffffffff000000 ***
[1785312316.908]     *** KERNEL PTR PATTERN: offset=0x62 value=0xffffffffffff0000 ***
[1785312316.908]     *** KERNEL PTR PATTERN: offset=0x59 value=0xffffff000000d300 ***
[1785312316.908]     *** KERNEL PTR PATTERN: offset=0x63 value=0xffffffffffffff00 ***
[1785312316.908]     *** KERNEL PTR PATTERN: offset=0x60 value=0xffffffff000000d3 ***
[1785312316.908]     *** KERNEL PTR PATTERN: offset=0x61 value=0xffffffffff000000 ***
[1785312316.909]     *** KERNEL PTR PATTERN: offset=0x62 value=0xffffffffffff0000 ***
[1785312316.909]     *** KERNEL PTR PATTERN: offset=0x59 value=0xffffff000000d300 ***
[1785312316.909]     *** KERNEL PTR PATTERN: offset=0x63 value=0xffffffffffffff00 ***
[1785312316.910]     ZONE FREE-PATTERN at +0x40: 0x7fffffffffffffff
[1785312316.910]   [iter 394] close=0x0 kernPtrs=10 freePatterns=1 changed=0 bytes
[1785312316.910]     *** KERNEL PTR PATTERN: offset=0x60 value=0xffffffff000000d3 ***
[1785312316.910]     *** KERNEL PTR PATTERN: offset=0x61 value=0xffffffffff000000 ***
[1785312316.910]     *** KERNEL PTR PATTERN: offset=0x62 value=0xffffffffffff0000 ***
[1785312316.910]     *** KERNEL PTR PATTERN: offset=0x59 value=0xffffff000000d300 ***
[1785312316.910]     *** KERNEL PTR PATTERN: offset=0x63 value=0xffffffffffffff00 ***
[1785312316.910]     *** KERNEL PTR PATTERN: offset=0x60 value=0xffffffff000000d3 ***
[1785312316.910]     *** KERNEL PTR PATTERN: offset=0x61 value=0xffffffffff000000 ***
[1785312316.910]     *** KERNEL PTR PATTERN: offset=0x62 value=0xffffffffffff0000 ***
[1785312316.910]     *** KERNEL PTR PATTERN: offset=0x59 value=0xffffff000000d300 ***
[1785312316.910]     *** KERNEL PTR PATTERN: offset=0x63 value=0xffffffffffffff00 ***
[1785312316.912]     ZONE FREE-PATTERN at +0x40: 0x7fffffffffffffff
[1785312316.912]   [iter 395] close=0x0 kernPtrs=10 freePatterns=1 changed=0 bytes
[1785312316.912]     *** KERNEL PTR PATTERN: offset=0x60 value=0xffffffff000000d3 ***
[1785312316.912]     *** KERNEL PTR PATTERN: offset=0x61 value=0xffffffffff000000 ***
[1785312316.912]     *** KERNEL PTR PATTERN: offset=0x62 value=0xffffffffffff0000 ***
[1785312316.912]     *** KERNEL PTR PATTERN: offset=0x59 value=0xffffff000000d300 ***
[1785312316.913]     *** KERNEL PTR PATTERN: offset=0x63 value=0xffffffffffffff00 ***
[1785312316.913]     *** KERNEL PTR PATTERN: offset=0x60 value=0xffffffff000000d3 ***
[1785312316.913]     *** KERNEL PTR PATTERN: offset=0x61 value=0xffffffffff000000 ***
[1785312316.913]     *** KERNEL PTR PATTERN: offset=0x62 value=0xffffffffffff0000 ***
[1785312316.913]     *** KERNEL PTR PATTERN: offset=0x59 value=0xffffff000000d300 ***
[1785312316.913]     *** KERNEL PTR PATTERN: offset=0x63 value=0xffffffffffffff00 ***
[1785312316.914]     ZONE FREE-PATTERN at +0x40: 0x7fffffffffffffff
[1785312316.914]   [iter 396] close=0x0 kernPtrs=10 freePatterns=1 changed=0 bytes
[1785312316.914]     *** KERNEL PTR PATTERN: offset=0x60 value=0xffffffff000000d3 ***
[1785312316.914]     *** KERNEL PTR PATTERN: offset=0x61 value=0xffffffffff000000 ***
[1785312316.914]     *** KERNEL PTR PATTERN: offset=0x62 value=0xffffffffffff0000 ***
[1785312316.914]     *** KERNEL PTR PATTERN: offset=0x59 value=0xffffff000000d300 ***
[1785312316.914]     *** KERNEL PTR PATTERN: offset=0x63 value=0xffffffffffffff00 ***
[1785312316.914]     *** KERNEL PTR PATTERN: offset=0x60 value=0xffffffff000000d3 ***
[1785312316.914]     *** KERNEL PTR PATTERN: offset=0x61 value=0xffffffffff000000 ***
[1785312316.914]     *** KERNEL PTR PATTERN: offset=0x62 value=0xffffffffffff0000 ***
[1785312316.915]     *** KERNEL PTR PATTERN: offset=0x59 value=0xffffff000000d300 ***
[1785312316.915]     *** KERNEL PTR PATTERN: offset=0x63 value=0xffffffffffffff00 ***
[1785312316.916]     ZONE FREE-PATTERN at +0x40: 0x7fffffffffffffff
[1785312316.916]   [iter 397] close=0x0 kernPtrs=10 freePatterns=1 changed=0 bytes
[1785312316.916]     *** KERNEL PTR PATTERN: offset=0x60 value=0xffffffff000000d3 ***
[1785312316.916]     *** KERNEL PTR PATTERN: offset=0x61 value=0xffffffffff000000 ***
[1785312316.916]     *** KERNEL PTR PATTERN: offset=0x62 value=0xffffffffffff0000 ***
[1785312316.916]     *** KERNEL PTR PATTERN: offset=0x59 value=0xffffff000000d300 ***
[1785312316.916]     *** KERNEL PTR PATTERN: offset=0x63 value=0xffffffffffffff00 ***
[1785312316.916]     *** KERNEL PTR PATTERN: offset=0x60 value=0xffffffff000000d3 ***
[1785312316.916]     *** KERNEL PTR PATTERN: offset=0x61 value=0xffffffffff000000 ***
[1785312316.916]     *** KERNEL PTR PATTERN: offset=0x62 value=0xffffffffffff0000 ***
[1785312316.916]     *** KERNEL PTR PATTERN: offset=0x59 value=0xffffff000000d300 ***
[1785312316.916]     *** KERNEL PTR PATTERN: offset=0x63 value=0xffffffffffffff00 ***
[1785312316.918]     ZONE FREE-PATTERN at +0x40: 0x7fffffffffffffff
[1785312316.918]   [iter 398] close=0x0 kernPtrs=10 freePatterns=1 changed=0 bytes
[1785312316.918]     *** KERNEL PTR PATTERN: offset=0x60 value=0xffffffff000000d3 ***
[1785312316.918]     *** KERNEL PTR PATTERN: offset=0x61 value=0xffffffffff000000 ***
[1785312316.918]     *** KERNEL PTR PATTERN: offset=0x62 value=0xffffffffffff0000 ***
[1785312316.918]     *** KERNEL PTR PATTERN: offset=0x59 value=0xffffff000000d300 ***
[1785312316.919]     *** KERNEL PTR PATTERN: offset=0x63 value=0xffffffffffffff00 ***
[1785312316.919]     *** KERNEL PTR PATTERN: offset=0x60 value=0xffffffff000000d3 ***
[1785312316.919]     *** KERNEL PTR PATTERN: offset=0x61 value=0xffffffffff000000 ***
[1785312316.919]     *** KERNEL PTR PATTERN: offset=0x62 value=0xffffffffffff0000 ***
[1785312316.919]     *** KERNEL PTR PATTERN: offset=0x59 value=0xffffff000000d300 ***
[1785312316.919]     *** KERNEL PTR PATTERN: offset=0x63 value=0xffffffffffffff00 ***
[1785312316.921]     ZONE FREE-PATTERN at +0x40: 0x7fffffffffffffff
[1785312316.921]   [iter 399] close=0x0 kernPtrs=10 freePatterns=1 changed=0 bytes
[1785312316.921]     *** KERNEL PTR PATTERN: offset=0x60 value=0xffffffff000000d3 ***
[1785312316.921]     *** KERNEL PTR PATTERN: offset=0x61 value=0xffffffffff000000 ***
[1785312316.921]     *** KERNEL PTR PATTERN: offset=0x62 value=0xffffffffffff0000 ***
[1785312316.921]     *** KERNEL PTR PATTERN: offset=0x59 value=0xffffff000000d300 ***
[1785312316.921]     *** KERNEL PTR PATTERN: offset=0x63 value=0xffffffffffffff00 ***
[1785312316.921]     *** KERNEL PTR PATTERN: offset=0x60 value=0xffffffff000000d3 ***
[1785312316.921]     *** KERNEL PTR PATTERN: offset=0x61 value=0xffffffffff000000 ***
[1785312316.921]     *** KERNEL PTR PATTERN: offset=0x62 value=0xffffffffffff0000 ***
[1785312316.921]     *** KERNEL PTR PATTERN: offset=0x59 value=0xffffff000000d300 ***
[1785312316.921]     *** KERNEL PTR PATTERN: offset=0x63 value=0xffffffffffffff00 ***
[1785312316.923]     ZONE FREE-PATTERN at +0x40: 0x7fffffffffffffff
[1785312316.923]   [iter 400] close=0x0 kernPtrs=10 freePatterns=1 changed=0 bytes
[1785312316.923]     *** KERNEL PTR PATTERN: offset=0x60 value=0xffffffff000000d3 ***
[1785312316.924]     *** KERNEL PTR PATTERN: offset=0x61 value=0xffffffffff000000 ***
[1785312316.924]     *** KERNEL PTR PATTERN: offset=0x62 value=0xffffffffffff0000 ***
[1785312316.924]     *** KERNEL PTR PATTERN: offset=0x59 value=0xffffff000000d300 ***
[1785312316.924]     *** KERNEL PTR PATTERN: offset=0x63 value=0xffffffffffffff00 ***
[1785312316.924]     *** KERNEL PTR PATTERN: offset=0x60 value=0xffffffff000000d3 ***
[1785312316.924]     *** KERNEL PTR PATTERN: offset=0x61 value=0xffffffffff000000 ***
[1785312316.924]     *** KERNEL PTR PATTERN: offset=0x62 value=0xffffffffffff0000 ***
[1785312316.924]     *** KERNEL PTR PATTERN: offset=0x59 value=0xffffff000000d300 ***
[1785312316.924]     *** KERNEL PTR PATTERN: offset=0x63 value=0xffffffffffffff00 ***
[1785312316.925]     ZONE FREE-PATTERN at +0x40: 0x7fffffffffffffff
[1785312316.926]   [iter 401] close=0x0 kernPtrs=10 freePatterns=1 changed=0 bytes
[1785312316.926]     *** KERNEL PTR PATTERN: offset=0x60 value=0xffffffff000000d3 ***
[1785312316.926]     *** KERNEL PTR PATTERN: offset=0x61 value=0xffffffffff000000 ***
[1785312316.926]     *** KERNEL PTR PATTERN: offset=0x62 value=0xffffffffffff0000 ***
[1785312316.926]     *** KERNEL PTR PATTERN: offset=0x59 value=0xffffff000000d300 ***
[1785312316.926]     *** KERNEL PTR PATTERN: offset=0x63 value=0xffffffffffffff00 ***
[1785312316.926]     *** KERNEL PTR PATTERN: offset=0x60 value=0xffffffff000000d3 ***
[1785312316.926]     *** KERNEL PTR PATTERN: offset=0x61 value=0xffffffffff000000 ***
[1785312316.926]     *** KERNEL PTR PATTERN: offset=0x62 value=0xffffffffffff0000 ***
[1785312316.926]     *** KERNEL PTR PATTERN: offset=0x59 value=0xffffff000000d300 ***
[1785312316.926]     *** KERNEL PTR PATTERN: offset=0x63 value=0xffffffffffffff00 ***
[1785312316.928]     ZONE FREE-PATTERN at +0x40: 0x7fffffffffffffff
[1785312316.928]   [iter 402] close=0x0 kernPtrs=10 freePatterns=1 changed=0 bytes
[1785312316.928]     *** KERNEL PTR PATTERN: offset=0x60 value=0xffffffff000000d3 ***
[1785312316.928]     *** KERNEL PTR PATTERN: offset=0x61 value=0xffffffffff000000 ***
[1785312316.928]     *** KERNEL PTR PATTERN: offset=0x62 value=0xffffffffffff0000 ***
[1785312316.928]     *** KERNEL PTR PATTERN: offset=0x59 value=0xffffff000000d300 ***
[1785312316.928]     *** KERNEL PTR PATTERN: offset=0x63 value=0xffffffffffffff00 ***
[1785312316.928]     *** KERNEL PTR PATTERN: offset=0x60 value=0xffffffff000000d3 ***
[1785312316.928]     *** KERNEL PTR PATTERN: offset=0x61 value=0xffffffffff000000 ***
[1785312316.928]     *** KERNEL PTR PATTERN: offset=0x62 value=0xffffffffffff0000 ***
[1785312316.928]     *** KERNEL PTR PATTERN: offset=0x59 value=0xffffff000000d300 ***
[1785312316.928]     *** KERNEL PTR PATTERN: offset=0x63 value=0xffffffffffffff00 ***
[1785312316.929]     ZONE FREE-PATTERN at +0x40: 0x7fffffffffffffff
[1785312316.930]   [iter 403] close=0x0 kernPtrs=10 freePatterns=1 changed=0 bytes
[1785312316.930]     *** KERNEL PTR PATTERN: offset=0x60 value=0xffffffff000000d3 ***
[1785312316.930]     *** KERNEL PTR PATTERN: offset=0x61 value=0xffffffffff000000 ***
[1785312316.930]     *** KERNEL PTR PATTERN: offset=0x62 value=0xffffffffffff0000 ***
[1785312316.930]     *** KERNEL PTR PATTERN: offset=0x59 value=0xffffff000000d300 ***
[1785312316.930]     *** KERNEL PTR PATTERN: offset=0x63 value=0xffffffffffffff00 ***
[1785312316.930]     *** KERNEL PTR PATTERN: offset=0x60 value=0xffffffff000000d3 ***
[1785312316.930]     *** KERNEL PTR PATTERN: offset=0x61 value=0xffffffffff000000 ***
[1785312316.930]     *** KERNEL PTR PATTERN: offset=0x62 value=0xffffffffffff0000 ***
[1785312316.930]     *** KERNEL PTR PATTERN: offset=0x59 value=0xffffff000000d300 ***
[1785312316.930]     *** KERNEL PTR PATTERN: offset=0x63 value=0xffffffffffffff00 ***
[1785312316.931]     ZONE FREE-PATTERN at +0x40: 0x7fffffffffffffff
[1785312316.931]   [iter 404] close=0x0 kernPtrs=10 freePatterns=1 changed=0 bytes
[1785312316.931]     *** KERNEL PTR PATTERN: offset=0x60 value=0xffffffff000000d3 ***
[1785312316.932]     *** KERNEL PTR PATTERN: offset=0x61 value=0xffffffffff000000 ***
[1785312316.932]     *** KERNEL PTR PATTERN: offset=0x62 value=0xffffffffffff0000 ***
[1785312316.932]     *** KERNEL PTR PATTERN: offset=0x59 value=0xffffff000000d300 ***
[1785312316.932]     *** KERNEL PTR PATTERN: offset=0x63 value=0xffffffffffffff00 ***
[1785312316.932]     *** KERNEL PTR PATTERN: offset=0x60 value=0xffffffff000000d3 ***
[1785312316.932]     *** KERNEL PTR PATTERN: offset=0x61 value=0xffffffffff000000 ***
[1785312316.932]     *** KERNEL PTR PATTERN: offset=0x62 value=0xffffffffffff0000 ***
[1785312316.932]     *** KERNEL PTR PATTERN: offset=0x59 value=0xffffff000000d300 ***
[1785312316.932]     *** KERNEL PTR PATTERN: offset=0x63 value=0xffffffffffffff00 ***
[1785312316.933]     ZONE FREE-PATTERN at +0x40: 0x7fffffffffffffff
[1785312316.933]   [iter 405] close=0x0 kernPtrs=10 freePatterns=1 changed=0 bytes
[1785312316.933]     *** KERNEL PTR PATTERN: offset=0x60 value=0xffffffff000000d3 ***
[1785312316.934]     *** KERNEL PTR PATTERN: offset=0x61 value=0xffffffffff000000 ***
[1785312316.934]     *** KERNEL PTR PATTERN: offset=0x62 value=0xffffffffffff0000 ***
[1785312316.934]     *** KERNEL PTR PATTERN: offset=0x59 value=0xffffff000000d300 ***
[1785312316.934]     *** KERNEL PTR PATTERN: offset=0x63 value=0xffffffffffffff00 ***
[1785312316.934]     *** KERNEL PTR PATTERN: offset=0x60 value=0xffffffff000000d3 ***
[1785312316.934]     *** KERNEL PTR PATTERN: offset=0x61 value=0xffffffffff000000 ***
[1785312316.934]     *** KERNEL PTR PATTERN: offset=0x62 value=0xffffffffffff0000 ***
[1785312316.934]     *** KERNEL PTR PATTERN: offset=0x59 value=0xffffff000000d300 ***
[1785312316.934]     *** KERNEL PTR PATTERN: offset=0x63 value=0xffffffffffffff00 ***
[1785312316.935]     ZONE FREE-PATTERN at +0x40: 0x7fffffffffffffff
[1785312316.935]   [iter 406] close=0x0 kernPtrs=10 freePatterns=1 changed=0 bytes
[1785312316.935]     *** KERNEL PTR PATTERN: offset=0x60 value=0xffffffff000000d3 ***
[1785312316.935]     *** KERNEL PTR PATTERN: offset=0x61 value=0xffffffffff000000 ***
[1785312316.935]     *** KERNEL PTR PATTERN: offset=0x62 value=0xffffffffffff0000 ***
[1785312316.935]     *** KERNEL PTR PATTERN: offset=0x59 value=0xffffff000000d300 ***
[1785312316.935]     *** KERNEL PTR PATTERN: offset=0x63 value=0xffffffffffffff00 ***
[1785312316.935]     *** KERNEL PTR PATTERN: offset=0x60 value=0xffffffff000000d3 ***
[1785312316.936]     *** KERNEL PTR PATTERN: offset=0x61 value=0xffffffffff000000 ***
[1785312316.936]     *** KERNEL PTR PATTERN: offset=0x62 value=0xffffffffffff0000 ***
[1785312316.936]     *** KERNEL PTR PATTERN: offset=0x59 value=0xffffff000000d300 ***
[1785312316.936]     *** KERNEL PTR PATTERN: offset=0x63 value=0xffffffffffffff00 ***
[1785312316.937]     ZONE FREE-PATTERN at +0x40: 0x7fffffffffffffff
[1785312316.937]   [iter 407] close=0x0 kernPtrs=10 freePatterns=1 changed=0 bytes
[1785312316.937]     *** KERNEL PTR PATTERN: offset=0x60 value=0xffffffff000000d3 ***
[1785312316.937]     *** KERNEL PTR PATTERN: offset=0x61 value=0xffffffffff000000 ***
[1785312316.937]     *** KERNEL PTR PATTERN: offset=0x62 value=0xffffffffffff0000 ***
[1785312316.938]     *** KERNEL PTR PATTERN: offset=0x59 value=0xffffff000000d300 ***
[1785312316.938]     *** KERNEL PTR PATTERN: offset=0x63 value=0xffffffffffffff00 ***
[1785312316.938]     *** KERNEL PTR PATTERN: offset=0x60 value=0xffffffff000000d3 ***
[1785312316.938]     *** KERNEL PTR PATTERN: offset=0x61 value=0xffffffffff000000 ***
[1785312316.938]     *** KERNEL PTR PATTERN: offset=0x62 value=0xffffffffffff0000 ***
[1785312316.938]     *** KERNEL PTR PATTERN: offset=0x59 value=0xffffff000000d300 ***
[1785312316.938]     *** KERNEL PTR PATTERN: offset=0x63 value=0xffffffffffffff00 ***
[1785312316.939]     ZONE FREE-PATTERN at +0x40: 0x7fffffffffffffff
[1785312316.939]   [iter 408] close=0x0 kernPtrs=10 freePatterns=1 changed=0 bytes
[1785312316.939]     *** KERNEL PTR PATTERN: offset=0x60 value=0xffffffff000000d3 ***
[1785312316.939]     *** KERNEL PTR PATTERN: offset=0x61 value=0xffffffffff000000 ***
[1785312316.939]     *** KERNEL PTR PATTERN: offset=0x62 value=0xffffffffffff0000 ***
[1785312316.940]     *** KERNEL PTR PATTERN: offset=0x59 value=0xffffff000000d300 ***
[1785312316.940]     *** KERNEL PTR PATTERN: offset=0x63 value=0xffffffffffffff00 ***
[1785312316.940]     *** KERNEL PTR PATTERN: offset=0x60 value=0xffffffff000000d3 ***
[1785312316.940]     *** KERNEL PTR PATTERN: offset=0x61 value=0xffffffffff000000 ***
[1785312316.940]     *** KERNEL PTR PATTERN: offset=0x62 value=0xffffffffffff0000 ***
[1785312316.940]     *** KERNEL PTR PATTERN: offset=0x59 value=0xffffff000000d300 ***
[1785312316.940]     *** KERNEL PTR PATTERN: offset=0x63 value=0xffffffffffffff00 ***
[1785312316.942]     ZONE FREE-PATTERN at +0x40: 0x7fffffffffffffff
[1785312316.942]   [iter 409] close=0x0 kernPtrs=10 freePatterns=1 changed=0 bytes
[1785312316.942]     *** KERNEL PTR PATTERN: offset=0x60 value=0xffffffff000000d3 ***
[1785312316.942]     *** KERNEL PTR PATTERN: offset=0x61 value=0xffffffffff000000 ***
[1785312316.942]     *** KERNEL PTR PATTERN: offset=0x62 value=0xffffffffffff0000 ***
[1785312316.942]     *** KERNEL PTR PATTERN: offset=0x59 value=0xffffff000000d300 ***
[1785312316.942]     *** KERNEL PTR PATTERN: offset=0x63 value=0xffffffffffffff00 ***
[1785312316.942]     *** KERNEL PTR PATTERN: offset=0x60 value=0xffffffff000000d3 ***
[1785312316.942]     *** KERNEL PTR PATTERN: offset=0x61 value=0xffffffffff000000 ***
[1785312316.942]     *** KERNEL PTR PATTERN: offset=0x62 value=0xffffffffffff0000 ***
[1785312316.942]     *** KERNEL PTR PATTERN: offset=0x59 value=0xffffff000000d300 ***
[1785312316.942]     *** KERNEL PTR PATTERN: offset=0x63 value=0xffffffffffffff00 ***
[1785312316.943]     ZONE FREE-PATTERN at +0x40: 0x7fffffffffffffff
[1785312316.943]   [iter 410] close=0x0 kernPtrs=10 freePatterns=1 changed=0 bytes
[1785312316.943]     *** KERNEL PTR PATTERN: offset=0x60 value=0xffffffff000000d3 ***
[1785312316.943]     *** KERNEL PTR PATTERN: offset=0x61 value=0xffffffffff000000 ***
[1785312316.943]     *** KERNEL PTR PATTERN: offset=0x62 value=0xffffffffffff0000 ***
[1785312316.944]     *** KERNEL PTR PATTERN: offset=0x59 value=0xffffff000000d300 ***
[1785312316.944]     *** KERNEL PTR PATTERN: offset=0x63 value=0xffffffffffffff00 ***
[1785312316.944]     *** KERNEL PTR PATTERN: offset=0x60 value=0xffffffff000000d3 ***
[1785312316.944]     *** KERNEL PTR PATTERN: offset=0x61 value=0xffffffffff000000 ***
[1785312316.944]     *** KERNEL PTR PATTERN: offset=0x62 value=0xffffffffffff0000 ***
[1785312316.944]     *** KERNEL PTR PATTERN: offset=0x59 value=0xffffff000000d300 ***
[1785312316.944]     *** KERNEL PTR PATTERN: offset=0x63 value=0xffffffffffffff00 ***
[1785312316.945]     ZONE FREE-PATTERN at +0x40: 0x7fffffffffffffff
[1785312316.945]   [iter 411] close=0x0 kernPtrs=10 freePatterns=1 changed=0 bytes
[1785312316.945]     *** KERNEL PTR PATTERN: offset=0x60 value=0xffffffff000000d3 ***
[1785312316.945]     *** KERNEL PTR PATTERN: offset=0x61 value=0xffffffffff000000 ***
[1785312316.945]     *** KERNEL PTR PATTERN: offset=0x62 value=0xffffffffffff0000 ***
[1785312316.945]     *** KERNEL PTR PATTERN: offset=0x59 value=0xffffff000000d300 ***
[1785312316.945]     *** KERNEL PTR PATTERN: offset=0x63 value=0xffffffffffffff00 ***
[1785312316.946]     *** KERNEL PTR PATTERN: offset=0x60 value=0xffffffff000000d3 ***
[1785312316.946]     *** KERNEL PTR PATTERN: offset=0x61 value=0xffffffffff000000 ***
[1785312316.946]     *** KERNEL PTR PATTERN: offset=0x62 value=0xffffffffffff0000 ***
[1785312316.946]     *** KERNEL PTR PATTERN: offset=0x59 value=0xffffff000000d300 ***
[1785312316.946]     *** KERNEL PTR PATTERN: offset=0x63 value=0xffffffffffffff00 ***
[1785312316.947]     ZONE FREE-PATTERN at +0x40: 0x7fffffffffffffff
[1785312316.947]   [iter 412] close=0x0 kernPtrs=10 freePatterns=1 changed=0 bytes
[1785312316.947]     *** KERNEL PTR PATTERN: offset=0x60 value=0xffffffff000000d3 ***
[1785312316.947]     *** KERNEL PTR PATTERN: offset=0x61 value=0xffffffffff000000 ***
[1785312316.947]     *** KERNEL PTR PATTERN: offset=0x62 value=0xffffffffffff0000 ***
[1785312316.947]     *** KERNEL PTR PATTERN: offset=0x59 value=0xffffff000000d300 ***
[1785312316.948]     *** KERNEL PTR PATTERN: offset=0x63 value=0xffffffffffffff00 ***
[1785312316.948]     *** KERNEL PTR PATTERN: offset=0x60 value=0xffffffff000000d3 ***
[1785312316.948]     *** KERNEL PTR PATTERN: offset=0x61 value=0xffffffffff000000 ***
[1785312316.948]     *** KERNEL PTR PATTERN: offset=0x62 value=0xffffffffffff0000 ***
[1785312316.948]     *** KERNEL PTR PATTERN: offset=0x59 value=0xffffff000000d300 ***
[1785312316.948]     *** KERNEL PTR PATTERN: offset=0x63 value=0xffffffffffffff00 ***
[1785312316.949]     ZONE FREE-PATTERN at +0x40: 0x7fffffffffffffff
[1785312316.949]   [iter 413] close=0x0 kernPtrs=10 freePatterns=1 changed=0 bytes
[1785312316.949]     *** KERNEL PTR PATTERN: offset=0x60 value=0xffffffff000000d3 ***
[1785312316.949]     *** KERNEL PTR PATTERN: offset=0x61 value=0xffffffffff000000 ***
[1785312316.949]     *** KERNEL PTR PATTERN: offset=0x62 value=0xffffffffffff0000 ***
[1785312316.949]     *** KERNEL PTR PATTERN: offset=0x59 value=0xffffff000000d300 ***
[1785312316.949]     *** KERNEL PTR PATTERN: offset=0x63 value=0xffffffffffffff00 ***
[1785312316.949]     *** KERNEL PTR PATTERN: offset=0x60 value=0xffffffff000000d3 ***
[1785312316.949]     *** KERNEL PTR PATTERN: offset=0x61 value=0xffffffffff000000 ***
[1785312316.950]     *** KERNEL PTR PATTERN: offset=0x62 value=0xffffffffffff0000 ***
[1785312316.950]     *** KERNEL PTR PATTERN: offset=0x59 value=0xffffff000000d300 ***
[1785312316.950]     *** KERNEL PTR PATTERN: offset=0x63 value=0xffffffffffffff00 ***
[1785312316.951]     ZONE FREE-PATTERN at +0x40: 0x7fffffffffffffff
[1785312316.951]   [iter 414] close=0x0 kernPtrs=10 freePatterns=1 changed=0 bytes
[1785312316.951]     *** KERNEL PTR PATTERN: offset=0x60 value=0xffffffff000000d3 ***
[1785312316.951]     *** KERNEL PTR PATTERN: offset=0x61 value=0xffffffffff000000 ***
[1785312316.951]     *** KERNEL PTR PATTERN: offset=0x62 value=0xffffffffffff0000 ***
[1785312316.951]     *** KERNEL PTR PATTERN: offset=0x59 value=0xffffff000000d300 ***
[1785312316.951]     *** KERNEL PTR PATTERN: offset=0x63 value=0xffffffffffffff00 ***
[1785312316.952]     *** KERNEL PTR PATTERN: offset=0x60 value=0xffffffff000000d3 ***
[1785312316.952]     *** KERNEL PTR PATTERN: offset=0x61 value=0xffffffffff000000 ***
[1785312316.952]     *** KERNEL PTR PATTERN: offset=0x62 value=0xffffffffffff0000 ***
[1785312316.952]     *** KERNEL PTR PATTERN: offset=0x59 value=0xffffff000000d300 ***
[1785312316.952]     *** KERNEL PTR PATTERN: offset=0x63 value=0xffffffffffffff00 ***
[1785312316.953]     ZONE FREE-PATTERN at +0x40: 0x7fffffffffffffff
[1785312316.954]   [iter 415] close=0x0 kernPtrs=10 freePatterns=1 changed=0 bytes
[1785312316.954]     *** KERNEL PTR PATTERN: offset=0x60 value=0xffffffff000000d3 ***
[1785312316.954]     *** KERNEL PTR PATTERN: offset=0x61 value=0xffffffffff000000 ***
[1785312316.954]     *** KERNEL PTR PATTERN: offset=0x62 value=0xffffffffffff0000 ***
[1785312316.954]     *** KERNEL PTR PATTERN: offset=0x59 value=0xffffff000000d300 ***
[1785312316.954]     *** KERNEL PTR PATTERN: offset=0x63 value=0xffffffffffffff00 ***
[1785312316.954]     *** KERNEL PTR PATTERN: offset=0x60 value=0xffffffff000000d3 ***
[1785312316.954]     *** KERNEL PTR PATTERN: offset=0x61 value=0xffffffffff000000 ***
[1785312316.954]     *** KERNEL PTR PATTERN: offset=0x62 value=0xffffffffffff0000 ***
[1785312316.954]     *** KERNEL PTR PATTERN: offset=0x59 value=0xffffff000000d300 ***
[1785312316.954]     *** KERNEL PTR PATTERN: offset=0x63 value=0xffffffffffffff00 ***
[1785312316.955]     ZONE FREE-PATTERN at +0x40: 0x7fffffffffffffff
[1785312316.955]   [iter 416] close=0x0 kernPtrs=10 freePatterns=1 changed=0 bytes
[1785312316.956]     *** KERNEL PTR PATTERN: offset=0x60 value=0xffffffff000000d3 ***
[1785312316.956]     *** KERNEL PTR PATTERN: offset=0x61 value=0xffffffffff000000 ***
[1785312316.956]     *** KERNEL PTR PATTERN: offset=0x62 value=0xffffffffffff0000 ***
[1785312316.956]     *** KERNEL PTR PATTERN: offset=0x59 value=0xffffff000000d300 ***
[1785312316.956]     *** KERNEL PTR PATTERN: offset=0x63 value=0xffffffffffffff00 ***
[1785312316.956]     *** KERNEL PTR PATTERN: offset=0x60 value=0xffffffff000000d3 ***
[1785312316.956]     *** KERNEL PTR PATTERN: offset=0x61 value=0xffffffffff000000 ***
[1785312316.956]     *** KERNEL PTR PATTERN: offset=0x62 value=0xffffffffffff0000 ***
[1785312316.956]     *** KERNEL PTR PATTERN: offset=0x59 value=0xffffff000000d300 ***
[1785312316.956]     *** KERNEL PTR PATTERN: offset=0x63 value=0xffffffffffffff00 ***
[1785312316.958]     ZONE FREE-PATTERN at +0x40: 0x7fffffffffffffff
[1785312316.958]   [iter 417] close=0x0 kernPtrs=10 freePatterns=1 changed=0 bytes
[1785312316.958]     *** KERNEL PTR PATTERN: offset=0x60 value=0xffffffff000000d3 ***
[1785312316.958]     *** KERNEL PTR PATTERN: offset=0x61 value=0xffffffffff000000 ***
[1785312316.958]     *** KERNEL PTR PATTERN: offset=0x62 value=0xffffffffffff0000 ***
[1785312316.958]     *** KERNEL PTR PATTERN: offset=0x59 value=0xffffff000000d300 ***
[1785312316.958]     *** KERNEL PTR PATTERN: offset=0x63 value=0xffffffffffffff00 ***
[1785312316.958]     *** KERNEL PTR PATTERN: offset=0x60 value=0xffffffff000000d3 ***
[1785312316.958]     *** KERNEL PTR PATTERN: offset=0x61 value=0xffffffffff000000 ***
[1785312316.958]     *** KERNEL PTR PATTERN: offset=0x62 value=0xffffffffffff0000 ***
[1785312316.958]     *** KERNEL PTR PATTERN: offset=0x59 value=0xffffff000000d300 ***
[1785312316.958]     *** KERNEL PTR PATTERN: offset=0x63 value=0xffffffffffffff00 ***
[1785312316.960]     ZONE FREE-PATTERN at +0x40: 0x7fffffffffffffff
[1785312316.960]   [iter 418] close=0x0 kernPtrs=10 freePatterns=1 changed=0 bytes
[1785312316.960]     *** KERNEL PTR PATTERN: offset=0x60 value=0xffffffff000000d3 ***
[1785312316.960]     *** KERNEL PTR PATTERN: offset=0x61 value=0xffffffffff000000 ***
[1785312316.960]     *** KERNEL PTR PATTERN: offset=0x62 value=0xffffffffffff0000 ***
[1785312316.960]     *** KERNEL PTR PATTERN: offset=0x59 value=0xffffff000000d300 ***
[1785312316.960]     *** KERNEL PTR PATTERN: offset=0x63 value=0xffffffffffffff00 ***
[1785312316.960]     *** KERNEL PTR PATTERN: offset=0x60 value=0xffffffff000000d3 ***
[1785312316.960]     *** KERNEL PTR PATTERN: offset=0x61 value=0xffffffffff000000 ***
[1785312316.960]     *** KERNEL PTR PATTERN: offset=0x62 value=0xffffffffffff0000 ***
[1785312316.960]     *** KERNEL PTR PATTERN: offset=0x59 value=0xffffff000000d300 ***
[1785312316.960]     *** KERNEL PTR PATTERN: offset=0x63 value=0xffffffffffffff00 ***
[1785312316.962]     ZONE FREE-PATTERN at +0x40: 0x7fffffffffffffff
[1785312316.962]   [iter 419] close=0x0 kernPtrs=10 freePatterns=1 changed=0 bytes
[1785312316.962]     *** KERNEL PTR PATTERN: offset=0x60 value=0xffffffff000000d3 ***
[1785312316.962]     *** KERNEL PTR PATTERN: offset=0x61 value=0xffffffffff000000 ***
[1785312316.962]     *** KERNEL PTR PATTERN: offset=0x62 value=0xffffffffffff0000 ***
[1785312316.962]     *** KERNEL PTR PATTERN: offset=0x59 value=0xffffff000000d300 ***
[1785312316.962]     *** KERNEL PTR PATTERN: offset=0x63 value=0xffffffffffffff00 ***
[1785312316.962]     *** KERNEL PTR PATTERN: offset=0x60 value=0xffffffff000000d3 ***
[1785312316.962]     *** KERNEL PTR PATTERN: offset=0x61 value=0xffffffffff000000 ***
[1785312316.962]     *** KERNEL PTR PATTERN: offset=0x62 value=0xffffffffffff0000 ***
[1785312316.962]     *** KERNEL PTR PATTERN: offset=0x59 value=0xffffff000000d300 ***
[1785312316.962]     *** KERNEL PTR PATTERN: offset=0x63 value=0xffffffffffffff00 ***
[1785312316.964]     ZONE FREE-PATTERN at +0x40: 0x7fffffffffffffff
[1785312316.964]   [iter 420] close=0x0 kernPtrs=10 freePatterns=1 changed=0 bytes
[1785312316.964]     *** KERNEL PTR PATTERN: offset=0x60 value=0xffffffff000000d3 ***
[1785312316.964]     *** KERNEL PTR PATTERN: offset=0x61 value=0xffffffffff000000 ***
[1785312316.964]     *** KERNEL PTR PATTERN: offset=0x62 value=0xffffffffffff0000 ***
[1785312316.964]     *** KERNEL PTR PATTERN: offset=0x59 value=0xffffff000000d300 ***
[1785312316.964]     *** KERNEL PTR PATTERN: offset=0x63 value=0xffffffffffffff00 ***
[1785312316.964]     *** KERNEL PTR PATTERN: offset=0x60 value=0xffffffff000000d3 ***
[1785312316.964]     *** KERNEL PTR PATTERN: offset=0x61 value=0xffffffffff000000 ***
[1785312316.964]     *** KERNEL PTR PATTERN: offset=0x62 value=0xffffffffffff0000 ***
[1785312316.964]     *** KERNEL PTR PATTERN: offset=0x59 value=0xffffff000000d300 ***
[1785312316.964]     *** KERNEL PTR PATTERN: offset=0x63 value=0xffffffffffffff00 ***
[1785312316.966]     ZONE FREE-PATTERN at +0x40: 0x7fffffffffffffff
[1785312316.966]   [iter 421] close=0x0 kernPtrs=10 freePatterns=1 changed=0 bytes
[1785312316.966]     *** KERNEL PTR PATTERN: offset=0x60 value=0xffffffff000000d3 ***
[1785312316.966]     *** KERNEL PTR PATTERN: offset=0x61 value=0xffffffffff000000 ***
[1785312316.966]     *** KERNEL PTR PATTERN: offset=0x62 value=0xffffffffffff0000 ***
[1785312316.966]     *** KERNEL PTR PATTERN: offset=0x59 value=0xffffff000000d300 ***
[1785312316.966]     *** KERNEL PTR PATTERN: offset=0x63 value=0xffffffffffffff00 ***
[1785312316.966]     *** KERNEL PTR PATTERN: offset=0x60 value=0xffffffff000000d3 ***
[1785312316.966]     *** KERNEL PTR PATTERN: offset=0x61 value=0xffffffffff000000 ***
[1785312316.967]     *** KERNEL PTR PATTERN: offset=0x62 value=0xffffffffffff0000 ***
[1785312316.967]     *** KERNEL PTR PATTERN: offset=0x59 value=0xffffff000000d300 ***
[1785312316.967]     *** KERNEL PTR PATTERN: offset=0x63 value=0xffffffffffffff00 ***
[1785312316.969]     ZONE FREE-PATTERN at +0x40: 0x7fffffffffffffff
[1785312316.969]   [iter 422] close=0x0 kernPtrs=10 freePatterns=1 changed=0 bytes
[1785312316.969]     *** KERNEL PTR PATTERN: offset=0x60 value=0xffffffff000000d3 ***
[1785312316.969]     *** KERNEL PTR PATTERN: offset=0x61 value=0xffffffffff000000 ***
[1785312316.969]     *** KERNEL PTR PATTERN: offset=0x62 value=0xffffffffffff0000 ***
[1785312316.969]     *** KERNEL PTR PATTERN: offset=0x59 value=0xffffff000000d300 ***
[1785312316.969]     *** KERNEL PTR PATTERN: offset=0x63 value=0xffffffffffffff00 ***
[1785312316.969]     *** KERNEL PTR PATTERN: offset=0x60 value=0xffffffff000000d3 ***
[1785312316.969]     *** KERNEL PTR PATTERN: offset=0x61 value=0xffffffffff000000 ***
[1785312316.969]     *** KERNEL PTR PATTERN: offset=0x62 value=0xffffffffffff0000 ***
[1785312316.969]     *** KERNEL PTR PATTERN: offset=0x59 value=0xffffff000000d300 ***
[1785312316.969]     *** KERNEL PTR PATTERN: offset=0x63 value=0xffffffffffffff00 ***
[1785312316.971]     ZONE FREE-PATTERN at +0x40: 0x7fffffffffffffff
[1785312316.971]   [iter 423] close=0x0 kernPtrs=10 freePatterns=1 changed=0 bytes
[1785312316.971]     *** KERNEL PTR PATTERN: offset=0x60 value=0xffffffff000000d3 ***
[1785312316.971]     *** KERNEL PTR PATTERN: offset=0x61 value=0xffffffffff000000 ***
[1785312316.971]     *** KERNEL PTR PATTERN: offset=0x62 value=0xffffffffffff0000 ***
[1785312316.971]     *** KERNEL PTR PATTERN: offset=0x59 value=0xffffff000000d300 ***
[1785312316.971]     *** KERNEL PTR PATTERN: offset=0x63 value=0xffffffffffffff00 ***
[1785312316.971]     *** KERNEL PTR PATTERN: offset=0x60 value=0xffffffff000000d3 ***
[1785312316.971]     *** KERNEL PTR PATTERN: offset=0x61 value=0xffffffffff000000 ***
[1785312316.971]     *** KERNEL PTR PATTERN: offset=0x62 value=0xffffffffffff0000 ***
[1785312316.971]     *** KERNEL PTR PATTERN: offset=0x59 value=0xffffff000000d300 ***
[1785312316.971]     *** KERNEL PTR PATTERN: offset=0x63 value=0xffffffffffffff00 ***
[1785312316.973]     ZONE FREE-PATTERN at +0x40: 0x7fffffffffffffff
[1785312316.973]   [iter 424] close=0x0 kernPtrs=10 freePatterns=1 changed=0 bytes
[1785312316.973]     *** KERNEL PTR PATTERN: offset=0x60 value=0xffffffff000000d3 ***
[1785312316.974]     *** KERNEL PTR PATTERN: offset=0x61 value=0xffffffffff000000 ***
[1785312316.974]     *** KERNEL PTR PATTERN: offset=0x62 value=0xffffffffffff0000 ***
[1785312316.974]     *** KERNEL PTR PATTERN: offset=0x59 value=0xffffff000000d300 ***
[1785312316.974]     *** KERNEL PTR PATTERN: offset=0x63 value=0xffffffffffffff00 ***
[1785312316.974]     *** KERNEL PTR PATTERN: offset=0x60 value=0xffffffff000000d3 ***
[1785312316.974]     *** KERNEL PTR PATTERN: offset=0x61 value=0xffffffffff000000 ***
[1785312316.974]     *** KERNEL PTR PATTERN: offset=0x62 value=0xffffffffffff0000 ***
[1785312316.974]     *** KERNEL PTR PATTERN: offset=0x59 value=0xffffff000000d300 ***
[1785312316.974]     *** KERNEL PTR PATTERN: offset=0x63 value=0xffffffffffffff00 ***
[1785312316.975]     ZONE FREE-PATTERN at +0x40: 0x7fffffffffffffff
[1785312316.975]   [iter 425] close=0x0 kernPtrs=10 freePatterns=1 changed=0 bytes
[1785312316.975]     *** KERNEL PTR PATTERN: offset=0x60 value=0xffffffff000000d3 ***
[1785312316.975]     *** KERNEL PTR PATTERN: offset=0x61 value=0xffffffffff000000 ***
[1785312316.975]     *** KERNEL PTR PATTERN: offset=0x62 value=0xffffffffffff0000 ***
[1785312316.975]     *** KERNEL PTR PATTERN: offset=0x59 value=0xffffff000000d300 ***
[1785312316.975]     *** KERNEL PTR PATTERN: offset=0x63 value=0xffffffffffffff00 ***
[1785312316.975]     *** KERNEL PTR PATTERN: offset=0x60 value=0xffffffff000000d3 ***
[1785312316.975]     *** KERNEL PTR PATTERN: offset=0x61 value=0xffffffffff000000 ***
[1785312316.975]     *** KERNEL PTR PATTERN: offset=0x62 value=0xffffffffffff0000 ***
[1785312316.975]     *** KERNEL PTR PATTERN: offset=0x59 value=0xffffff000000d300 ***
[1785312316.975]     *** KERNEL PTR PATTERN: offset=0x63 value=0xffffffffffffff00 ***
[1785312316.977]     ZONE FREE-PATTERN at +0x40: 0x7fffffffffffffff
[1785312316.977]   [iter 426] close=0x0 kernPtrs=10 freePatterns=1 changed=0 bytes
[1785312316.977]     *** KERNEL PTR PATTERN: offset=0x60 value=0xffffffff000000d3 ***
[1785312316.977]     *** KERNEL PTR PATTERN: offset=0x61 value=0xffffffffff000000 ***
[1785312316.977]     *** KERNEL PTR PATTERN: offset=0x62 value=0xffffffffffff0000 ***
[1785312316.977]     *** KERNEL PTR PATTERN: offset=0x59 value=0xffffff000000d300 ***
[1785312316.977]     *** KERNEL PTR PATTERN: offset=0x63 value=0xffffffffffffff00 ***
[1785312316.977]     *** KERNEL PTR PATTERN: offset=0x60 value=0xffffffff000000d3 ***
[1785312316.977]     *** KERNEL PTR PATTERN: offset=0x61 value=0xffffffffff000000 ***
[1785312316.977]     *** KERNEL PTR PATTERN: offset=0x62 value=0xffffffffffff0000 ***
[1785312316.977]     *** KERNEL PTR PATTERN: offset=0x59 value=0xffffff000000d300 ***
[1785312316.977]     *** KERNEL PTR PATTERN: offset=0x63 value=0xffffffffffffff00 ***
[1785312316.979]     ZONE FREE-PATTERN at +0x40: 0x7fffffffffffffff
[1785312316.979]   [iter 427] close=0x0 kernPtrs=10 freePatterns=1 changed=0 bytes
[1785312316.979]     *** KERNEL PTR PATTERN: offset=0x60 value=0xffffffff000000d3 ***
[1785312316.979]     *** KERNEL PTR PATTERN: offset=0x61 value=0xffffffffff000000 ***
[1785312316.979]     *** KERNEL PTR PATTERN: offset=0x62 value=0xffffffffffff0000 ***
[1785312316.980]     *** KERNEL PTR PATTERN: offset=0x59 value=0xffffff000000d300 ***
[1785312316.980]     *** KERNEL PTR PATTERN: offset=0x63 value=0xffffffffffffff00 ***
[1785312316.980]     *** KERNEL PTR PATTERN: offset=0x60 value=0xffffffff000000d3 ***
[1785312316.980]     *** KERNEL PTR PATTERN: offset=0x61 value=0xffffffffff000000 ***
[1785312316.980]     *** KERNEL PTR PATTERN: offset=0x62 value=0xffffffffffff0000 ***
[1785312316.980]     *** KERNEL PTR PATTERN: offset=0x59 value=0xffffff000000d300 ***
[1785312316.980]     *** KERNEL PTR PATTERN: offset=0x63 value=0xffffffffffffff00 ***
[1785312316.981]     ZONE FREE-PATTERN at +0x40: 0x7fffffffffffffff
[1785312316.981]   [iter 428] close=0x0 kernPtrs=10 freePatterns=1 changed=0 bytes
[1785312316.981]     *** KERNEL PTR PATTERN: offset=0x60 value=0xffffffff000000d3 ***
[1785312316.981]     *** KERNEL PTR PATTERN: offset=0x61 value=0xffffffffff000000 ***
[1785312316.982]     *** KERNEL PTR PATTERN: offset=0x62 value=0xffffffffffff0000 ***
[1785312316.982]     *** KERNEL PTR PATTERN: offset=0x59 value=0xffffff000000d300 ***
[1785312316.982]     *** KERNEL PTR PATTERN: offset=0x63 value=0xffffffffffffff00 ***
[1785312316.982]     *** KERNEL PTR PATTERN: offset=0x60 value=0xffffffff000000d3 ***
[1785312316.982]     *** KERNEL PTR PATTERN: offset=0x61 value=0xffffffffff000000 ***
[1785312316.982]     *** KERNEL PTR PATTERN: offset=0x62 value=0xffffffffffff0000 ***
[1785312316.982]     *** KERNEL PTR PATTERN: offset=0x59 value=0xffffff000000d300 ***
[1785312316.982]     *** KERNEL PTR PATTERN: offset=0x63 value=0xffffffffffffff00 ***
[1785312316.984]     ZONE FREE-PATTERN at +0x40: 0x7fffffffffffffff
[1785312316.984]   [iter 429] close=0x0 kernPtrs=10 freePatterns=1 changed=0 bytes
[1785312316.984]     *** KERNEL PTR PATTERN: offset=0x60 value=0xffffffff000000d3 ***
[1785312316.984]     *** KERNEL PTR PATTERN: offset=0x61 value=0xffffffffff000000 ***
[1785312316.984]     *** KERNEL PTR PATTERN: offset=0x62 value=0xffffffffffff0000 ***
[1785312316.984]     *** KERNEL PTR PATTERN: offset=0x59 value=0xffffff000000d300 ***
[1785312316.984]     *** KERNEL PTR PATTERN: offset=0x63 value=0xffffffffffffff00 ***
[1785312316.984]     *** KERNEL PTR PATTERN: offset=0x60 value=0xffffffff000000d3 ***
[1785312316.984]     *** KERNEL PTR PATTERN: offset=0x61 value=0xffffffffff000000 ***
[1785312316.984]     *** KERNEL PTR PATTERN: offset=0x62 value=0xffffffffffff0000 ***
[1785312316.984]     *** KERNEL PTR PATTERN: offset=0x59 value=0xffffff000000d300 ***
[1785312316.984]     *** KERNEL PTR PATTERN: offset=0x63 value=0xffffffffffffff00 ***
[1785312316.986]     ZONE FREE-PATTERN at +0x40: 0x7fffffffffffffff
[1785312316.986]   [iter 430] close=0x0 kernPtrs=10 freePatterns=1 changed=0 bytes
[1785312316.986]     *** KERNEL PTR PATTERN: offset=0x60 value=0xffffffff000000d3 ***
[1785312316.986]     *** KERNEL PTR PATTERN: offset=0x61 value=0xffffffffff000000 ***
[1785312316.987]     *** KERNEL PTR PATTERN: offset=0x62 value=0xffffffffffff0000 ***
[1785312316.987]     *** KERNEL PTR PATTERN: offset=0x59 value=0xffffff000000d300 ***
[1785312316.987]     *** KERNEL PTR PATTERN: offset=0x63 value=0xffffffffffffff00 ***
[1785312316.987]     *** KERNEL PTR PATTERN: offset=0x60 value=0xffffffff000000d3 ***
[1785312316.987]     *** KERNEL PTR PATTERN: offset=0x61 value=0xffffffffff000000 ***
[1785312316.987]     *** KERNEL PTR PATTERN: offset=0x62 value=0xffffffffffff0000 ***
[1785312316.987]     *** KERNEL PTR PATTERN: offset=0x59 value=0xffffff000000d300 ***
[1785312316.987]     *** KERNEL PTR PATTERN: offset=0x63 value=0xffffffffffffff00 ***
[1785312316.989]     ZONE FREE-PATTERN at +0x40: 0x7fffffffffffffff
[1785312316.989]   [iter 431] close=0x0 kernPtrs=10 freePatterns=1 changed=0 bytes
[1785312316.989]     *** KERNEL PTR PATTERN: offset=0x60 value=0xffffffff000000d3 ***
[1785312316.989]     *** KERNEL PTR PATTERN: offset=0x61 value=0xffffffffff000000 ***
[1785312316.989]     *** KERNEL PTR PATTERN: offset=0x62 value=0xffffffffffff0000 ***
[1785312316.989]     *** KERNEL PTR PATTERN: offset=0x59 value=0xffffff000000d300 ***
[1785312316.989]     *** KERNEL PTR PATTERN: offset=0x63 value=0xffffffffffffff00 ***
[1785312316.989]     *** KERNEL PTR PATTERN: offset=0x60 value=0xffffffff000000d3 ***
[1785312316.989]     *** KERNEL PTR PATTERN: offset=0x61 value=0xffffffffff000000 ***
[1785312316.989]     *** KERNEL PTR PATTERN: offset=0x62 value=0xffffffffffff0000 ***
[1785312316.989]     *** KERNEL PTR PATTERN: offset=0x59 value=0xffffff000000d300 ***
[1785312316.989]     *** KERNEL PTR PATTERN: offset=0x63 value=0xffffffffffffff00 ***
[1785312316.990]     ZONE FREE-PATTERN at +0x40: 0x7fffffffffffffff
[1785312316.990]   [iter 432] close=0x0 kernPtrs=10 freePatterns=1 changed=0 bytes
[1785312316.991]     *** KERNEL PTR PATTERN: offset=0x60 value=0xffffffff000000d3 ***
[1785312316.991]     *** KERNEL PTR PATTERN: offset=0x61 value=0xffffffffff000000 ***
[1785312316.991]     *** KERNEL PTR PATTERN: offset=0x62 value=0xffffffffffff0000 ***
[1785312316.991]     *** KERNEL PTR PATTERN: offset=0x59 value=0xffffff000000d300 ***
[1785312316.991]     *** KERNEL PTR PATTERN: offset=0x63 value=0xffffffffffffff00 ***
[1785312316.991]     *** KERNEL PTR PATTERN: offset=0x60 value=0xffffffff000000d3 ***
[1785312316.991]     *** KERNEL PTR PATTERN: offset=0x61 value=0xffffffffff000000 ***
[1785312316.991]     *** KERNEL PTR PATTERN: offset=0x62 value=0xffffffffffff0000 ***
[1785312316.991]     *** KERNEL PTR PATTERN: offset=0x59 value=0xffffff000000d300 ***
[1785312316.991]     *** KERNEL PTR PATTERN: offset=0x63 value=0xffffffffffffff00 ***
[1785312316.993]     ZONE FREE-PATTERN at +0x40: 0x7fffffffffffffff
[1785312316.993]   [iter 433] close=0x0 kernPtrs=10 freePatterns=1 changed=0 bytes
[1785312316.993]     *** KERNEL PTR PATTERN: offset=0x60 value=0xffffffff000000d3 ***
[1785312316.993]     *** KERNEL PTR PATTERN: offset=0x61 value=0xffffffffff000000 ***
[1785312316.993]     *** KERNEL PTR PATTERN: offset=0x62 value=0xffffffffffff0000 ***
[1785312316.993]     *** KERNEL PTR PATTERN: offset=0x59 value=0xffffff000000d300 ***
[1785312316.993]     *** KERNEL PTR PATTERN: offset=0x63 value=0xffffffffffffff00 ***
[1785312316.993]     *** KERNEL PTR PATTERN: offset=0x60 value=0xffffffff000000d3 ***
[1785312316.993]     *** KERNEL PTR PATTERN: offset=0x61 value=0xffffffffff000000 ***
[1785312316.993]     *** KERNEL PTR PATTERN: offset=0x62 value=0xffffffffffff0000 ***
[1785312316.993]     *** KERNEL PTR PATTERN: offset=0x59 value=0xffffff000000d300 ***
[1785312316.993]     *** KERNEL PTR PATTERN: offset=0x63 value=0xffffffffffffff00 ***
[1785312316.994]     ZONE FREE-PATTERN at +0x40: 0x7fffffffffffffff
[1785312316.994]   [iter 434] close=0x0 kernPtrs=10 freePatterns=1 changed=0 bytes
[1785312316.995]     *** KERNEL PTR PATTERN: offset=0x60 value=0xffffffff000000d3 ***
[1785312316.995]     *** KERNEL PTR PATTERN: offset=0x61 value=0xffffffffff000000 ***
[1785312316.995]     *** KERNEL PTR PATTERN: offset=0x62 value=0xffffffffffff0000 ***
[1785312316.995]     *** KERNEL PTR PATTERN: offset=0x59 value=0xffffff000000d300 ***
[1785312316.995]     *** KERNEL PTR PATTERN: offset=0x63 value=0xffffffffffffff00 ***
[1785312316.995]     *** KERNEL PTR PATTERN: offset=0x60 value=0xffffffff000000d3 ***
[1785312316.995]     *** KERNEL PTR PATTERN: offset=0x61 value=0xffffffffff000000 ***
[1785312316.995]     *** KERNEL PTR PATTERN: offset=0x62 value=0xffffffffffff0000 ***
[1785312316.995]     *** KERNEL PTR PATTERN: offset=0x59 value=0xffffff000000d300 ***
[1785312316.995]     *** KERNEL PTR PATTERN: offset=0x63 value=0xffffffffffffff00 ***
[1785312316.996]     ZONE FREE-PATTERN at +0x40: 0x7fffffffffffffff
[1785312316.997]   [iter 435] close=0x0 kernPtrs=10 freePatterns=1 changed=0 bytes
[1785312316.997]     *** KERNEL PTR PATTERN: offset=0x60 value=0xffffffff000000d3 ***
[1785312316.997]     *** KERNEL PTR PATTERN: offset=0x61 value=0xffffffffff000000 ***
[1785312316.997]     *** KERNEL PTR PATTERN: offset=0x62 value=0xffffffffffff0000 ***
[1785312316.997]     *** KERNEL PTR PATTERN: offset=0x59 value=0xffffff000000d300 ***
[1785312316.997]     *** KERNEL PTR PATTERN: offset=0x63 value=0xffffffffffffff00 ***
[1785312316.997]     *** KERNEL PTR PATTERN: offset=0x60 value=0xffffffff000000d3 ***
[1785312316.997]     *** KERNEL PTR PATTERN: offset=0x61 value=0xffffffffff000000 ***
[1785312316.997]     *** KERNEL PTR PATTERN: offset=0x62 value=0xffffffffffff0000 ***
[1785312316.997]     *** KERNEL PTR PATTERN: offset=0x59 value=0xffffff000000d300 ***
[1785312316.997]     *** KERNEL PTR PATTERN: offset=0x63 value=0xffffffffffffff00 ***
[1785312316.998]     ZONE FREE-PATTERN at +0x40: 0x7fffffffffffffff
[1785312316.998]   [iter 436] close=0x0 kernPtrs=10 freePatterns=1 changed=0 bytes
[1785312316.998]     *** KERNEL PTR PATTERN: offset=0x60 value=0xffffffff000000d3 ***
[1785312316.998]     *** KERNEL PTR PATTERN: offset=0x61 value=0xffffffffff000000 ***
[1785312316.998]     *** KERNEL PTR PATTERN: offset=0x62 value=0xffffffffffff0000 ***
[1785312316.998]     *** KERNEL PTR PATTERN: offset=0x59 value=0xffffff000000d300 ***
[1785312316.999]     *** KERNEL PTR PATTERN: offset=0x63 value=0xffffffffffffff00 ***
[1785312316.999]     *** KERNEL PTR PATTERN: offset=0x60 value=0xffffffff000000d3 ***
[1785312316.999]     *** KERNEL PTR PATTERN: offset=0x61 value=0xffffffffff000000 ***
[1785312316.999]     *** KERNEL PTR PATTERN: offset=0x62 value=0xffffffffffff0000 ***
[1785312316.999]     *** KERNEL PTR PATTERN: offset=0x59 value=0xffffff000000d300 ***
[1785312316.999]     *** KERNEL PTR PATTERN: offset=0x63 value=0xffffffffffffff00 ***
[1785312317.000]     ZONE FREE-PATTERN at +0x40: 0x7fffffffffffffff
[1785312317.000]   [iter 437] close=0x0 kernPtrs=10 freePatterns=1 changed=0 bytes
[1785312317.000]     *** KERNEL PTR PATTERN: offset=0x60 value=0xffffffff000000d3 ***
[1785312317.000]     *** KERNEL PTR PATTERN: offset=0x61 value=0xffffffffff000000 ***
[1785312317.000]     *** KERNEL PTR PATTERN: offset=0x62 value=0xffffffffffff0000 ***
[1785312317.000]     *** KERNEL PTR PATTERN: offset=0x59 value=0xffffff000000d300 ***
[1785312317.000]     *** KERNEL PTR PATTERN: offset=0x63 value=0xffffffffffffff00 ***
[1785312317.000]     *** KERNEL PTR PATTERN: offset=0x60 value=0xffffffff000000d3 ***
[1785312317.001]     *** KERNEL PTR PATTERN: offset=0x61 value=0xffffffffff000000 ***
[1785312317.001]     *** KERNEL PTR PATTERN: offset=0x62 value=0xffffffffffff0000 ***
[1785312317.001]     *** KERNEL PTR PATTERN: offset=0x59 value=0xffffff000000d300 ***
[1785312317.001]     *** KERNEL PTR PATTERN: offset=0x63 value=0xffffffffffffff00 ***
[1785312317.002]     ZONE FREE-PATTERN at +0x40: 0x7fffffffffffffff
[1785312317.002]   [iter 438] close=0x0 kernPtrs=10 freePatterns=1 changed=0 bytes
[1785312317.002]     *** KERNEL PTR PATTERN: offset=0x60 value=0xffffffff000000d3 ***
[1785312317.002]     *** KERNEL PTR PATTERN: offset=0x61 value=0xffffffffff000000 ***
[1785312317.002]     *** KERNEL PTR PATTERN: offset=0x62 value=0xffffffffffff0000 ***
[1785312317.002]     *** KERNEL PTR PATTERN: offset=0x59 value=0xffffff000000d300 ***
[1785312317.002]     *** KERNEL PTR PATTERN: offset=0x63 value=0xffffffffffffff00 ***
[1785312317.002]     *** KERNEL PTR PATTERN: offset=0x60 value=0xffffffff000000d3 ***
[1785312317.002]     *** KERNEL PTR PATTERN: offset=0x61 value=0xffffffffff000000 ***
[1785312317.002]     *** KERNEL PTR PATTERN: offset=0x62 value=0xffffffffffff0000 ***
[1785312317.002]     *** KERNEL PTR PATTERN: offset=0x59 value=0xffffff000000d300 ***
[1785312317.002]     *** KERNEL PTR PATTERN: offset=0x63 value=0xffffffffffffff00 ***
[1785312317.004]     ZONE FREE-PATTERN at +0x40: 0x7fffffffffffffff
[1785312317.004]   [iter 439] close=0x0 kernPtrs=10 freePatterns=1 changed=0 bytes
[1785312317.004]     *** KERNEL PTR PATTERN: offset=0x60 value=0xffffffff000000d3 ***
[1785312317.004]     *** KERNEL PTR PATTERN: offset=0x61 value=0xffffffffff000000 ***
[1785312317.004]     *** KERNEL PTR PATTERN: offset=0x62 value=0xffffffffffff0000 ***
[1785312317.004]     *** KERNEL PTR PATTERN: offset=0x59 value=0xffffff000000d300 ***
[1785312317.004]     *** KERNEL PTR PATTERN: offset=0x63 value=0xffffffffffffff00 ***
[1785312317.004]     *** KERNEL PTR PATTERN: offset=0x60 value=0xffffffff000000d3 ***
[1785312317.004]     *** KERNEL PTR PATTERN: offset=0x61 value=0xffffffffff000000 ***
[1785312317.004]     *** KERNEL PTR PATTERN: offset=0x62 value=0xffffffffffff0000 ***
[1785312317.004]     *** KERNEL PTR PATTERN: offset=0x59 value=0xffffff000000d300 ***
[1785312317.005]     *** KERNEL PTR PATTERN: offset=0x63 value=0xffffffffffffff00 ***
[1785312317.006]     ZONE FREE-PATTERN at +0x40: 0x7fffffffffffffff
[1785312317.006]   [iter 440] close=0x0 kernPtrs=10 freePatterns=1 changed=0 bytes
[1785312317.006]     *** KERNEL PTR PATTERN: offset=0x60 value=0xffffffff000000d3 ***
[1785312317.006]     *** KERNEL PTR PATTERN: offset=0x61 value=0xffffffffff000000 ***
[1785312317.006]     *** KERNEL PTR PATTERN: offset=0x62 value=0xffffffffffff0000 ***
[1785312317.006]     *** KERNEL PTR PATTERN: offset=0x59 value=0xffffff000000d300 ***
[1785312317.006]     *** KERNEL PTR PATTERN: offset=0x63 value=0xffffffffffffff00 ***
[1785312317.006]     *** KERNEL PTR PATTERN: offset=0x60 value=0xffffffff000000d3 ***
[1785312317.006]     *** KERNEL PTR PATTERN: offset=0x61 value=0xffffffffff000000 ***
[1785312317.006]     *** KERNEL PTR PATTERN: offset=0x62 value=0xffffffffffff0000 ***
[1785312317.006]     *** KERNEL PTR PATTERN: offset=0x59 value=0xffffff000000d300 ***
[1785312317.006]     *** KERNEL PTR PATTERN: offset=0x63 value=0xffffffffffffff00 ***
[1785312317.008]     ZONE FREE-PATTERN at +0x40: 0x7fffffffffffffff
[1785312317.008]   [iter 441] close=0x0 kernPtrs=10 freePatterns=1 changed=0 bytes
[1785312317.008]     *** KERNEL PTR PATTERN: offset=0x60 value=0xffffffff000000d3 ***
[1785312317.008]     *** KERNEL PTR PATTERN: offset=0x61 value=0xffffffffff000000 ***
[1785312317.008]     *** KERNEL PTR PATTERN: offset=0x62 value=0xffffffffffff0000 ***
[1785312317.008]     *** KERNEL PTR PATTERN: offset=0x59 value=0xffffff000000d300 ***
[1785312317.008]     *** KERNEL PTR PATTERN: offset=0x63 value=0xffffffffffffff00 ***
[1785312317.008]     *** KERNEL PTR PATTERN: offset=0x60 value=0xffffffff000000d3 ***
[1785312317.008]     *** KERNEL PTR PATTERN: offset=0x61 value=0xffffffffff000000 ***
[1785312317.008]     *** KERNEL PTR PATTERN: offset=0x62 value=0xffffffffffff0000 ***
[1785312317.008]     *** KERNEL PTR PATTERN: offset=0x59 value=0xffffff000000d300 ***
[1785312317.008]     *** KERNEL PTR PATTERN: offset=0x63 value=0xffffffffffffff00 ***
[1785312317.010]     ZONE FREE-PATTERN at +0x40: 0x7fffffffffffffff
[1785312317.010]   [iter 442] close=0x0 kernPtrs=10 freePatterns=1 changed=0 bytes
[1785312317.010]     *** KERNEL PTR PATTERN: offset=0x60 value=0xffffffff000000d3 ***
[1785312317.010]     *** KERNEL PTR PATTERN: offset=0x61 value=0xffffffffff000000 ***
[1785312317.010]     *** KERNEL PTR PATTERN: offset=0x62 value=0xffffffffffff0000 ***
[1785312317.010]     *** KERNEL PTR PATTERN: offset=0x59 value=0xffffff000000d300 ***
[1785312317.010]     *** KERNEL PTR PATTERN: offset=0x63 value=0xffffffffffffff00 ***
[1785312317.010]     *** KERNEL PTR PATTERN: offset=0x60 value=0xffffffff000000d3 ***
[1785312317.010]     *** KERNEL PTR PATTERN: offset=0x61 value=0xffffffffff000000 ***
[1785312317.010]     *** KERNEL PTR PATTERN: offset=0x62 value=0xffffffffffff0000 ***
[1785312317.010]     *** KERNEL PTR PATTERN: offset=0x59 value=0xffffff000000d300 ***
[1785312317.010]     *** KERNEL PTR PATTERN: offset=0x63 value=0xffffffffffffff00 ***
[1785312317.012]     ZONE FREE-PATTERN at +0x40: 0x7fffffffffffffff
[1785312317.012]   [iter 443] close=0x0 kernPtrs=10 freePatterns=1 changed=0 bytes
[1785312317.012]     *** KERNEL PTR PATTERN: offset=0x60 value=0xffffffff000000d3 ***
[1785312317.012]     *** KERNEL PTR PATTERN: offset=0x61 value=0xffffffffff000000 ***
[1785312317.012]     *** KERNEL PTR PATTERN: offset=0x62 value=0xffffffffffff0000 ***
[1785312317.012]     *** KERNEL PTR PATTERN: offset=0x59 value=0xffffff000000d300 ***
[1785312317.012]     *** KERNEL PTR PATTERN: offset=0x63 value=0xffffffffffffff00 ***
[1785312317.012]     *** KERNEL PTR PATTERN: offset=0x60 value=0xffffffff000000d3 ***
[1785312317.012]     *** KERNEL PTR PATTERN: offset=0x61 value=0xffffffffff000000 ***
[1785312317.012]     *** KERNEL PTR PATTERN: offset=0x62 value=0xffffffffffff0000 ***
[1785312317.012]     *** KERNEL PTR PATTERN: offset=0x59 value=0xffffff000000d300 ***
[1785312317.012]     *** KERNEL PTR PATTERN: offset=0x63 value=0xffffffffffffff00 ***
[1785312317.014]     ZONE FREE-PATTERN at +0x40: 0x7fffffffffffffff
[1785312317.014]   [iter 444] close=0x0 kernPtrs=10 freePatterns=1 changed=0 bytes
[1785312317.014]     *** KERNEL PTR PATTERN: offset=0x60 value=0xffffffff000000d3 ***
[1785312317.014]     *** KERNEL PTR PATTERN: offset=0x61 value=0xffffffffff000000 ***
[1785312317.014]     *** KERNEL PTR PATTERN: offset=0x62 value=0xffffffffffff0000 ***
[1785312317.014]     *** KERNEL PTR PATTERN: offset=0x59 value=0xffffff000000d300 ***
[1785312317.014]     *** KERNEL PTR PATTERN: offset=0x63 value=0xffffffffffffff00 ***
[1785312317.014]     *** KERNEL PTR PATTERN: offset=0x60 value=0xffffffff000000d3 ***
[1785312317.014]     *** KERNEL PTR PATTERN: offset=0x61 value=0xffffffffff000000 ***
[1785312317.014]     *** KERNEL PTR PATTERN: offset=0x62 value=0xffffffffffff0000 ***
[1785312317.014]     *** KERNEL PTR PATTERN: offset=0x59 value=0xffffff000000d300 ***
[1785312317.014]     *** KERNEL PTR PATTERN: offset=0x63 value=0xffffffffffffff00 ***
[1785312317.016]     ZONE FREE-PATTERN at +0x40: 0x7fffffffffffffff
[1785312317.016]   [iter 445] close=0x0 kernPtrs=10 freePatterns=1 changed=0 bytes
[1785312317.016]     *** KERNEL PTR PATTERN: offset=0x60 value=0xffffffff000000d3 ***
[1785312317.016]     *** KERNEL PTR PATTERN: offset=0x61 value=0xffffffffff000000 ***
[1785312317.016]     *** KERNEL PTR PATTERN: offset=0x62 value=0xffffffffffff0000 ***
[1785312317.016]     *** KERNEL PTR PATTERN: offset=0x59 value=0xffffff000000d300 ***
[1785312317.016]     *** KERNEL PTR PATTERN: offset=0x63 value=0xffffffffffffff00 ***
[1785312317.016]     *** KERNEL PTR PATTERN: offset=0x60 value=0xffffffff000000d3 ***
[1785312317.016]     *** KERNEL PTR PATTERN: offset=0x61 value=0xffffffffff000000 ***
[1785312317.016]     *** KERNEL PTR PATTERN: offset=0x62 value=0xffffffffffff0000 ***
[1785312317.016]     *** KERNEL PTR PATTERN: offset=0x59 value=0xffffff000000d300 ***
[1785312317.016]     *** KERNEL PTR PATTERN: offset=0x63 value=0xffffffffffffff00 ***
[1785312317.018]     ZONE FREE-PATTERN at +0x40: 0x7fffffffffffffff
[1785312317.018]   [iter 446] close=0x0 kernPtrs=10 freePatterns=1 changed=0 bytes
[1785312317.018]     *** KERNEL PTR PATTERN: offset=0x60 value=0xffffffff000000d3 ***
[1785312317.018]     *** KERNEL PTR PATTERN: offset=0x61 value=0xffffffffff000000 ***
[1785312317.018]     *** KERNEL PTR PATTERN: offset=0x62 value=0xffffffffffff0000 ***
[1785312317.018]     *** KERNEL PTR PATTERN: offset=0x59 value=0xffffff000000d300 ***
[1785312317.018]     *** KERNEL PTR PATTERN: offset=0x63 value=0xffffffffffffff00 ***
[1785312317.018]     *** KERNEL PTR PATTERN: offset=0x60 value=0xffffffff000000d3 ***
[1785312317.018]     *** KERNEL PTR PATTERN: offset=0x61 value=0xffffffffff000000 ***
[1785312317.018]     *** KERNEL PTR PATTERN: offset=0x62 value=0xffffffffffff0000 ***
[1785312317.018]     *** KERNEL PTR PATTERN: offset=0x59 value=0xffffff000000d300 ***
[1785312317.018]     *** KERNEL PTR PATTERN: offset=0x63 value=0xffffffffffffff00 ***
[1785312317.020]     ZONE FREE-PATTERN at +0x40: 0x7fffffffffffffff
[1785312317.020]   [iter 447] close=0x0 kernPtrs=10 freePatterns=1 changed=0 bytes
[1785312317.020]     *** KERNEL PTR PATTERN: offset=0x60 value=0xffffffff000000d3 ***
[1785312317.020]     *** KERNEL PTR PATTERN: offset=0x61 value=0xffffffffff000000 ***
[1785312317.020]     *** KERNEL PTR PATTERN: offset=0x62 value=0xffffffffffff0000 ***
[1785312317.020]     *** KERNEL PTR PATTERN: offset=0x59 value=0xffffff000000d300 ***
[1785312317.020]     *** KERNEL PTR PATTERN: offset=0x63 value=0xffffffffffffff00 ***
[1785312317.020]     *** KERNEL PTR PATTERN: offset=0x60 value=0xffffffff000000d3 ***
[1785312317.021]     *** KERNEL PTR PATTERN: offset=0x61 value=0xffffffffff000000 ***
[1785312317.021]     *** KERNEL PTR PATTERN: offset=0x62 value=0xffffffffffff0000 ***
[1785312317.021]     *** KERNEL PTR PATTERN: offset=0x59 value=0xffffff000000d300 ***
[1785312317.021]     *** KERNEL PTR PATTERN: offset=0x63 value=0xffffffffffffff00 ***
[1785312317.022]     ZONE FREE-PATTERN at +0x40: 0x7fffffffffffffff
[1785312317.022]   [iter 448] close=0x0 kernPtrs=10 freePatterns=1 changed=0 bytes
[1785312317.022]     *** KERNEL PTR PATTERN: offset=0x60 value=0xffffffff000000d3 ***
[1785312317.022]     *** KERNEL PTR PATTERN: offset=0x61 value=0xffffffffff000000 ***
[1785312317.022]     *** KERNEL PTR PATTERN: offset=0x62 value=0xffffffffffff0000 ***
[1785312317.022]     *** KERNEL PTR PATTERN: offset=0x59 value=0xffffff000000d300 ***
[1785312317.022]     *** KERNEL PTR PATTERN: offset=0x63 value=0xffffffffffffff00 ***
[1785312317.022]     *** KERNEL PTR PATTERN: offset=0x60 value=0xffffffff000000d3 ***
[1785312317.022]     *** KERNEL PTR PATTERN: offset=0x61 value=0xffffffffff000000 ***
[1785312317.022]     *** KERNEL PTR PATTERN: offset=0x62 value=0xffffffffffff0000 ***
[1785312317.022]     *** KERNEL PTR PATTERN: offset=0x59 value=0xffffff000000d300 ***
[1785312317.022]     *** KERNEL PTR PATTERN: offset=0x63 value=0xffffffffffffff00 ***
[1785312317.024]     ZONE FREE-PATTERN at +0x40: 0x7fffffffffffffff
[1785312317.024]   [iter 449] close=0x0 kernPtrs=10 freePatterns=1 changed=0 bytes
[1785312317.024]     *** KERNEL PTR PATTERN: offset=0x60 value=0xffffffff000000d3 ***
[1785312317.024]     *** KERNEL PTR PATTERN: offset=0x61 value=0xffffffffff000000 ***
[1785312317.024]     *** KERNEL PTR PATTERN: offset=0x62 value=0xffffffffffff0000 ***
[1785312317.024]     *** KERNEL PTR PATTERN: offset=0x59 value=0xffffff000000d300 ***
[1785312317.024]     *** KERNEL PTR PATTERN: offset=0x63 value=0xffffffffffffff00 ***
[1785312317.024]     *** KERNEL PTR PATTERN: offset=0x60 value=0xffffffff000000d3 ***
[1785312317.024]     *** KERNEL PTR PATTERN: offset=0x61 value=0xffffffffff000000 ***
[1785312317.024]     *** KERNEL PTR PATTERN: offset=0x62 value=0xffffffffffff0000 ***
[1785312317.025]     *** KERNEL PTR PATTERN: offset=0x59 value=0xffffff000000d300 ***
[1785312317.025]     *** KERNEL PTR PATTERN: offset=0x63 value=0xffffffffffffff00 ***
[1785312317.026]     ZONE FREE-PATTERN at +0x40: 0x7fffffffffffffff
[1785312317.026]   [iter 450] close=0x0 kernPtrs=10 freePatterns=1 changed=0 bytes
[1785312317.026]     *** KERNEL PTR PATTERN: offset=0x60 value=0xffffffff000000d3 ***
[1785312317.026]     *** KERNEL PTR PATTERN: offset=0x61 value=0xffffffffff000000 ***
[1785312317.026]     *** KERNEL PTR PATTERN: offset=0x62 value=0xffffffffffff0000 ***
[1785312317.026]     *** KERNEL PTR PATTERN: offset=0x59 value=0xffffff000000d300 ***
[1785312317.026]     *** KERNEL PTR PATTERN: offset=0x63 value=0xffffffffffffff00 ***
[1785312317.026]     *** KERNEL PTR PATTERN: offset=0x60 value=0xffffffff000000d3 ***
[1785312317.026]     *** KERNEL PTR PATTERN: offset=0x61 value=0xffffffffff000000 ***
[1785312317.026]     *** KERNEL PTR PATTERN: offset=0x62 value=0xffffffffffff0000 ***
[1785312317.026]     *** KERNEL PTR PATTERN: offset=0x59 value=0xffffff000000d300 ***
[1785312317.027]     *** KERNEL PTR PATTERN: offset=0x63 value=0xffffffffffffff00 ***
[1785312317.028]     ZONE FREE-PATTERN at +0x40: 0x7fffffffffffffff
[1785312317.028]   [iter 451] close=0x0 kernPtrs=10 freePatterns=1 changed=0 bytes
[1785312317.028]     *** KERNEL PTR PATTERN: offset=0x60 value=0xffffffff000000d3 ***
[1785312317.028]     *** KERNEL PTR PATTERN: offset=0x61 value=0xffffffffff000000 ***
[1785312317.028]     *** KERNEL PTR PATTERN: offset=0x62 value=0xffffffffffff0000 ***
[1785312317.028]     *** KERNEL PTR PATTERN: offset=0x59 value=0xffffff000000d300 ***
[1785312317.028]     *** KERNEL PTR PATTERN: offset=0x63 value=0xffffffffffffff00 ***
[1785312317.028]     *** KERNEL PTR PATTERN: offset=0x60 value=0xffffffff000000d3 ***
[1785312317.028]     *** KERNEL PTR PATTERN: offset=0x61 value=0xffffffffff000000 ***
[1785312317.028]     *** KERNEL PTR PATTERN: offset=0x62 value=0xffffffffffff0000 ***
[1785312317.028]     *** KERNEL PTR PATTERN: offset=0x59 value=0xffffff000000d300 ***
[1785312317.028]     *** KERNEL PTR PATTERN: offset=0x63 value=0xffffffffffffff00 ***
[1785312317.030]     ZONE FREE-PATTERN at +0x40: 0x7fffffffffffffff
[1785312317.030]   [iter 452] close=0x0 kernPtrs=10 freePatterns=1 changed=0 bytes
[1785312317.030]     *** KERNEL PTR PATTERN: offset=0x60 value=0xffffffff000000d3 ***
[1785312317.030]     *** KERNEL PTR PATTERN: offset=0x61 value=0xffffffffff000000 ***
[1785312317.030]     *** KERNEL PTR PATTERN: offset=0x62 value=0xffffffffffff0000 ***
[1785312317.030]     *** KERNEL PTR PATTERN: offset=0x59 value=0xffffff000000d300 ***
[1785312317.030]     *** KERNEL PTR PATTERN: offset=0x63 value=0xffffffffffffff00 ***
[1785312317.030]     *** KERNEL PTR PATTERN: offset=0x60 value=0xffffffff000000d3 ***
[1785312317.030]     *** KERNEL PTR PATTERN: offset=0x61 value=0xffffffffff000000 ***
[1785312317.030]     *** KERNEL PTR PATTERN: offset=0x62 value=0xffffffffffff0000 ***
[1785312317.031]     *** KERNEL PTR PATTERN: offset=0x59 value=0xffffff000000d300 ***
[1785312317.031]     *** KERNEL PTR PATTERN: offset=0x63 value=0xffffffffffffff00 ***
[1785312317.032]     ZONE FREE-PATTERN at +0x40: 0x7fffffffffffffff
[1785312317.032]   [iter 453] close=0x0 kernPtrs=10 freePatterns=1 changed=0 bytes
[1785312317.032]     *** KERNEL PTR PATTERN: offset=0x60 value=0xffffffff000000d3 ***
[1785312317.032]     *** KERNEL PTR PATTERN: offset=0x61 value=0xffffffffff000000 ***
[1785312317.032]     *** KERNEL PTR PATTERN: offset=0x62 value=0xffffffffffff0000 ***
[1785312317.032]     *** KERNEL PTR PATTERN: offset=0x59 value=0xffffff000000d300 ***
[1785312317.032]     *** KERNEL PTR PATTERN: offset=0x63 value=0xffffffffffffff00 ***
[1785312317.032]     *** KERNEL PTR PATTERN: offset=0x60 value=0xffffffff000000d3 ***
[1785312317.032]     *** KERNEL PTR PATTERN: offset=0x61 value=0xffffffffff000000 ***
[1785312317.032]     *** KERNEL PTR PATTERN: offset=0x62 value=0xffffffffffff0000 ***
[1785312317.032]     *** KERNEL PTR PATTERN: offset=0x59 value=0xffffff000000d300 ***
[1785312317.032]     *** KERNEL PTR PATTERN: offset=0x63 value=0xffffffffffffff00 ***
[1785312317.034]     ZONE FREE-PATTERN at +0x40: 0x7fffffffffffffff
[1785312317.034]   [iter 454] close=0x0 kernPtrs=10 freePatterns=1 changed=0 bytes
[1785312317.034]     *** KERNEL PTR PATTERN: offset=0x60 value=0xffffffff000000d3 ***
[1785312317.034]     *** KERNEL PTR PATTERN: offset=0x61 value=0xffffffffff000000 ***
[1785312317.034]     *** KERNEL PTR PATTERN: offset=0x62 value=0xffffffffffff0000 ***
[1785312317.034]     *** KERNEL PTR PATTERN: offset=0x59 value=0xffffff000000d300 ***
[1785312317.034]     *** KERNEL PTR PATTERN: offset=0x63 value=0xffffffffffffff00 ***
[1785312317.034]     *** KERNEL PTR PATTERN: offset=0x60 value=0xffffffff000000d3 ***
[1785312317.034]     *** KERNEL PTR PATTERN: offset=0x61 value=0xffffffffff000000 ***
[1785312317.034]     *** KERNEL PTR PATTERN: offset=0x62 value=0xffffffffffff0000 ***
[1785312317.034]     *** KERNEL PTR PATTERN: offset=0x59 value=0xffffff000000d300 ***
[1785312317.034]     *** KERNEL PTR PATTERN: offset=0x63 value=0xffffffffffffff00 ***
[1785312317.036]     ZONE FREE-PATTERN at +0x40: 0x7fffffffffffffff
[1785312317.036]   [iter 455] close=0x0 kernPtrs=10 freePatterns=1 changed=0 bytes
[1785312317.036]     *** KERNEL PTR PATTERN: offset=0x60 value=0xffffffff000000d3 ***
[1785312317.036]     *** KERNEL PTR PATTERN: offset=0x61 value=0xffffffffff000000 ***
[1785312317.036]     *** KERNEL PTR PATTERN: offset=0x62 value=0xffffffffffff0000 ***
[1785312317.036]     *** KERNEL PTR PATTERN: offset=0x59 value=0xffffff000000d300 ***
[1785312317.036]     *** KERNEL PTR PATTERN: offset=0x63 value=0xffffffffffffff00 ***
[1785312317.036]     *** KERNEL PTR PATTERN: offset=0x60 value=0xffffffff000000d3 ***
[1785312317.036]     *** KERNEL PTR PATTERN: offset=0x61 value=0xffffffffff000000 ***
[1785312317.036]     *** KERNEL PTR PATTERN: offset=0x62 value=0xffffffffffff0000 ***
[1785312317.036]     *** KERNEL PTR PATTERN: offset=0x59 value=0xffffff000000d300 ***
[1785312317.036]     *** KERNEL PTR PATTERN: offset=0x63 value=0xffffffffffffff00 ***
[1785312317.038]     ZONE FREE-PATTERN at +0x40: 0x7fffffffffffffff
[1785312317.038]   [iter 456] close=0x0 kernPtrs=10 freePatterns=1 changed=0 bytes
[1785312317.038]     *** KERNEL PTR PATTERN: offset=0x60 value=0xffffffff000000d3 ***
[1785312317.038]     *** KERNEL PTR PATTERN: offset=0x61 value=0xffffffffff000000 ***
[1785312317.038]     *** KERNEL PTR PATTERN: offset=0x62 value=0xffffffffffff0000 ***
[1785312317.038]     *** KERNEL PTR PATTERN: offset=0x59 value=0xffffff000000d300 ***
[1785312317.038]     *** KERNEL PTR PATTERN: offset=0x63 value=0xffffffffffffff00 ***
[1785312317.038]     *** KERNEL PTR PATTERN: offset=0x60 value=0xffffffff000000d3 ***
[1785312317.038]     *** KERNEL PTR PATTERN: offset=0x61 value=0xffffffffff000000 ***
[1785312317.038]     *** KERNEL PTR PATTERN: offset=0x62 value=0xffffffffffff0000 ***
[1785312317.038]     *** KERNEL PTR PATTERN: offset=0x59 value=0xffffff000000d300 ***
[1785312317.038]     *** KERNEL PTR PATTERN: offset=0x63 value=0xffffffffffffff00 ***
[1785312317.040]     ZONE FREE-PATTERN at +0x40: 0x7fffffffffffffff
[1785312317.040]   [iter 457] close=0x0 kernPtrs=10 freePatterns=1 changed=0 bytes
[1785312317.040]     *** KERNEL PTR PATTERN: offset=0x60 value=0xffffffff000000d3 ***
[1785312317.040]     *** KERNEL PTR PATTERN: offset=0x61 value=0xffffffffff000000 ***
[1785312317.040]     *** KERNEL PTR PATTERN: offset=0x62 value=0xffffffffffff0000 ***
[1785312317.040]     *** KERNEL PTR PATTERN: offset=0x59 value=0xffffff000000d300 ***
[1785312317.040]     *** KERNEL PTR PATTERN: offset=0x63 value=0xffffffffffffff00 ***
[1785312317.040]     *** KERNEL PTR PATTERN: offset=0x60 value=0xffffffff000000d3 ***
[1785312317.040]     *** KERNEL PTR PATTERN: offset=0x61 value=0xffffffffff000000 ***
[1785312317.040]     *** KERNEL PTR PATTERN: offset=0x62 value=0xffffffffffff0000 ***
[1785312317.040]     *** KERNEL PTR PATTERN: offset=0x59 value=0xffffff000000d300 ***
[1785312317.040]     *** KERNEL PTR PATTERN: offset=0x63 value=0xffffffffffffff00 ***
[1785312317.042]     ZONE FREE-PATTERN at +0x40: 0x7fffffffffffffff
[1785312317.042]   [iter 458] close=0x0 kernPtrs=10 freePatterns=1 changed=0 bytes
[1785312317.042]     *** KERNEL PTR PATTERN: offset=0x60 value=0xffffffff000000d3 ***
[1785312317.042]     *** KERNEL PTR PATTERN: offset=0x61 value=0xffffffffff000000 ***
[1785312317.042]     *** KERNEL PTR PATTERN: offset=0x62 value=0xffffffffffff0000 ***
[1785312317.042]     *** KERNEL PTR PATTERN: offset=0x59 value=0xffffff000000d300 ***
[1785312317.042]     *** KERNEL PTR PATTERN: offset=0x63 value=0xffffffffffffff00 ***
[1785312317.042]     *** KERNEL PTR PATTERN: offset=0x60 value=0xffffffff000000d3 ***
[1785312317.042]     *** KERNEL PTR PATTERN: offset=0x61 value=0xffffffffff000000 ***
[1785312317.042]     *** KERNEL PTR PATTERN: offset=0x62 value=0xffffffffffff0000 ***
[1785312317.042]     *** KERNEL PTR PATTERN: offset=0x59 value=0xffffff000000d300 ***
[1785312317.042]     *** KERNEL PTR PATTERN: offset=0x63 value=0xffffffffffffff00 ***
[1785312317.044]     ZONE FREE-PATTERN at +0x40: 0x7fffffffffffffff
[1785312317.044]   [iter 459] close=0x0 kernPtrs=10 freePatterns=1 changed=0 bytes
[1785312317.044]     *** KERNEL PTR PATTERN: offset=0x60 value=0xffffffff000000d3 ***
[1785312317.045]     *** KERNEL PTR PATTERN: offset=0x61 value=0xffffffffff000000 ***
[1785312317.045]     *** KERNEL PTR PATTERN: offset=0x62 value=0xffffffffffff0000 ***
[1785312317.045]     *** KERNEL PTR PATTERN: offset=0x59 value=0xffffff000000d300 ***
[1785312317.045]     *** KERNEL PTR PATTERN: offset=0x63 value=0xffffffffffffff00 ***
[1785312317.045]     *** KERNEL PTR PATTERN: offset=0x60 value=0xffffffff000000d3 ***
[1785312317.045]     *** KERNEL PTR PATTERN: offset=0x61 value=0xffffffffff000000 ***
[1785312317.045]     *** KERNEL PTR PATTERN: offset=0x62 value=0xffffffffffff0000 ***
[1785312317.045]     *** KERNEL PTR PATTERN: offset=0x59 value=0xffffff000000d300 ***
[1785312317.045]     *** KERNEL PTR PATTERN: offset=0x63 value=0xffffffffffffff00 ***
[1785312317.046]     ZONE FREE-PATTERN at +0x40: 0x7fffffffffffffff
[1785312317.047]   [iter 460] close=0x0 kernPtrs=10 freePatterns=1 changed=0 bytes
[1785312317.047]     *** KERNEL PTR PATTERN: offset=0x60 value=0xffffffff000000d3 ***
[1785312317.047]     *** KERNEL PTR PATTERN: offset=0x61 value=0xffffffffff000000 ***
[1785312317.047]     *** KERNEL PTR PATTERN: offset=0x62 value=0xffffffffffff0000 ***
[1785312317.047]     *** KERNEL PTR PATTERN: offset=0x59 value=0xffffff000000d300 ***
[1785312317.047]     *** KERNEL PTR PATTERN: offset=0x63 value=0xffffffffffffff00 ***
[1785312317.047]     *** KERNEL PTR PATTERN: offset=0x60 value=0xffffffff000000d3 ***
[1785312317.047]     *** KERNEL PTR PATTERN: offset=0x61 value=0xffffffffff000000 ***
[1785312317.047]     *** KERNEL PTR PATTERN: offset=0x62 value=0xffffffffffff0000 ***
[1785312317.047]     *** KERNEL PTR PATTERN: offset=0x59 value=0xffffff000000d300 ***
[1785312317.047]     *** KERNEL PTR PATTERN: offset=0x63 value=0xffffffffffffff00 ***
[1785312317.049]     ZONE FREE-PATTERN at +0x40: 0x7fffffffffffffff
[1785312317.049]   [iter 461] close=0x0 kernPtrs=10 freePatterns=1 changed=0 bytes
[1785312317.049]     *** KERNEL PTR PATTERN: offset=0x60 value=0xffffffff000000d3 ***
[1785312317.049]     *** KERNEL PTR PATTERN: offset=0x61 value=0xffffffffff000000 ***
[1785312317.049]     *** KERNEL PTR PATTERN: offset=0x62 value=0xffffffffffff0000 ***
[1785312317.049]     *** KERNEL PTR PATTERN: offset=0x59 value=0xffffff000000d300 ***
[1785312317.049]     *** KERNEL PTR PATTERN: offset=0x63 value=0xffffffffffffff00 ***
[1785312317.049]     *** KERNEL PTR PATTERN: offset=0x60 value=0xffffffff000000d3 ***
[1785312317.049]     *** KERNEL PTR PATTERN: offset=0x61 value=0xffffffffff000000 ***
[1785312317.049]     *** KERNEL PTR PATTERN: offset=0x62 value=0xffffffffffff0000 ***
[1785312317.049]     *** KERNEL PTR PATTERN: offset=0x59 value=0xffffff000000d300 ***
[1785312317.049]     *** KERNEL PTR PATTERN: offset=0x63 value=0xffffffffffffff00 ***
[1785312317.051]     ZONE FREE-PATTERN at +0x40: 0x7fffffffffffffff
[1785312317.051]   [iter 462] close=0x0 kernPtrs=10 freePatterns=1 changed=0 bytes
[1785312317.051]     *** KERNEL PTR PATTERN: offset=0x60 value=0xffffffff000000d3 ***
[1785312317.051]     *** KERNEL PTR PATTERN: offset=0x61 value=0xffffffffff000000 ***
[1785312317.051]     *** KERNEL PTR PATTERN: offset=0x62 value=0xffffffffffff0000 ***
[1785312317.051]     *** KERNEL PTR PATTERN: offset=0x59 value=0xffffff000000d300 ***
[1785312317.051]     *** KERNEL PTR PATTERN: offset=0x63 value=0xffffffffffffff00 ***
[1785312317.051]     *** KERNEL PTR PATTERN: offset=0x60 value=0xffffffff000000d3 ***
[1785312317.051]     *** KERNEL PTR PATTERN: offset=0x61 value=0xffffffffff000000 ***
[1785312317.051]     *** KERNEL PTR PATTERN: offset=0x62 value=0xffffffffffff0000 ***
[1785312317.051]     *** KERNEL PTR PATTERN: offset=0x59 value=0xffffff000000d300 ***
[1785312317.051]     *** KERNEL PTR PATTERN: offset=0x63 value=0xffffffffffffff00 ***
[1785312317.053]     ZONE FREE-PATTERN at +0x40: 0x7fffffffffffffff
[1785312317.053]   [iter 463] close=0x0 kernPtrs=10 freePatterns=1 changed=0 bytes
[1785312317.053]     *** KERNEL PTR PATTERN: offset=0x60 value=0xffffffff000000d3 ***
[1785312317.053]     *** KERNEL PTR PATTERN: offset=0x61 value=0xffffffffff000000 ***
[1785312317.053]     *** KERNEL PTR PATTERN: offset=0x62 value=0xffffffffffff0000 ***
[1785312317.053]     *** KERNEL PTR PATTERN: offset=0x59 value=0xffffff000000d300 ***
[1785312317.053]     *** KERNEL PTR PATTERN: offset=0x63 value=0xffffffffffffff00 ***
[1785312317.053]     *** KERNEL PTR PATTERN: offset=0x60 value=0xffffffff000000d3 ***
[1785312317.053]     *** KERNEL PTR PATTERN: offset=0x61 value=0xffffffffff000000 ***
[1785312317.053]     *** KERNEL PTR PATTERN: offset=0x62 value=0xffffffffffff0000 ***
[1785312317.053]     *** KERNEL PTR PATTERN: offset=0x59 value=0xffffff000000d300 ***
[1785312317.054]     *** KERNEL PTR PATTERN: offset=0x63 value=0xffffffffffffff00 ***
[1785312317.055]     ZONE FREE-PATTERN at +0x40: 0x7fffffffffffffff
[1785312317.055]   [iter 464] close=0x0 kernPtrs=10 freePatterns=1 changed=0 bytes
[1785312317.055]     *** KERNEL PTR PATTERN: offset=0x60 value=0xffffffff000000d3 ***
[1785312317.055]     *** KERNEL PTR PATTERN: offset=0x61 value=0xffffffffff000000 ***
[1785312317.055]     *** KERNEL PTR PATTERN: offset=0x62 value=0xffffffffffff0000 ***
[1785312317.055]     *** KERNEL PTR PATTERN: offset=0x59 value=0xffffff000000d300 ***
[1785312317.055]     *** KERNEL PTR PATTERN: offset=0x63 value=0xffffffffffffff00 ***
[1785312317.055]     *** KERNEL PTR PATTERN: offset=0x60 value=0xffffffff000000d3 ***
[1785312317.055]     *** KERNEL PTR PATTERN: offset=0x61 value=0xffffffffff000000 ***
[1785312317.055]     *** KERNEL PTR PATTERN: offset=0x62 value=0xffffffffffff0000 ***
[1785312317.055]     *** KERNEL PTR PATTERN: offset=0x59 value=0xffffff000000d300 ***
[1785312317.055]     *** KERNEL PTR PATTERN: offset=0x63 value=0xffffffffffffff00 ***
[1785312317.056]     ZONE FREE-PATTERN at +0x40: 0x7fffffffffffffff
[1785312317.057]   [iter 465] close=0x0 kernPtrs=10 freePatterns=1 changed=0 bytes
[1785312317.057]     *** KERNEL PTR PATTERN: offset=0x60 value=0xffffffff000000d3 ***
[1785312317.057]     *** KERNEL PTR PATTERN: offset=0x61 value=0xffffffffff000000 ***
[1785312317.057]     *** KERNEL PTR PATTERN: offset=0x62 value=0xffffffffffff0000 ***
[1785312317.057]     *** KERNEL PTR PATTERN: offset=0x59 value=0xffffff000000d300 ***
[1785312317.057]     *** KERNEL PTR PATTERN: offset=0x63 value=0xffffffffffffff00 ***
[1785312317.057]     *** KERNEL PTR PATTERN: offset=0x60 value=0xffffffff000000d3 ***
[1785312317.057]     *** KERNEL PTR PATTERN: offset=0x61 value=0xffffffffff000000 ***
[1785312317.057]     *** KERNEL PTR PATTERN: offset=0x62 value=0xffffffffffff0000 ***
[1785312317.057]     *** KERNEL PTR PATTERN: offset=0x59 value=0xffffff000000d300 ***
[1785312317.057]     *** KERNEL PTR PATTERN: offset=0x63 value=0xffffffffffffff00 ***
[1785312317.059]     ZONE FREE-PATTERN at +0x40: 0x7fffffffffffffff
[1785312317.059]   [iter 466] close=0x0 kernPtrs=10 freePatterns=1 changed=0 bytes
[1785312317.059]     *** KERNEL PTR PATTERN: offset=0x60 value=0xffffffff000000d3 ***
[1785312317.059]     *** KERNEL PTR PATTERN: offset=0x61 value=0xffffffffff000000 ***
[1785312317.059]     *** KERNEL PTR PATTERN: offset=0x62 value=0xffffffffffff0000 ***
[1785312317.059]     *** KERNEL PTR PATTERN: offset=0x59 value=0xffffff000000d300 ***
[1785312317.059]     *** KERNEL PTR PATTERN: offset=0x63 value=0xffffffffffffff00 ***
[1785312317.059]     *** KERNEL PTR PATTERN: offset=0x60 value=0xffffffff000000d3 ***
[1785312317.059]     *** KERNEL PTR PATTERN: offset=0x61 value=0xffffffffff000000 ***
[1785312317.059]     *** KERNEL PTR PATTERN: offset=0x62 value=0xffffffffffff0000 ***
[1785312317.059]     *** KERNEL PTR PATTERN: offset=0x59 value=0xffffff000000d300 ***
[1785312317.059]     *** KERNEL PTR PATTERN: offset=0x63 value=0xffffffffffffff00 ***
[1785312317.061]     ZONE FREE-PATTERN at +0x40: 0x7fffffffffffffff
[1785312317.061]   [iter 467] close=0x0 kernPtrs=10 freePatterns=1 changed=0 bytes
[1785312317.061]     *** KERNEL PTR PATTERN: offset=0x60 value=0xffffffff000000d3 ***
[1785312317.061]     *** KERNEL PTR PATTERN: offset=0x61 value=0xffffffffff000000 ***
[1785312317.061]     *** KERNEL PTR PATTERN: offset=0x62 value=0xffffffffffff0000 ***
[1785312317.061]     *** KERNEL PTR PATTERN: offset=0x59 value=0xffffff000000d300 ***
[1785312317.061]     *** KERNEL PTR PATTERN: offset=0x63 value=0xffffffffffffff00 ***
[1785312317.061]     *** KERNEL PTR PATTERN: offset=0x60 value=0xffffffff000000d3 ***
[1785312317.062]     *** KERNEL PTR PATTERN: offset=0x61 value=0xffffffffff000000 ***
[1785312317.062]     *** KERNEL PTR PATTERN: offset=0x62 value=0xffffffffffff0000 ***
[1785312317.062]     *** KERNEL PTR PATTERN: offset=0x59 value=0xffffff000000d300 ***
[1785312317.062]     *** KERNEL PTR PATTERN: offset=0x63 value=0xffffffffffffff00 ***
[1785312317.063]     ZONE FREE-PATTERN at +0x40: 0x7fffffffffffffff
[1785312317.063]   [iter 468] close=0x0 kernPtrs=10 freePatterns=1 changed=0 bytes
[1785312317.063]     *** KERNEL PTR PATTERN: offset=0x60 value=0xffffffff000000d3 ***
[1785312317.063]     *** KERNEL PTR PATTERN: offset=0x61 value=0xffffffffff000000 ***
[1785312317.064]     *** KERNEL PTR PATTERN: offset=0x62 value=0xffffffffffff0000 ***
[1785312317.064]     *** KERNEL PTR PATTERN: offset=0x59 value=0xffffff000000d300 ***
[1785312317.064]     *** KERNEL PTR PATTERN: offset=0x63 value=0xffffffffffffff00 ***
[1785312317.064]     *** KERNEL PTR PATTERN: offset=0x60 value=0xffffffff000000d3 ***
[1785312317.064]     *** KERNEL PTR PATTERN: offset=0x61 value=0xffffffffff000000 ***
[1785312317.064]     *** KERNEL PTR PATTERN: offset=0x62 value=0xffffffffffff0000 ***
[1785312317.064]     *** KERNEL PTR PATTERN: offset=0x59 value=0xffffff000000d300 ***
[1785312317.064]     *** KERNEL PTR PATTERN: offset=0x63 value=0xffffffffffffff00 ***
[1785312317.065]     ZONE FREE-PATTERN at +0x40: 0x7fffffffffffffff
[1785312317.065]   [iter 469] close=0x0 kernPtrs=10 freePatterns=1 changed=0 bytes
[1785312317.065]     *** KERNEL PTR PATTERN: offset=0x60 value=0xffffffff000000d3 ***
[1785312317.066]     *** KERNEL PTR PATTERN: offset=0x61 value=0xffffffffff000000 ***
[1785312317.066]     *** KERNEL PTR PATTERN: offset=0x62 value=0xffffffffffff0000 ***
[1785312317.066]     *** KERNEL PTR PATTERN: offset=0x59 value=0xffffff000000d300 ***
[1785312317.066]     *** KERNEL PTR PATTERN: offset=0x63 value=0xffffffffffffff00 ***
[1785312317.066]     *** KERNEL PTR PATTERN: offset=0x60 value=0xffffffff000000d3 ***
[1785312317.066]     *** KERNEL PTR PATTERN: offset=0x61 value=0xffffffffff000000 ***
[1785312317.066]     *** KERNEL PTR PATTERN: offset=0x62 value=0xffffffffffff0000 ***
[1785312317.066]     *** KERNEL PTR PATTERN: offset=0x59 value=0xffffff000000d300 ***
[1785312317.066]     *** KERNEL PTR PATTERN: offset=0x63 value=0xffffffffffffff00 ***
[1785312317.067]     ZONE FREE-PATTERN at +0x40: 0x7fffffffffffffff
[1785312317.067]   [iter 470] close=0x0 kernPtrs=10 freePatterns=1 changed=0 bytes
[1785312317.067]     *** KERNEL PTR PATTERN: offset=0x60 value=0xffffffff000000d3 ***
[1785312317.067]     *** KERNEL PTR PATTERN: offset=0x61 value=0xffffffffff000000 ***
[1785312317.067]     *** KERNEL PTR PATTERN: offset=0x62 value=0xffffffffffff0000 ***
[1785312317.067]     *** KERNEL PTR PATTERN: offset=0x59 value=0xffffff000000d300 ***
[1785312317.068]     *** KERNEL PTR PATTERN: offset=0x63 value=0xffffffffffffff00 ***
[1785312317.068]     *** KERNEL PTR PATTERN: offset=0x60 value=0xffffffff000000d3 ***
[1785312317.068]     *** KERNEL PTR PATTERN: offset=0x61 value=0xffffffffff000000 ***
[1785312317.068]     *** KERNEL PTR PATTERN: offset=0x62 value=0xffffffffffff0000 ***
[1785312317.068]     *** KERNEL PTR PATTERN: offset=0x59 value=0xffffff000000d300 ***
[1785312317.068]     *** KERNEL PTR PATTERN: offset=0x63 value=0xffffffffffffff00 ***
[1785312317.069]     ZONE FREE-PATTERN at +0x40: 0x7fffffffffffffff
[1785312317.069]   [iter 471] close=0x0 kernPtrs=10 freePatterns=1 changed=0 bytes
[1785312317.069]     *** KERNEL PTR PATTERN: offset=0x60 value=0xffffffff000000d3 ***
[1785312317.070]     *** KERNEL PTR PATTERN: offset=0x61 value=0xffffffffff000000 ***
[1785312317.070]     *** KERNEL PTR PATTERN: offset=0x62 value=0xffffffffffff0000 ***
[1785312317.070]     *** KERNEL PTR PATTERN: offset=0x59 value=0xffffff000000d300 ***
[1785312317.070]     *** KERNEL PTR PATTERN: offset=0x63 value=0xffffffffffffff00 ***
[1785312317.070]     *** KERNEL PTR PATTERN: offset=0x60 value=0xffffffff000000d3 ***
[1785312317.070]     *** KERNEL PTR PATTERN: offset=0x61 value=0xffffffffff000000 ***
[1785312317.070]     *** KERNEL PTR PATTERN: offset=0x62 value=0xffffffffffff0000 ***
[1785312317.070]     *** KERNEL PTR PATTERN: offset=0x59 value=0xffffff000000d300 ***
[1785312317.070]     *** KERNEL PTR PATTERN: offset=0x63 value=0xffffffffffffff00 ***
[1785312317.071]     ZONE FREE-PATTERN at +0x40: 0x7fffffffffffffff
[1785312317.072]   [iter 472] close=0x0 kernPtrs=10 freePatterns=1 changed=0 bytes
[1785312317.072]     *** KERNEL PTR PATTERN: offset=0x60 value=0xffffffff000000d3 ***
[1785312317.072]     *** KERNEL PTR PATTERN: offset=0x61 value=0xffffffffff000000 ***
[1785312317.072]     *** KERNEL PTR PATTERN: offset=0x62 value=0xffffffffffff0000 ***
[1785312317.072]     *** KERNEL PTR PATTERN: offset=0x59 value=0xffffff000000d300 ***
[1785312317.072]     *** KERNEL PTR PATTERN: offset=0x63 value=0xffffffffffffff00 ***
[1785312317.072]     *** KERNEL PTR PATTERN: offset=0x60 value=0xffffffff000000d3 ***
[1785312317.072]     *** KERNEL PTR PATTERN: offset=0x61 value=0xffffffffff000000 ***
[1785312317.072]     *** KERNEL PTR PATTERN: offset=0x62 value=0xffffffffffff0000 ***
[1785312317.072]     *** KERNEL PTR PATTERN: offset=0x59 value=0xffffff000000d300 ***
[1785312317.072]     *** KERNEL PTR PATTERN: offset=0x63 value=0xffffffffffffff00 ***
[1785312317.074]     ZONE FREE-PATTERN at +0x40: 0x7fffffffffffffff
[1785312317.074]   [iter 473] close=0x0 kernPtrs=10 freePatterns=1 changed=0 bytes
[1785312317.074]     *** KERNEL PTR PATTERN: offset=0x60 value=0xffffffff000000d3 ***
[1785312317.074]     *** KERNEL PTR PATTERN: offset=0x61 value=0xffffffffff000000 ***
[1785312317.074]     *** KERNEL PTR PATTERN: offset=0x62 value=0xffffffffffff0000 ***
[1785312317.074]     *** KERNEL PTR PATTERN: offset=0x59 value=0xffffff000000d300 ***
[1785312317.074]     *** KERNEL PTR PATTERN: offset=0x63 value=0xffffffffffffff00 ***
[1785312317.074]     *** KERNEL PTR PATTERN: offset=0x60 value=0xffffffff000000d3 ***
[1785312317.074]     *** KERNEL PTR PATTERN: offset=0x61 value=0xffffffffff000000 ***
[1785312317.074]     *** KERNEL PTR PATTERN: offset=0x62 value=0xffffffffffff0000 ***
[1785312317.074]     *** KERNEL PTR PATTERN: offset=0x59 value=0xffffff000000d300 ***
[1785312317.074]     *** KERNEL PTR PATTERN: offset=0x63 value=0xffffffffffffff00 ***
[1785312317.075]     ZONE FREE-PATTERN at +0x40: 0x7fffffffffffffff
[1785312317.076]   [iter 474] close=0x0 kernPtrs=10 freePatterns=1 changed=0 bytes
[1785312317.076]     *** KERNEL PTR PATTERN: offset=0x60 value=0xffffffff000000d3 ***
[1785312317.076]     *** KERNEL PTR PATTERN: offset=0x61 value=0xffffffffff000000 ***
[1785312317.076]     *** KERNEL PTR PATTERN: offset=0x62 value=0xffffffffffff0000 ***
[1785312317.076]     *** KERNEL PTR PATTERN: offset=0x59 value=0xffffff000000d300 ***
[1785312317.076]     *** KERNEL PTR PATTERN: offset=0x63 value=0xffffffffffffff00 ***
[1785312317.076]     *** KERNEL PTR PATTERN: offset=0x60 value=0xffffffff000000d3 ***
[1785312317.076]     *** KERNEL PTR PATTERN: offset=0x61 value=0xffffffffff000000 ***
[1785312317.076]     *** KERNEL PTR PATTERN: offset=0x62 value=0xffffffffffff0000 ***
[1785312317.076]     *** KERNEL PTR PATTERN: offset=0x59 value=0xffffff000000d300 ***
[1785312317.076]     *** KERNEL PTR PATTERN: offset=0x63 value=0xffffffffffffff00 ***
[1785312317.077]     ZONE FREE-PATTERN at +0x40: 0x7fffffffffffffff
[1785312317.077]   [iter 475] close=0x0 kernPtrs=10 freePatterns=1 changed=0 bytes
[1785312317.077]     *** KERNEL PTR PATTERN: offset=0x60 value=0xffffffff000000d3 ***
[1785312317.077]     *** KERNEL PTR PATTERN: offset=0x61 value=0xffffffffff000000 ***
[1785312317.078]     *** KERNEL PTR PATTERN: offset=0x62 value=0xffffffffffff0000 ***
[1785312317.078]     *** KERNEL PTR PATTERN: offset=0x59 value=0xffffff000000d300 ***
[1785312317.078]     *** KERNEL PTR PATTERN: offset=0x63 value=0xffffffffffffff00 ***
[1785312317.078]     *** KERNEL PTR PATTERN: offset=0x60 value=0xffffffff000000d3 ***
[1785312317.078]     *** KERNEL PTR PATTERN: offset=0x61 value=0xffffffffff000000 ***
[1785312317.078]     *** KERNEL PTR PATTERN: offset=0x62 value=0xffffffffffff0000 ***
[1785312317.078]     *** KERNEL PTR PATTERN: offset=0x59 value=0xffffff000000d300 ***
[1785312317.078]     *** KERNEL PTR PATTERN: offset=0x63 value=0xffffffffffffff00 ***
[1785312317.079]     ZONE FREE-PATTERN at +0x40: 0x7fffffffffffffff
[1785312317.080]   [iter 476] close=0x0 kernPtrs=10 freePatterns=1 changed=0 bytes
[1785312317.080]     *** KERNEL PTR PATTERN: offset=0x60 value=0xffffffff000000d3 ***
[1785312317.080]     *** KERNEL PTR PATTERN: offset=0x61 value=0xffffffffff000000 ***
[1785312317.080]     *** KERNEL PTR PATTERN: offset=0x62 value=0xffffffffffff0000 ***
[1785312317.080]     *** KERNEL PTR PATTERN: offset=0x59 value=0xffffff000000d300 ***
[1785312317.080]     *** KERNEL PTR PATTERN: offset=0x63 value=0xffffffffffffff00 ***
[1785312317.080]     *** KERNEL PTR PATTERN: offset=0x60 value=0xffffffff000000d3 ***
[1785312317.080]     *** KERNEL PTR PATTERN: offset=0x61 value=0xffffffffff000000 ***
[1785312317.080]     *** KERNEL PTR PATTERN: offset=0x62 value=0xffffffffffff0000 ***
[1785312317.080]     *** KERNEL PTR PATTERN: offset=0x59 value=0xffffff000000d300 ***
[1785312317.080]     *** KERNEL PTR PATTERN: offset=0x63 value=0xffffffffffffff00 ***
[1785312317.081]     ZONE FREE-PATTERN at +0x40: 0x7fffffffffffffff
[1785312317.081]   [iter 477] close=0x0 kernPtrs=10 freePatterns=1 changed=0 bytes
[1785312317.081]     *** KERNEL PTR PATTERN: offset=0x60 value=0xffffffff000000d3 ***
[1785312317.081]     *** KERNEL PTR PATTERN: offset=0x61 value=0xffffffffff000000 ***
[1785312317.081]     *** KERNEL PTR PATTERN: offset=0x62 value=0xffffffffffff0000 ***
[1785312317.081]     *** KERNEL PTR PATTERN: offset=0x59 value=0xffffff000000d300 ***
[1785312317.082]     *** KERNEL PTR PATTERN: offset=0x63 value=0xffffffffffffff00 ***
[1785312317.082]     *** KERNEL PTR PATTERN: offset=0x60 value=0xffffffff000000d3 ***
[1785312317.082]     *** KERNEL PTR PATTERN: offset=0x61 value=0xffffffffff000000 ***
[1785312317.082]     *** KERNEL PTR PATTERN: offset=0x62 value=0xffffffffffff0000 ***
[1785312317.082]     *** KERNEL PTR PATTERN: offset=0x59 value=0xffffff000000d300 ***
[1785312317.082]     *** KERNEL PTR PATTERN: offset=0x63 value=0xffffffffffffff00 ***
[1785312317.084]     ZONE FREE-PATTERN at +0x40: 0x7fffffffffffffff
[1785312317.084]   [iter 478] close=0x0 kernPtrs=10 freePatterns=1 changed=0 bytes
[1785312317.084]     *** KERNEL PTR PATTERN: offset=0x60 value=0xffffffff000000d3 ***
[1785312317.084]     *** KERNEL PTR PATTERN: offset=0x61 value=0xffffffffff000000 ***
[1785312317.084]     *** KERNEL PTR PATTERN: offset=0x62 value=0xffffffffffff0000 ***
[1785312317.084]     *** KERNEL PTR PATTERN: offset=0x59 value=0xffffff000000d300 ***
[1785312317.084]     *** KERNEL PTR PATTERN: offset=0x63 value=0xffffffffffffff00 ***
[1785312317.084]     *** KERNEL PTR PATTERN: offset=0x60 value=0xffffffff000000d3 ***
[1785312317.084]     *** KERNEL PTR PATTERN: offset=0x61 value=0xffffffffff000000 ***
[1785312317.084]     *** KERNEL PTR PATTERN: offset=0x62 value=0xffffffffffff0000 ***
[1785312317.084]     *** KERNEL PTR PATTERN: offset=0x59 value=0xffffff000000d300 ***
[1785312317.084]     *** KERNEL PTR PATTERN: offset=0x63 value=0xffffffffffffff00 ***
[1785312317.086]     ZONE FREE-PATTERN at +0x40: 0x7fffffffffffffff
[1785312317.086]   [iter 479] close=0x0 kernPtrs=10 freePatterns=1 changed=0 bytes
[1785312317.086]     *** KERNEL PTR PATTERN: offset=0x60 value=0xffffffff000000d3 ***
[1785312317.086]     *** KERNEL PTR PATTERN: offset=0x61 value=0xffffffffff000000 ***
[1785312317.086]     *** KERNEL PTR PATTERN: offset=0x62 value=0xffffffffffff0000 ***
[1785312317.086]     *** KERNEL PTR PATTERN: offset=0x59 value=0xffffff000000d300 ***
[1785312317.086]     *** KERNEL PTR PATTERN: offset=0x63 value=0xffffffffffffff00 ***
[1785312317.086]     *** KERNEL PTR PATTERN: offset=0x60 value=0xffffffff000000d3 ***
[1785312317.086]     *** KERNEL PTR PATTERN: offset=0x61 value=0xffffffffff000000 ***
[1785312317.086]     *** KERNEL PTR PATTERN: offset=0x62 value=0xffffffffffff0000 ***
[1785312317.086]     *** KERNEL PTR PATTERN: offset=0x59 value=0xffffff000000d300 ***
[1785312317.086]     *** KERNEL PTR PATTERN: offset=0x63 value=0xffffffffffffff00 ***
[1785312317.088]     ZONE FREE-PATTERN at +0x40: 0x7fffffffffffffff
[1785312317.088]   [iter 480] close=0x0 kernPtrs=10 freePatterns=1 changed=0 bytes
[1785312317.088]     *** KERNEL PTR PATTERN: offset=0x60 value=0xffffffff000000d3 ***
[1785312317.088]     *** KERNEL PTR PATTERN: offset=0x61 value=0xffffffffff000000 ***
[1785312317.088]     *** KERNEL PTR PATTERN: offset=0x62 value=0xffffffffffff0000 ***
[1785312317.088]     *** KERNEL PTR PATTERN: offset=0x59 value=0xffffff000000d300 ***
[1785312317.088]     *** KERNEL PTR PATTERN: offset=0x63 value=0xffffffffffffff00 ***
[1785312317.088]     *** KERNEL PTR PATTERN: offset=0x60 value=0xffffffff000000d3 ***
[1785312317.088]     *** KERNEL PTR PATTERN: offset=0x61 value=0xffffffffff000000 ***
[1785312317.088]     *** KERNEL PTR PATTERN: offset=0x62 value=0xffffffffffff0000 ***
[1785312317.088]     *** KERNEL PTR PATTERN: offset=0x59 value=0xffffff000000d300 ***
[1785312317.088]     *** KERNEL PTR PATTERN: offset=0x63 value=0xffffffffffffff00 ***
[1785312317.089]     ZONE FREE-PATTERN at +0x40: 0x7fffffffffffffff
[1785312317.089]   [iter 481] close=0x0 kernPtrs=10 freePatterns=1 changed=0 bytes
[1785312317.090]     *** KERNEL PTR PATTERN: offset=0x60 value=0xffffffff000000d3 ***
[1785312317.090]     *** KERNEL PTR PATTERN: offset=0x61 value=0xffffffffff000000 ***
[1785312317.090]     *** KERNEL PTR PATTERN: offset=0x62 value=0xffffffffffff0000 ***
[1785312317.090]     *** KERNEL PTR PATTERN: offset=0x59 value=0xffffff000000d300 ***
[1785312317.090]     *** KERNEL PTR PATTERN: offset=0x63 value=0xffffffffffffff00 ***
[1785312317.090]     *** KERNEL PTR PATTERN: offset=0x60 value=0xffffffff000000d3 ***
[1785312317.090]     *** KERNEL PTR PATTERN: offset=0x61 value=0xffffffffff000000 ***
[1785312317.090]     *** KERNEL PTR PATTERN: offset=0x62 value=0xffffffffffff0000 ***
[1785312317.090]     *** KERNEL PTR PATTERN: offset=0x59 value=0xffffff000000d300 ***
[1785312317.090]     *** KERNEL PTR PATTERN: offset=0x63 value=0xffffffffffffff00 ***
[1785312317.092]     ZONE FREE-PATTERN at +0x40: 0x7fffffffffffffff
[1785312317.092]   [iter 482] close=0x0 kernPtrs=10 freePatterns=1 changed=0 bytes
[1785312317.092]     *** KERNEL PTR PATTERN: offset=0x60 value=0xffffffff000000d3 ***
[1785312317.092]     *** KERNEL PTR PATTERN: offset=0x61 value=0xffffffffff000000 ***
[1785312317.092]     *** KERNEL PTR PATTERN: offset=0x62 value=0xffffffffffff0000 ***
[1785312317.092]     *** KERNEL PTR PATTERN: offset=0x59 value=0xffffff000000d300 ***
[1785312317.092]     *** KERNEL PTR PATTERN: offset=0x63 value=0xffffffffffffff00 ***
[1785312317.092]     *** KERNEL PTR PATTERN: offset=0x60 value=0xffffffff000000d3 ***
[1785312317.092]     *** KERNEL PTR PATTERN: offset=0x61 value=0xffffffffff000000 ***
[1785312317.092]     *** KERNEL PTR PATTERN: offset=0x62 value=0xffffffffffff0000 ***
[1785312317.092]     *** KERNEL PTR PATTERN: offset=0x59 value=0xffffff000000d300 ***
[1785312317.092]     *** KERNEL PTR PATTERN: offset=0x63 value=0xffffffffffffff00 ***
[1785312317.094]     ZONE FREE-PATTERN at +0x40: 0x7fffffffffffffff
[1785312317.094]   [iter 483] close=0x0 kernPtrs=10 freePatterns=1 changed=0 bytes
[1785312317.094]     *** KERNEL PTR PATTERN: offset=0x60 value=0xffffffff000000d3 ***
[1785312317.094]     *** KERNEL PTR PATTERN: offset=0x61 value=0xffffffffff000000 ***
[1785312317.094]     *** KERNEL PTR PATTERN: offset=0x62 value=0xffffffffffff0000 ***
[1785312317.094]     *** KERNEL PTR PATTERN: offset=0x59 value=0xffffff000000d300 ***
[1785312317.094]     *** KERNEL PTR PATTERN: offset=0x63 value=0xffffffffffffff00 ***
[1785312317.094]     *** KERNEL PTR PATTERN: offset=0x60 value=0xffffffff000000d3 ***
[1785312317.094]     *** KERNEL PTR PATTERN: offset=0x61 value=0xffffffffff000000 ***
[1785312317.094]     *** KERNEL PTR PATTERN: offset=0x62 value=0xffffffffffff0000 ***
[1785312317.094]     *** KERNEL PTR PATTERN: offset=0x59 value=0xffffff000000d300 ***
[1785312317.095]     *** KERNEL PTR PATTERN: offset=0x63 value=0xffffffffffffff00 ***
[1785312317.096]     ZONE FREE-PATTERN at +0x40: 0x7fffffffffffffff
[1785312317.096]   [iter 484] close=0x0 kernPtrs=10 freePatterns=1 changed=0 bytes
[1785312317.096]     *** KERNEL PTR PATTERN: offset=0x60 value=0xffffffff000000d3 ***
[1785312317.096]     *** KERNEL PTR PATTERN: offset=0x61 value=0xffffffffff000000 ***
[1785312317.096]     *** KERNEL PTR PATTERN: offset=0x62 value=0xffffffffffff0000 ***
[1785312317.096]     *** KERNEL PTR PATTERN: offset=0x59 value=0xffffff000000d300 ***
[1785312317.096]     *** KERNEL PTR PATTERN: offset=0x63 value=0xffffffffffffff00 ***
[1785312317.096]     *** KERNEL PTR PATTERN: offset=0x60 value=0xffffffff000000d3 ***
[1785312317.096]     *** KERNEL PTR PATTERN: offset=0x61 value=0xffffffffff000000 ***
[1785312317.096]     *** KERNEL PTR PATTERN: offset=0x62 value=0xffffffffffff0000 ***
[1785312317.096]     *** KERNEL PTR PATTERN: offset=0x59 value=0xffffff000000d300 ***
[1785312317.096]     *** KERNEL PTR PATTERN: offset=0x63 value=0xffffffffffffff00 ***
[1785312317.098]     ZONE FREE-PATTERN at +0x40: 0x7fffffffffffffff
[1785312317.098]   [iter 485] close=0x0 kernPtrs=10 freePatterns=1 changed=0 bytes
[1785312317.098]     *** KERNEL PTR PATTERN: offset=0x60 value=0xffffffff000000d3 ***
[1785312317.098]     *** KERNEL PTR PATTERN: offset=0x61 value=0xffffffffff000000 ***
[1785312317.098]     *** KERNEL PTR PATTERN: offset=0x62 value=0xffffffffffff0000 ***
[1785312317.098]     *** KERNEL PTR PATTERN: offset=0x59 value=0xffffff000000d300 ***
[1785312317.098]     *** KERNEL PTR PATTERN: offset=0x63 value=0xffffffffffffff00 ***
[1785312317.098]     *** KERNEL PTR PATTERN: offset=0x60 value=0xffffffff000000d3 ***
[1785312317.098]     *** KERNEL PTR PATTERN: offset=0x61 value=0xffffffffff000000 ***
[1785312317.098]     *** KERNEL PTR PATTERN: offset=0x62 value=0xffffffffffff0000 ***
[1785312317.098]     *** KERNEL PTR PATTERN: offset=0x59 value=0xffffff000000d300 ***
[1785312317.098]     *** KERNEL PTR PATTERN: offset=0x63 value=0xffffffffffffff00 ***
[1785312317.100]     ZONE FREE-PATTERN at +0x40: 0x7fffffffffffffff
[1785312317.100]   [iter 486] close=0x0 kernPtrs=10 freePatterns=1 changed=0 bytes
[1785312317.100]     *** KERNEL PTR PATTERN: offset=0x60 value=0xffffffff000000d3 ***
[1785312317.100]     *** KERNEL PTR PATTERN: offset=0x61 value=0xffffffffff000000 ***
[1785312317.100]     *** KERNEL PTR PATTERN: offset=0x62 value=0xffffffffffff0000 ***
[1785312317.100]     *** KERNEL PTR PATTERN: offset=0x59 value=0xffffff000000d300 ***
[1785312317.100]     *** KERNEL PTR PATTERN: offset=0x63 value=0xffffffffffffff00 ***
[1785312317.100]     *** KERNEL PTR PATTERN: offset=0x60 value=0xffffffff000000d3 ***
[1785312317.100]     *** KERNEL PTR PATTERN: offset=0x61 value=0xffffffffff000000 ***
[1785312317.100]     *** KERNEL PTR PATTERN: offset=0x62 value=0xffffffffffff0000 ***
[1785312317.100]     *** KERNEL PTR PATTERN: offset=0x59 value=0xffffff000000d300 ***
[1785312317.100]     *** KERNEL PTR PATTERN: offset=0x63 value=0xffffffffffffff00 ***
[1785312317.102]     ZONE FREE-PATTERN at +0x40: 0x7fffffffffffffff
[1785312317.102]   [iter 487] close=0x0 kernPtrs=10 freePatterns=1 changed=0 bytes
[1785312317.102]     *** KERNEL PTR PATTERN: offset=0x60 value=0xffffffff000000d3 ***
[1785312317.102]     *** KERNEL PTR PATTERN: offset=0x61 value=0xffffffffff000000 ***
[1785312317.102]     *** KERNEL PTR PATTERN: offset=0x62 value=0xffffffffffff0000 ***
[1785312317.102]     *** KERNEL PTR PATTERN: offset=0x59 value=0xffffff000000d300 ***
[1785312317.102]     *** KERNEL PTR PATTERN: offset=0x63 value=0xffffffffffffff00 ***
[1785312317.102]     *** KERNEL PTR PATTERN: offset=0x60 value=0xffffffff000000d3 ***
[1785312317.102]     *** KERNEL PTR PATTERN: offset=0x61 value=0xffffffffff000000 ***
[1785312317.102]     *** KERNEL PTR PATTERN: offset=0x62 value=0xffffffffffff0000 ***
[1785312317.102]     *** KERNEL PTR PATTERN: offset=0x59 value=0xffffff000000d300 ***
[1785312317.102]     *** KERNEL PTR PATTERN: offset=0x63 value=0xffffffffffffff00 ***
[1785312317.104]     ZONE FREE-PATTERN at +0x40: 0x7fffffffffffffff
[1785312317.104]   [iter 488] close=0x0 kernPtrs=10 freePatterns=1 changed=0 bytes
[1785312317.104]     *** KERNEL PTR PATTERN: offset=0x60 value=0xffffffff000000d3 ***
[1785312317.104]     *** KERNEL PTR PATTERN: offset=0x61 value=0xffffffffff000000 ***
[1785312317.104]     *** KERNEL PTR PATTERN: offset=0x62 value=0xffffffffffff0000 ***
[1785312317.104]     *** KERNEL PTR PATTERN: offset=0x59 value=0xffffff000000d300 ***
[1785312317.104]     *** KERNEL PTR PATTERN: offset=0x63 value=0xffffffffffffff00 ***
[1785312317.104]     *** KERNEL PTR PATTERN: offset=0x60 value=0xffffffff000000d3 ***
[1785312317.104]     *** KERNEL PTR PATTERN: offset=0x61 value=0xffffffffff000000 ***
[1785312317.104]     *** KERNEL PTR PATTERN: offset=0x62 value=0xffffffffffff0000 ***
[1785312317.104]     *** KERNEL PTR PATTERN: offset=0x59 value=0xffffff000000d300 ***
[1785312317.105]     *** KERNEL PTR PATTERN: offset=0x63 value=0xffffffffffffff00 ***
[1785312317.107]     ZONE FREE-PATTERN at +0x40: 0x7fffffffffffffff
[1785312317.107]   [iter 489] close=0x0 kernPtrs=10 freePatterns=1 changed=0 bytes
[1785312317.108]     *** KERNEL PTR PATTERN: offset=0x60 value=0xffffffff000000d3 ***
[1785312317.108]     *** KERNEL PTR PATTERN: offset=0x61 value=0xffffffffff000000 ***
[1785312317.108]     *** KERNEL PTR PATTERN: offset=0x62 value=0xffffffffffff0000 ***
[1785312317.108]     *** KERNEL PTR PATTERN: offset=0x59 value=0xffffff000000d300 ***
[1785312317.108]     *** KERNEL PTR PATTERN: offset=0x63 value=0xffffffffffffff00 ***
[1785312317.108]     *** KERNEL PTR PATTERN: offset=0x60 value=0xffffffff000000d3 ***
[1785312317.108]     *** KERNEL PTR PATTERN: offset=0x61 value=0xffffffffff000000 ***
[1785312317.108]     *** KERNEL PTR PATTERN: offset=0x62 value=0xffffffffffff0000 ***
[1785312317.108]     *** KERNEL PTR PATTERN: offset=0x59 value=0xffffff000000d300 ***
[1785312317.108]     *** KERNEL PTR PATTERN: offset=0x63 value=0xffffffffffffff00 ***
[1785312317.110]     ZONE FREE-PATTERN at +0x40: 0x7fffffffffffffff
[1785312317.110]   [iter 490] close=0x0 kernPtrs=10 freePatterns=1 changed=0 bytes
[1785312317.110]     *** KERNEL PTR PATTERN: offset=0x60 value=0xffffffff000000d3 ***
[1785312317.110]     *** KERNEL PTR PATTERN: offset=0x61 value=0xffffffffff000000 ***
[1785312317.111]     *** KERNEL PTR PATTERN: offset=0x62 value=0xffffffffffff0000 ***
[1785312317.111]     *** KERNEL PTR PATTERN: offset=0x59 value=0xffffff000000d300 ***
[1785312317.111]     *** KERNEL PTR PATTERN: offset=0x63 value=0xffffffffffffff00 ***
[1785312317.111]     *** KERNEL PTR PATTERN: offset=0x60 value=0xffffffff000000d3 ***
[1785312317.111]     *** KERNEL PTR PATTERN: offset=0x61 value=0xffffffffff000000 ***
[1785312317.111]     *** KERNEL PTR PATTERN: offset=0x62 value=0xffffffffffff0000 ***
[1785312317.111]     *** KERNEL PTR PATTERN: offset=0x59 value=0xffffff000000d300 ***
[1785312317.111]     *** KERNEL PTR PATTERN: offset=0x63 value=0xffffffffffffff00 ***
[1785312317.112]     ZONE FREE-PATTERN at +0x40: 0x7fffffffffffffff
[1785312317.112]   [iter 491] close=0x0 kernPtrs=10 freePatterns=1 changed=0 bytes
[1785312317.112]     *** KERNEL PTR PATTERN: offset=0x60 value=0xffffffff000000d3 ***
[1785312317.112]     *** KERNEL PTR PATTERN: offset=0x61 value=0xffffffffff000000 ***
[1785312317.112]     *** KERNEL PTR PATTERN: offset=0x62 value=0xffffffffffff0000 ***
[1785312317.112]     *** KERNEL PTR PATTERN: offset=0x59 value=0xffffff000000d300 ***
[1785312317.113]     *** KERNEL PTR PATTERN: offset=0x63 value=0xffffffffffffff00 ***
[1785312317.113]     *** KERNEL PTR PATTERN: offset=0x60 value=0xffffffff000000d3 ***
[1785312317.113]     *** KERNEL PTR PATTERN: offset=0x61 value=0xffffffffff000000 ***
[1785312317.113]     *** KERNEL PTR PATTERN: offset=0x62 value=0xffffffffffff0000 ***
[1785312317.113]     *** KERNEL PTR PATTERN: offset=0x59 value=0xffffff000000d300 ***
[1785312317.113]     *** KERNEL PTR PATTERN: offset=0x63 value=0xffffffffffffff00 ***
[1785312317.115]     ZONE FREE-PATTERN at +0x40: 0x7fffffffffffffff
[1785312317.115]   [iter 492] close=0x0 kernPtrs=10 freePatterns=1 changed=0 bytes
[1785312317.115]     *** KERNEL PTR PATTERN: offset=0x60 value=0xffffffff000000d3 ***
[1785312317.115]     *** KERNEL PTR PATTERN: offset=0x61 value=0xffffffffff000000 ***
[1785312317.115]     *** KERNEL PTR PATTERN: offset=0x62 value=0xffffffffffff0000 ***
[1785312317.115]     *** KERNEL PTR PATTERN: offset=0x59 value=0xffffff000000d300 ***
[1785312317.115]     *** KERNEL PTR PATTERN: offset=0x63 value=0xffffffffffffff00 ***
[1785312317.115]     *** KERNEL PTR PATTERN: offset=0x60 value=0xffffffff000000d3 ***
[1785312317.115]     *** KERNEL PTR PATTERN: offset=0x61 value=0xffffffffff000000 ***
[1785312317.115]     *** KERNEL PTR PATTERN: offset=0x62 value=0xffffffffffff0000 ***
[1785312317.115]     *** KERNEL PTR PATTERN: offset=0x59 value=0xffffff000000d300 ***
[1785312317.115]     *** KERNEL PTR PATTERN: offset=0x63 value=0xffffffffffffff00 ***
[1785312317.117]     ZONE FREE-PATTERN at +0x40: 0x7fffffffffffffff
[1785312317.117]   [iter 493] close=0x0 kernPtrs=10 freePatterns=1 changed=0 bytes
[1785312317.117]     *** KERNEL PTR PATTERN: offset=0x60 value=0xffffffff000000d3 ***
[1785312317.117]     *** KERNEL PTR PATTERN: offset=0x61 value=0xffffffffff000000 ***
[1785312317.117]     *** KERNEL PTR PATTERN: offset=0x62 value=0xffffffffffff0000 ***
[1785312317.117]     *** KERNEL PTR PATTERN: offset=0x59 value=0xffffff000000d300 ***
[1785312317.117]     *** KERNEL PTR PATTERN: offset=0x63 value=0xffffffffffffff00 ***
[1785312317.117]     *** KERNEL PTR PATTERN: offset=0x60 value=0xffffffff000000d3 ***
[1785312317.117]     *** KERNEL PTR PATTERN: offset=0x61 value=0xffffffffff000000 ***
[1785312317.117]     *** KERNEL PTR PATTERN: offset=0x62 value=0xffffffffffff0000 ***
[1785312317.117]     *** KERNEL PTR PATTERN: offset=0x59 value=0xffffff000000d300 ***
[1785312317.117]     *** KERNEL PTR PATTERN: offset=0x63 value=0xffffffffffffff00 ***
[1785312317.119]     ZONE FREE-PATTERN at +0x40: 0x7fffffffffffffff
[1785312317.119]   [iter 494] close=0x0 kernPtrs=10 freePatterns=1 changed=0 bytes
[1785312317.119]     *** KERNEL PTR PATTERN: offset=0x60 value=0xffffffff000000d3 ***
[1785312317.119]     *** KERNEL PTR PATTERN: offset=0x61 value=0xffffffffff000000 ***
[1785312317.119]     *** KERNEL PTR PATTERN: offset=0x62 value=0xffffffffffff0000 ***
[1785312317.119]     *** KERNEL PTR PATTERN: offset=0x59 value=0xffffff000000d300 ***
[1785312317.119]     *** KERNEL PTR PATTERN: offset=0x63 value=0xffffffffffffff00 ***
[1785312317.119]     *** KERNEL PTR PATTERN: offset=0x60 value=0xffffffff000000d3 ***
[1785312317.119]     *** KERNEL PTR PATTERN: offset=0x61 value=0xffffffffff000000 ***
[1785312317.119]     *** KERNEL PTR PATTERN: offset=0x62 value=0xffffffffffff0000 ***
[1785312317.119]     *** KERNEL PTR PATTERN: offset=0x59 value=0xffffff000000d300 ***
[1785312317.119]     *** KERNEL PTR PATTERN: offset=0x63 value=0xffffffffffffff00 ***
[1785312317.121]     ZONE FREE-PATTERN at +0x40: 0x7fffffffffffffff
[1785312317.121]   [iter 495] close=0x0 kernPtrs=10 freePatterns=1 changed=0 bytes
[1785312317.121]     *** KERNEL PTR PATTERN: offset=0x60 value=0xffffffff000000d3 ***
[1785312317.121]     *** KERNEL PTR PATTERN: offset=0x61 value=0xffffffffff000000 ***
[1785312317.121]     *** KERNEL PTR PATTERN: offset=0x62 value=0xffffffffffff0000 ***
[1785312317.121]     *** KERNEL PTR PATTERN: offset=0x59 value=0xffffff000000d300 ***
[1785312317.121]     *** KERNEL PTR PATTERN: offset=0x63 value=0xffffffffffffff00 ***
[1785312317.121]     *** KERNEL PTR PATTERN: offset=0x60 value=0xffffffff000000d3 ***
[1785312317.121]     *** KERNEL PTR PATTERN: offset=0x61 value=0xffffffffff000000 ***
[1785312317.121]     *** KERNEL PTR PATTERN: offset=0x62 value=0xffffffffffff0000 ***
[1785312317.121]     *** KERNEL PTR PATTERN: offset=0x59 value=0xffffff000000d300 ***
[1785312317.121]     *** KERNEL PTR PATTERN: offset=0x63 value=0xffffffffffffff00 ***
[1785312317.123]     ZONE FREE-PATTERN at +0x40: 0x7fffffffffffffff
[1785312317.123]   [iter 496] close=0x0 kernPtrs=10 freePatterns=1 changed=0 bytes
[1785312317.123]     *** KERNEL PTR PATTERN: offset=0x60 value=0xffffffff000000d3 ***
[1785312317.123]     *** KERNEL PTR PATTERN: offset=0x61 value=0xffffffffff000000 ***
[1785312317.123]     *** KERNEL PTR PATTERN: offset=0x62 value=0xffffffffffff0000 ***
[1785312317.124]     *** KERNEL PTR PATTERN: offset=0x59 value=0xffffff000000d300 ***
[1785312317.124]     *** KERNEL PTR PATTERN: offset=0x63 value=0xffffffffffffff00 ***
[1785312317.124]     *** KERNEL PTR PATTERN: offset=0x60 value=0xffffffff000000d3 ***
[1785312317.124]     *** KERNEL PTR PATTERN: offset=0x61 value=0xffffffffff000000 ***
[1785312317.124]     *** KERNEL PTR PATTERN: offset=0x62 value=0xffffffffffff0000 ***
[1785312317.124]     *** KERNEL PTR PATTERN: offset=0x59 value=0xffffff000000d300 ***
[1785312317.124]     *** KERNEL PTR PATTERN: offset=0x63 value=0xffffffffffffff00 ***
[1785312317.125]     ZONE FREE-PATTERN at +0x40: 0x7fffffffffffffff
[1785312317.125]   [iter 497] close=0x0 kernPtrs=10 freePatterns=1 changed=0 bytes
[1785312317.125]     *** KERNEL PTR PATTERN: offset=0x60 value=0xffffffff000000d3 ***
[1785312317.126]     *** KERNEL PTR PATTERN: offset=0x61 value=0xffffffffff000000 ***
[1785312317.126]     *** KERNEL PTR PATTERN: offset=0x62 value=0xffffffffffff0000 ***
[1785312317.126]     *** KERNEL PTR PATTERN: offset=0x59 value=0xffffff000000d300 ***
[1785312317.126]     *** KERNEL PTR PATTERN: offset=0x63 value=0xffffffffffffff00 ***
[1785312317.126]     *** KERNEL PTR PATTERN: offset=0x60 value=0xffffffff000000d3 ***
[1785312317.126]     *** KERNEL PTR PATTERN: offset=0x61 value=0xffffffffff000000 ***
[1785312317.126]     *** KERNEL PTR PATTERN: offset=0x62 value=0xffffffffffff0000 ***
[1785312317.126]     *** KERNEL PTR PATTERN: offset=0x59 value=0xffffff000000d300 ***
[1785312317.126]     *** KERNEL PTR PATTERN: offset=0x63 value=0xffffffffffffff00 ***
[1785312317.128]     ZONE FREE-PATTERN at +0x40: 0x7fffffffffffffff
[1785312317.128]   [iter 498] close=0x0 kernPtrs=10 freePatterns=1 changed=0 bytes
[1785312317.128]     *** KERNEL PTR PATTERN: offset=0x60 value=0xffffffff000000d3 ***
[1785312317.128]     *** KERNEL PTR PATTERN: offset=0x61 value=0xffffffffff000000 ***
[1785312317.128]     *** KERNEL PTR PATTERN: offset=0x62 value=0xffffffffffff0000 ***
[1785312317.128]     *** KERNEL PTR PATTERN: offset=0x59 value=0xffffff000000d300 ***
[1785312317.128]     *** KERNEL PTR PATTERN: offset=0x63 value=0xffffffffffffff00 ***
[1785312317.128]     *** KERNEL PTR PATTERN: offset=0x60 value=0xffffffff000000d3 ***
[1785312317.128]     *** KERNEL PTR PATTERN: offset=0x61 value=0xffffffffff000000 ***
[1785312317.128]     *** KERNEL PTR PATTERN: offset=0x62 value=0xffffffffffff0000 ***
[1785312317.128]     *** KERNEL PTR PATTERN: offset=0x59 value=0xffffff000000d300 ***
[1785312317.128]     *** KERNEL PTR PATTERN: offset=0x63 value=0xffffffffffffff00 ***
[1785312317.130]     ZONE FREE-PATTERN at +0x40: 0x7fffffffffffffff
[1785312317.130]   [iter 499] close=0x0 kernPtrs=10 freePatterns=1 changed=0 bytes
[1785312317.130]     *** KERNEL PTR PATTERN: offset=0x60 value=0xffffffff000000d3 ***
[1785312317.130]     *** KERNEL PTR PATTERN: offset=0x61 value=0xffffffffff000000 ***
[1785312317.130]     *** KERNEL PTR PATTERN: offset=0x62 value=0xffffffffffff0000 ***
[1785312317.130]     *** KERNEL PTR PATTERN: offset=0x59 value=0xffffff000000d300 ***
[1785312317.130]     *** KERNEL PTR PATTERN: offset=0x63 value=0xffffffffffffff00 ***
[1785312317.130]     *** KERNEL PTR PATTERN: offset=0x60 value=0xffffffff000000d3 ***
[1785312317.130]     *** KERNEL PTR PATTERN: offset=0x61 value=0xffffffffff000000 ***
[1785312317.130]     *** KERNEL PTR PATTERN: offset=0x62 value=0xffffffffffff0000 ***
[1785312317.130]     *** KERNEL PTR PATTERN: offset=0x59 value=0xffffff000000d300 ***
[1785312317.130]     *** KERNEL PTR PATTERN: offset=0x63 value=0xffffffffffffff00 ***
[1785312317.131]   Read-after-close summary: 500 iterations, 5000 kernel ptrs, 500 free-patterns, 0 buffer-change events
[1785312317.131]   *** FINDING: Kernel pointer patterns found during close teardown window ***
[1785312317.131]   *** FINDING: Zone free-patterns detected in mapped buffer (stale reference indicator) ***
[1785312317.131] ====== Sub-phase E1 Complete ======
[1785312317.131] 
====== Sub-phase E2: Uninitialized Buffer Probe ======
[1785312317.131]   Strategy: Open fresh connection → map buffer → verify zeroed state before any copyEvent
[1785312317.444]   Uninit buffer summary: 200 iterations, 0 non-zero buffers, 0 kernel ptrs, 0 free-patterns
[1785312317.444] ====== Sub-phase E2 Complete ======
[1785312317.444] 
====== Sub-phase E3: Post-Close Remap Boundary Probe ======
[1785312317.444]   Strategy: Open→map→close→remap on stale conn to test boundary enforcement on freed buffer backing
[1785312317.812]   Post-close remap summary: 200 iterations, 0 stale reads, 0 remaps ok, 0 kernel ptrs, 0 free-patterns
[1785312317.812] ====== Sub-phase E3 Complete ======
[1785312317.812] 
--- Lifecycle Test Cleanup ---
[1785312317.812] Lifecycle aux cleanup[1]: unmap=0xe00002cd dealloc=0x0
[1785312317.813] Lifecycle aux cleanup[2]: unmap=0xe00002cd dealloc=0x0
[1785312317.813] Lifecycle aux cleanup[3]: unmap=0xe00002cd dealloc=0x0
[1785312317.813] Lifecycle aux cleanup[4]: unmap=0xe00002cd dealloc=0x0
[1785312317.813] Lifecycle aux cleanup[5]: unmap=0xe00002cd dealloc=0x0
[1785312317.813] Lifecycle aux cleanup[6]: unmap=0xe00002cd dealloc=0x0
[1785312317.813] Lifecycle aux cleanup[7]: unmap=0xe00002cd dealloc=0x0
[1785312317.813] Lifecycle aux cleanup[8]: unmap=0xe00002cd dealloc=0x0
[1785312317.813] Lifecycle aux cleanup[9]: unmap=0xe00002cd dealloc=0x0
[1785312317.813] Lifecycle aux cleanup[10]: unmap=0xe00002cd dealloc=0x0
[1785312317.813] Lifecycle aux cleanup[11]: unmap=0xe00002cd dealloc=0x0
[1785312317.813] Lifecycle aux cleanup[12]: unmap=0xe00002cd dealloc=0x0
[1785312317.813] Lifecycle aux cleanup[13]: unmap=0xe00002cd dealloc=0x0
[1785312317.813] Lifecycle aux cleanup[14]: unmap=0xe00002cd dealloc=0x0
[1785312317.814] 
========== LIFECYCLE BOUNDARY TEST COMPLETE ==========
